:020000041000EA
:1000000000B5324B212058609868022188439860DF
:10001000D860186158612E4B002199600221596106
:100020000121F02299502B49196001219960352056
:1000300000F044F80222904214D00621196600F024
:1000400034F8196E01211966002018661A6600F04E
:100050002CF8196E196E196E052000F02FF8012189
:100060000842F9D1002199601B49196000215960AB
:100070001A491B48016001219960EB211966A021F2
:10008000196600F012F800219960164914480160C1
:100090000121996001BC002800D000471248134993
:1000A000086003C880F30888084703B5996A0420EC
:1000B0000142FBD001200142F8D103BD02B5186610
:1000C0001866FFF7F2FF186E186E02BD00000240BE
:1000D000000000180000070000035F00212200005C
:1000E000F4000018222000A00001001008ED00E03C
:1000F00000000000000000000000000074B24E7A12
:1001000000200420F7010010C3010010C5010010F9
:10011000C1010010C1010010C1010010C101001097
:10012000C1010010C1010010C1010010C701001081
:10013000C1010010C1010010C9010010CB01001065
:10014000CD010010CD010010CD010010CD01001037
:10015000CD010010CD010010CD010010CD01001027
:10016000CD010010CD010010CD010010CD01001017
:10017000CD010010CD010010CD010010CD01001007
:10018000CD010010CD010010CD010010CD010010F7
:10019000CD010010CD010010CD010010CD010010E7
:1001A000CD010010CD010010CD010010CD010010D7
:1001B000CD010010CD010010CD010010CD010010C7
:1001C00000BE00BE00BE00BE00BE00BEEFF3058054
:1001D000103800BEF2EB887190A40110B0A4011099
:1001E0003802001090A31AE71E481F49086006C88D
:1001F00081F3088810471D480068002801D019487D
:10020000F3E70DA40ECC002902D000F012F8F9E7B4
:100210001749184A002000E001C19142FCD116495B
:100220008847164988471649884700BEFDE701C937
:1002300001C29A42FBD37047B0A40110C000002055
:10024000D41E0020C4C201100000042000000420BD
:10025000C4C201100010042000100420000000009F
:10026000704700000000000008ED00E0000000D032
:10027000D41E00203C7B0020F5530010790C0010A8
:10028000ED530010F8B5C0460448054B10B5834245
:1002900003D0044B002B00D0984710BDD41E002083
:1002A000D41E00200000000006480749091A8B10E0
:1002B000C90FC91810B5491003D0044B002B00D04A
:1002C000984710BDD41E0020D41E0020000000005E
:1002D00010B5074C2378002B09D1FFF7D5FF054B4C
:1002E000002B02D0044800E000BF0123237010BDA2
:1002F0008869002000000000748C0110054B10B5C7
:10030000002B03D00449054800E000BFFFF7CCFFF5
:1003100010BDC046000000008C690020748C0110E4
:1003200070B50C0001F0C8FC00230B4A06000D005C
:1003300002F03EF8002320606160074A3000290087
:1003400002F036F8100053019B1A9A001218D200DE
:100350000020A26070BDC04640420F0010B5054CA1
:100360002378002B01D1012010BD05F043F90023B3
:100370002370F8E7C00F002001207047F0B5C64693
:100380000F001600984600B5002A0ED0002402E0A7
:100390000134A64209D03D5D280005F07BF9854275
:1003A000F6D00123424626001370300080BCB846C8
:1003B000F0BDC046F0B5C64600B517001C00884623
:1003C00001F07AFC02000B00002F23D06101091B11
:1003D00089000919C9000C00CD17A4185D41002639
:1003E00008E005F00BF9831C0DD043469855013603
:1003F000B7420BD001F060FC22002B00121A8B4197
:100400001000002BEDDA0123069A1370300080BC37
:10041000B846F0BD0026F9E7F0B5C64600B58046FF
:100420008CB0100019006C4A6C4B02F0FAF96A4A61
:1004300004000D0012981399684B02F0F2F9664A15
:1004400006000F0014981599644B02F0EAF9002297
:1004500000900191624B2000290002F0C4F90022B3
:10046000604B02F0DEF904000D0002F0BFFA0490C8
:1004700005912000290002F0CFFA00220690079192
:10048000574B3000390002F0AEF90022554B02F014
:10049000C8F904000D0002F0A9FA06000F002000C0
:1004A000290002F0B9FA00220890099100980199F8
:1004B0004B4B02F098F900224A4B02F0B2F90400CB
:1004C0000D0002F093FA009001912000290002F043
:1004D000A3FA32003B00029003910498059902F0C0
:1004E000A0F9089A099B04000D000698079902F0EC
:1004F00098F932003B000A900B910698079902F098
:1005000090F9089A099B069007910498059902F0C2
:1005100088F9009A019B06000F002000290002F0D4
:1005200080F9029A039B049005910A980B9902F0B6
:1005300078F902000B000498059902F04BF9434644
:1005400018605960029A039B2000290002F069F9A3
:10055000009A019B04000D000A980B9902F061F9C2
:1005600002000B002000290002F02BF9434698609E
:10057000D960029A039B0698079902F052F9009AF3
:10058000019B04000D003000390002F04AF902001E
:100590000B002000290002F01DF943461861596143
:1005A000009A019B0698079902F03BF9029A039B77
:1005B00004000D003000390002F033F902000B0096
:1005C0002000290002F0FDF843469861D9614046B9
:1005D0000CB080BCB846F0BD182D4454FB21094036
:1005E000008066400000E03F30B587B06A461C4B93
:1005F000938201F061FB00231A4A801859410029B7
:1006000026DB0025184C05AA0223029003910095D1
:100610006821200007F052FE642001F089FA6B4641
:100620005D7501F049FB00230E4A801859410029ED
:1006300012DB00230290039100936821023305AA84
:10064000200007F03BFE0A2001F072FA07B030BD2F
:10065000012006494042D4E7012004494042E8E72E
:100660006B80FFFF1027000084100020FFFFFF7F3A
:10067000F0B54E46DE46574645460023E0B597B0F6
:100680000EAE0E9308AAB3803B33D375814601F0BA
:1006900013FB0023F44A80185941002900DA2EE2A6
:1006A0000290039108A901238C461722EF4C009376
:1006B00062446821200007F001FE01F0FDFA0023EA
:1006C000E94A80185941002900DA2CE200230290FF
:1006D00003913200682100932000063307F012FED8
:1006E000738808AADBBA069343233788D375B58885
:1006F00001F0E2FA0023DC4AFFBA80185941EDBA52
:10070000002900DA0BE20290039108A901238C462C
:100710001722009362446821200007F0CFFD01F00A
:10072000CBFA0023D04A80185941002900DAF2E1BF
:1007300000230290039132006821009320000633C9
:1007400007F0E0FD338808AADBBA98467388DBBA65
:100750000493B388DBBA9A464123D37501F0ACFA0F
:100760000023C14A80185941002900DACFE10290E4
:10077000039108A901238C46172200936244682143
:10078000200007F09BFD01F097FA0023B64A80187D
:100790005941002900DAB6E10023320002900391AA
:1007A000009368210233200007F0ACFD380003F00D
:1007B00073F9E221890503F062F9AD4903F05FF9AD
:1007C0008346069803F068F9E221890503F057F99A
:1007D000A74903F054F90690280003F05DF9E221DF
:1007E000890503F04CF9A24903F049F9041C40467D
:1007F00003F052F99F4903F02EF99F4903F03FF9A6
:100800008046049803F048F99A4903F024F99A497C
:1008100003F035F9071C0B90504603F03DF995495C
:1008200003F019F9944903F02AF94D4682464046EF
:1008300003F08CF9803528606960381C03F086F974
:10084000A860E960504603F081F928616961584663
:1008500003F07CF928666966069803F077F94B4641
:10086000E8330890099118605960201C03F06EF974
:100870002867696701F020FA002900D136E1FA22E1
:100880000023920001F094FD0500FA212800890060
:1008900001F050FD4A01521A93019A1A4B46D200B8
:1008A000511889015960280002F026F8734B002284
:1008B00001F099FF02F03CF84B46714F1860386820
:1008C000002800D118E1281A03F0E0F86D4903F080
:1008D000C2F804903D60211C201C03F0D0F859465A
:1008E000071C584603F0CBF8391C03F0B1F803F0AD
:1008F0002DF902F065F802000B000898099901F043
:1009000072FF02F0FBF80D0006990400081C03F0CA
:10091000B6F8391C03F09CF803F018F902F050F80F
:1009200080231B065B4406900791180003F00EF924
:10093000069A079B01F057FF02F0E0F80690079136
:100940004046514903F09BF8504903F084F84E4962
:1009500080460B9803F093F84C4903F07CF84A4921
:10096000071C504603F08BF8484903F074F84849D7
:100970008246404603F06CF8049903F080F8454B3A
:100980009B46196803F064F85B468046186042494C
:10099000381C03F05DF8049903F071F83F4B9B4657
:1009A000196803F055F85B46FA211860071C8905A1
:1009B000504603F04DF8049903F061F8384B9A461D
:1009C000196803F045F85346186003F0BFF8002299
:1009D00004900591334B2000290001F022FFC02232
:1009E000314BD20501F0FFFE8022304B920501F021
:1009F000E8FE01F0D9FF2E4903F041F82D49041C0F
:100A0000404603F03CF8011C201C03F021F803F0E1
:100A10009DF800220290039106980799214B01F05E
:100A200000FFC022204BD20501F0DDFE8022224BC8
:100A3000920501F0CFFE01F0B7FF1D4903F01FF84A
:100A40001C49041C381C03F01AF8011C201C02F07D
:100A5000FFFF03F07BF8049A059B009001913000A2
:100A6000FFF7DAFC2AE0C0461027000084100020BF
:100A70000AE81C410000034335FA8E3C00408F40D9
:100A80009079002000007A4400003443DB0F494095
:100A90000AD7A33C28750020D57879402C75002012
:100AA000287B002000806640FB2109405C8FE23FEC
:100AB0000AD7233D8FC2753FAE47F93FB368F4684C
:100AC0004A469361D4613369746913625462B369AD
:100AD000F4699362D4620E9B0F9C1363546317B046
:100AE000F0BCBB46B246A946A046F0BDFA2189003B
:100AF00001F020FC0500C8E600230493EAE601208B
:100B00000B494042CCE501200949404244E601201E
:100B1000074940422BE601200549404208E60120F2
:100B200003494042EFE5012001494042CEE5C0467D
:100B3000FFFFFF7F10B5054C2000FFF799FD002255
:100B40002100034807F0CCFC10BDC04640660020E1
:100B50003479002010B5194C84B01949200007F0F1
:100B600083FB0321022000F053F90321032000F04E
:100B70004FF900220121022000F064F90022012136
:100B8000032000F05FF9FA20800000F0D1FF01F0AF
:100B900093F800230A4A8018594100290ADB0123EF
:100BA00002900391552228212000009307F086FB34
:100BB00004B010BD012003494042F0E78C10002032
:100BC000A0860100FFFFFF7F30B587B001F074F809
:100BD00000231C4A80185941002929DB01231A4DA2
:100BE00004220290039100932821280007F066FB5D
:100BF000002305AC238001F05FF80023114A801820
:100C00005941002918DB0023029003910093220030
:100C100028212800023307F075FB002810DBFC2395
:100C200020789B01000218406378184307B030BD5C
:100C3000012006494042D1E7012004494042E2E751
:100C40000348F3E7A08601008C100020FFFFFF7F20
:100C500052F7FFFF10B5FFF7B7FF02F01DFF044C7E
:100C6000002220602100034807F03AFC10BDC04676
:100C70005479002094790020F0B5C64600B588B0BC
:100C800004F0B8FC494B00210193494B012000932B
:100C9000484A494B08F006FCFA207821800008F009
:100CA0001BFC002800D07CE0444D02AC200008F082
:100CB00057FB2B0007CC07C306CC06C30022404ECF
:100CC0002B001100300008F053FA3E4F33003E4A2B
:100CD0003E49380008F096FA09F0BAFB39000200E4
:100CE0003B4B3C4808F0C8FA3B4B310098463B4B25
:100CF0003B4A00934046002308F0F2FA394C2B009F
:100D000004223100200007F06FFF4146200007F069
:100D1000CBFF3549354807F0A7FA0321042000F03E
:100D200077F80321052000F073F800220121042048
:100D300000F088F800220121052000F083F8FFF779
:100D400009FFFFF751FCFA207821800008F0C4FB6E
:100D5000051E05D00120404208B080BCB846F0BD59
:100D600009F0FCF939000200214B224808F084FA0E
:100D7000214F224B224A310000933800002308F013
:100D8000AFFA3900200007F08FFFA02229001D488C
:100D9000520002F095FF002320001B4A08F0B0F932
:100DA000F9E71A4804F0C2FCD4E7C046B5030010C6
:100DB0007D0300105D03001079030010786F0020A0
:100DC0001C7A002060790020E0A20110948C0110B0
:100DD000A08C011094790020507A0020550C00104E
:100DE000005ED0B2A8650020801A060084100020A2
:100DF000AC8C01103479002038790020350B0010BC
:100E0000809698004066002000E1F505788C01107E
:100E100010B54024084A83009A181268C000544054
:100E2000C0222240054CA44663441A60044B9C46F1
:100E30006044416010BDC04604C0014004D0014080
:100E4000004001400B4B80009C46604400290ED1BD
:100E500000230431002A00D11900802203685201C6
:100E6000594094460C2360440B40036070470C21AA
:100E70000823EFE704C001408023DB051868000F5A
:100E80007047C0460FB400B5084883B004F04EFC6C
:100E9000049B002B07D005A91800019104F03CFA2F
:100EA000034804F043FC012004F04EFAB88C011012
:100EB00084A3011070B5EFF3108C72B60D4D2B6842
:100EC000002BFCD0BFF35F8F0724CB08C618C05C93
:100ED00001230C40A3401C000440034207D10343FC
:100EE0003370BFF35F8F2C608CF3108870BD1000DF
:100EF000FFF7C8FF2C0100D0F8B54746CE4688461C
:100F000080B5EFF3108C72B6214D2C68002CFCD00C
:100F1000BFF35F8F9A422CD8D4080727055D0619C6
:100F200001241740BC402C421FD0072101278946CD
:100F300009E0D408055D06194C4639001440A1406B
:100F40000C00294211D001329342F2D201204042DA
:100F5000BFF35F8F00220E4B1A608CF310880028BD
:100F60000FDBC0BCB946B046F8BD2C43100034704E
:100F7000EEE7BFF35F8F00232B608CF31088012016
:100F800040424346002BECD00898FFF77BFFC04659
:100F90002C0100D0044A1078431CDBB2172B00D977
:100FA000102313707047C046C10F002000B5054BD9
:100FB00083B00100009318221F230348FFF79CFF12
:100FC00003B000BDC88C0110947000200021044BB8
:100FD000044ABFF35F8F02C39342FAD17047C04601
:100FE000000100D0800100D0054B064A1360064A7C
:100FF000136053609360D3601361536193617047D2
:101000008080808000E400E004E400E01F231840BA
:101010001E3B8340002905D0C021044A490053509B
:1010200013607047802201498B50FAE700E100E02D
:1010300001228240034B1B6813405A1E9341D8B2D1
:101040007047C04600E100E001238340014A13607D
:101050007047C04600E200E0064B10309B688000FD
:10106000C358054A00209B1A2F229A424041C0B221
:101070007047C04600ED00E0C40F002070B50D00C1
:10108000EFF3108672B60F4A1368002BFCD0BFF343
:101090005F8F0D4B10309B6884001B590B4A9342A5
:1010A00003D09D4201D001F03FF8074B9B681D51D2
:1010B000BFF35F8FBFF35F8F0022024B1A6086F38E
:1010C000108870BD240100D000ED00E0CD010010BB
:1010D000F0B557464E46DE464546E0B585B00600BB
:1010E00002911700EFF3108B72B6674A1368002B5A
:1010F000FCD0BFF35F8F0025644B5D579A46002DEF
:1011000000DAA4E06B00624C03935B199B009846E5
:10111000A146C1444B4652469B79103613705D4B35
:10112000B2009B68019299580B1B2F2B34D95A4B54
:10113000994200D0A4E0039B584A9C46584B654412
:10114000AD006353434602336519E418554B012142
:10115000043B1B1B1B055B0D13436B80524BEF7154
:10116000AB80FF23AB71029BAB604B460B43190076
:10117000484B019A9B689950BFF35F8FBFF35F8F15
:101180000022414B1A608BF3108805B0F0BCBB46BF
:10119000B246A946A046F0BD01200A008243D37999
:1011A000BB422FD845464E46130040491B1B5B41AE
:1011B0005943090D3A4B63533A4B02356519043BC9
:1011C0005B1B1B05354D5B0D2B4373800426B4461A
:1011D000E0444444131F1B1B4C46A17102991B059C
:1011E000A16049465B0D2B43A380314BE77101435E
:1011F0001360BDE75800C01880002018C679BE42B1
:101200002BD902000623D356002BF3DA101D824699
:101210002848804604267642B446E14450464E466D
:10122000361A3005400D824656461C4895710643D5
:101230009680039A944665441D4AAD006419226065
:101240004246A371029BA280E771A36090E700F081
:101250006BFF002553465D5754E7101D824690886A
:101260004005001584464046D444664604302018A4
:10127000301AE0260005400D360230438046C9E7AB
:1012800000F052FF57E7C046240100D0377B002012
:10129000C40F002000ED00E0CD01001000E0FFFFD2
:1012A00000A1FFFFF40F002001BDFFFFAAAA00006C
:1012B0000148804701BD000070B501240443EFF3ED
:1012C0000581EFF3108C72B6214A1368002BFCD015
:1012D000BFF35F8F1F4B05001F4AED1A6D416A4334
:1012E000120D1E4D8900AE6852B27658A6421CD02F
:1012F0000621595691421CD012215956914222D0B2
:101300001E215956914220D02A2159560324914238
:1013100010D0134B19781A708171BFF35F8F0022C0
:101320000B4B1A608CF3108870BDAB680D4C5C5091
:10133000EFE700246100091989005B18FF2199710A
:1013400009499980E5E70124F4E70224F2E7C04661
:10135000240100D0C40F0020AAAA000000ED00E084
:10136000377B0020CD01001001BDFFFF00B5074B0A
:1013700083B001000093002205230548FFF7BCFD60
:10138000002801DB1F23181A03B000BDE48C0110F4
:101390003B7B0020024B9C46614489000160704702
:1013A00040000034F8B5134D134E2C00FF27B54212
:1013B0001ED22368002B0FD0FFF7ECFD01002800A0
:1013C000FFF7E8FFA780BFF35F8F0834B4420FD266
:1013D00023682500002BEFD1FFF7DCFD010028007A
:1013E000FFF7D8FF2771BFF35F8F0834B442EFD304
:1013F000F8BDC046CC1E0020D41E002010B504004D
:10140000FFF7C8FD01002000FFF7C4FFFF23237191
:10141000BFF35F8F10BDC04610B504000120FFF779
:10142000C5FD044B9C46604480002060BFF35F8F85
:1014300010BDC04640000034034B9C466144890007
:101440000160BFF35F8F7047400000340A4B19689A
:10145000EFF3108072B60A68002AFCD0BFF35F8FEA
:101460001B68BFF35F8F00221A6080F3108840BFB3
:10147000002000217047C046F0790020F0B5DE461C
:1014800057464E464546E0B585B0EFF30582032347
:1014900013409A0011000392B64A52589046012216
:1014A0009A409146B44B1A604B46B4484363434656
:1014B00008229B5E9A46002B3DDA43469B881BB26E
:1014C000002B00DBA1E043469B79002B00D0F3E02A
:1014D000434608241C5F002C23DB4246526963000C
:1014E00094461B19DB0063449C68DD68631C00D1D3
:1014F0000FE1A248039984466144826A0B69A61AE7
:101500009B1A9E4215D34A46036A1A4211D09B4841
:1015100000F0CAFB241A8D41002D02DCC4D1002C3E
:10152000C2D040BF05B0F0BCBB46B246A946A046FB
:10153000F0BD0C61EBE7424652695B0093465344B1
:10154000DB009B445B469E68DF6800F0ADFB801BC0
:10155000B9410029B1DB002F00DAE5E05B46884A9B
:101560001B69934200D1D8E041465A460820085EE4
:101570005288000410435A465169984704000D00F0
:1015800023002B4300D1CFE0002D00DBE8E0361B29
:10159000AF4134003D005B469C60DD600021595E38
:1015A000002900DA89E743465B6922009C462B004C
:1015B00048004018C00060448668C768921BBB4161
:1015C000002B00DA79E74346664602000094019555
:1015D00019810CE07B00DB19DB00F31800980199FE
:1015E0009C68DD68001BA941002904DB1A00002368
:1015F000D75E002FEEDA5B461F80534613804346CA
:101600009B881BB2002B00DA5DE743461A69EFF3B3
:10161000108172B61368002BFCD0BFF35F8F434676
:101620009B8842461BB29A4601235B429380136912
:10163000BFF35F8F00221A6081F310885346002B9E
:1016400000DA40E743465B699C46082343449B46D7
:1016500053465F0043465744FF0008229A5E6744A2
:101660005E46BC68FD68002A19DB3B0000940195CA
:1016700067469C4604E01E000023F25E002A0BDB56
:101680000098019953009B18DB00FB189C68DD68EB
:10169000001BA9410029EEDA6346BC461F005346F1
:1016A000338000217B5E3A809A46002BD0DA434695
:1016B0009B79002B00D10BE70023424693714346F0
:1016C00046460821595E08364B1C00D129E747469B
:1016D0008C46556902E006004B1C17D04B005B1886
:1016E000DB00E8180A00E95E43881BB2002BF2DA3F
:1016F00001235B42DC178360C4606245ECD031801B
:101700003B89944603803A814B1CE7D1B846644636
:10171000E1E66B1C00D0ECE6F9E65B465C69200074
:1017200023699847002821D15B4642461B881381D4
:101730001269EFF3108372B611680029FCD0BFF371
:101740005F8F4246594652880A8042465146518030
:101750001269BFF35F8F0021116083F31088ACE63C
:10176000064800F0A1FA24184D4114E76568246882
:1017700006E7C046807900203C70054000400540E7
:101780007D14001070B52E4C2569002D04D00A215F
:101790002C48FFF7FFFD70BD2B4E0321300000F0F9
:1017A00079FAE660FFF7F6FB284B03229C46D0232C
:1017B00022701B061B6801216370254B6044A360E7
:1017C0000F23800020610220638063694942A18069
:1017D00019800231198647311D83585218315A52E7
:1017E00075325C39995218320131995218320131EF
:1017F0009952183201319952083518329D520231EE
:1018000018329952183201319952183201319952D5
:10181000183201319952183201319952183201317E
:1018200099520C4B0C49DC6001303562FFF726FC05
:1018300001210320FFF7EAFB084B1D60A7E7C04624
:101840000C100020F07900200040054040000034DA
:10185000FFFF1000807900207D14001038600540E3
:10186000004870470C100020F8B51F0008AB1B782B
:1018700004001600002B07D100F01EFA32003B00D6
:10188000121A8B41002B4CDB2269EFF3108072B6E9
:101890001368002BFCD0BFF35F8F62690223E15E07
:1018A00094464B005B18DB006344002901DB1A8877
:1018B00062802269BFF35F8F0025156080F3108876
:1018C000002930DB069A9E60DF601A61079A5A6130
:1018D0005A8801325204520C161C002A1FD0B0B292
:1018E0000A045E8010432669EFF3108572B63268F1
:1018F000002AFCD0BFF35F8FA2881A80A1802369E1
:10190000BFF35F8F00221A6085F3108807492378A0
:101910008C4601329A40E36863441A60F8BD0126A0
:10192000DDE70020FAE701204042F7E73C20000015
:1019300070B5C646010000B50469EFF3108C72B6AD
:1019400020680028FCD0BFF35F8F02200D5E48693D
:101950006C0080466419E4004444002D01DB2088BB
:1019600048800869BFF35F8F002606608CF31088FB
:10197000002D30DBE36063880598013320615B0450
:1019800006985B0CA26060611A1C002B21D090B2FB
:101990002B04628018430A69EFF3108672B613684D
:1019A000002BFCD0BFF35F8F8B8823808D800B6969
:1019B000BFF35F8F00221A6086F310880B78013224
:1019C0009A40CB6805498C4663441A6040BCB046D7
:1019D00070BD0122DBE701204042F7E73C20000018
:1019E00010B543890A14934233DD53009B184269B2
:1019F000DB00944604696344EFF3108C72B62268EE
:101A0000002AFCD0BFF35F8F5A88090494B2090CF6
:101A10008A4208D00369BFF35F8F00221A608CF3FB
:101A20001088002010BD8022120214435C80012324
:101A300002698371BFF35F8F002111608CF31088FE
:101A4000054902788C469340C268012062441360C5
:101A5000E8E70020E6E7C0463C20000040787047F9
:101A6000F0B504000D0006267642F717C646361973
:101A70006F4100B582B08F4214D811D000F01CF92C
:101A800032003B00121A8B41002B15DC002B44D096
:101A90002000290000F044F902B080BCB846F0BD37
:101AA0008642EBD90026002700F006F932003B0001
:101AB000121A8B41002BE9DD00F0FEF832003B00EA
:101AC000121A8B41002B0ADB00230193144B3200C6
:101AD000009314483B00FFF72BFF0028D8DBB046EB
:101AE0000026BC46104A114F7B6A9C4504D8B96A4F
:101AF0008845CDD99C45CBD11168EFF3108072B6E3
:101B00000B68002BFCD0BFF35F8F1368BFF35F8FB0
:101B10001E6080F3108820BFE6E7002AB8D0CBE72C
:101B20004D1400100C100020F079002000400540FA
:101B300070B5060000F0C0F8FA2204000D00002382
:101B400030000021920001F063FF00196941002973
:101B500002DBFFF785FF70BD012001494042F8E735
:101B6000FFFFFF7FF0B5CE46474680B504000D006D
:101B700083B0EFF30587002F0DD0364A0020536A5B
:101B80008B4203D3926A0130A24250D303B0C0BC4F
:101B9000B946B046F0BD304B9846DB68994643469F
:101BA00048461E7800F080F80B00494602000436D3
:101BB000B600715820008E1A2900801A99418F4270
:101BC00011DC0ED020BF234A0020536AAB42DDD384
:101BD000926A0130A242D9D2E81A421E9041C0B2A4
:101BE000D4E78642EED900F067F822002B00121AE3
:101BF0008B41002B20DB00230193184B2200009324
:101C000040462B00FFF794FE011E15DD114B2E0000
:101C10005A6A95421CD89B6AA34217D34046FFF7E5
:101C2000DFFE0C4A0020536A9E42AFD8D0E7581A14
:101C3000421E9041C0B2A9E7064A0020536AAB4257
:101C4000A4D3926A0120A242A0D2C5E79542E5D171
:101C500020BFE3E7004005400C1000204D140010A9
:101C6000084A4368516A10B5046800208B4203D8C3
:101C7000926A0130A24200D310BD5B1A5A1E9341F2
:101C8000D8B2F9E700400540026043600048704761
:101C9000611C001010B5024A0248FFF70BF910BD95
:101CA000088D0110987000200300416A0A00986AAC
:101CB000596A8A42FAD17047034B596A0A00986AF6
:101CC000596A9142FAD170470040054070B504004E
:101CD0000D00124A536A1900966A536A8B42FAD170
:101CE0003000190024184D41AB4211D80ED02B0002
:101CF0000A494A6A9A42FCD307D1084A02E0516A6B
:101D0000994202D1916AA142F9D370BDA642EED99F
:101D1000012301246442E5175B42E9E700400540E6
:101D2000064A536A9942FCD807D1044B02E05A6A2A
:101D3000914202D19A6A8242F9D37047004005402D
:101D4000F8B5DE464E4657464546E0B58B4605009B
:101D50000A991800160000F0EDFA0A9B6C001F02A9
:101D6000324B64199C46A4006444636881469F42D8
:101D700000D967602B1FDBB29846012B30D9C023F6
:101D800080229B01E31812011A60294BAD005959BA
:101D90009A4600291BD1226876017240E0268023F2
:101DA000164042465B01E3181E60012A30D98023A9
:101DB00080229B01E31812011A6053464A4667606D
:101DC0005A51F0BCBB46B246A946A046F8BD586978
:101DD00000F0B0FA431C5800C0180338FDD2DAE70F
:101DE0005B46012BCBD1C02303229B01E3181A6071
:101DF000023AA3681A42FCD0E023226876015640DA
:101E00001E4080230A4A5B019246E3181E60AD0023
:101E10005A462168514003220A401A6001225B465B
:101E20009A40A3681A42FCD0C1E7C0460080004037
:101E3000AC700020F0B546464F46D646C0B51F00F0
:101E4000344B44009C462418A400644463688846CC
:101E50001600FF2B02D880235B006360031FDBB2F8
:101E60009A46012B30D9C02380229B01E31812012E
:101E70001A60294B85005959994600291BD12268BF
:101E800076017240E0268023164052465B01E3183B
:101E90001E60012A30D9802380229B01E3181201A1
:101EA0001A6080235B0063604B465F51E0BCBA461A
:101EB000B146A846F0BD586900F03CFA431C5800F2
:101EC000C0180338FDD2DAE74346012BCBD1C0233B
:101ED00003229B01E3181A60023AA3681A42FCD05D
:101EE000E0232268760156401E4080230A4A5B01A7
:101EF0009146E3181E608500424621685140032246
:101F00000A401A60012342469340A2681342FCD063
:101F1000C1E7C04600800040AC700020014B80004B
:101F2000C0587047AC700020F8B5040020481D0070
:101F300017000E0000F0FEF90100380000F0FAF979
:101F4000069B29041B0319432368002B1EDB194B36
:101F5000194DE21853425A4180235B019C461203FB
:101F6000164B62441A60164B1A6017002B689F4389
:101F7000FBD1144B2660E2182123A0601360236874
:101F8000002BFCDA0823E1601360F8BD3F232268D0
:101F90001340B342DBD1A3681B051B0D8342D6D18E
:101FA000EE22E368D20213408B42D0D1EDE7C04667
:101FB000001BB7000040FDBF08C0004000E000402B
:101FC00000F000400430000010B5140080221B4BCC
:101FD000D2051A6000281AD00123194A1843194B58
:101FE000DA61194A42401A62596298628022134BA0
:101FF000D2051A601549164A1160E022D2041A600F
:10200000002C07D18022134B12061A6010BD0D4B15
:10201000D861EBE763011B1B9A00802312191201A0
:102020005B049A4200D30C4A0C4B1A60054B5A6071
:102030008022084BD2051A60E8E7C04600B0054090
:10204000D3C007B0008005402D3FF84FFCFF0100D2
:102050000820014000A00540FFFFFF00507900204C
:102060008023024A9B000B43D362704700800540E7
:10207000142310B50100188804331B88984710BD3D
:10208000162310B50100188802331B88984710BD2D
:10209000F8B54746CE4680B50F1E19D01423994691
:1020A000043304000025012698464B461888434611
:1020B00021681B88984701C4431E9841013540425E
:1020C0000640AF42F1D13000C0BCB946B046F8BDC1
:1020D0000126F8E7142370B50400188804331B8820
:1020E0000D000549984703000020002C01DB01305A
:1020F000A04029009847C04655420000AA23064A3E
:102100001B0113608D235B00D3600449044B1960ED
:102110005368002BFCDA70470040024000B0FA0020
:10212000006002407047C04610B50148FEF7AAFEA5
:102130002C8D011070B5074D074EB54209D2002411
:10214000013E761BB60808CD984723000134B34200
:10215000F9D170BD288C0110648C0110054B064A22
:1021600006491A60064A074B1A6010000B6898432C
:10217000FBD1704700E00040BFCDFBFE08C000402F
:10218000FE7F3C0000F00040044BDB6C002B03D1D1
:102190008022034BD2021A607047C04600001150E3
:1021A0004C201150044A054B1A60054A1368DB01A4
:1021B0008033FBD17047C046FFFFFF0100F00040B5
:1021C00008C000404022034B9A675A671A67DA66D4
:1021D0007047C04600F0014010B5FEF7F7FE10BD95
:1021E00070B5044D044C2800C022A16801F06EFDBA
:1021F000A56070BD0000002000ED00E0002310B5D8
:10220000294C82B0A367FFF779FF0122274B1A60A0
:10221000636C012BFCD10322254B1A60224A936B7D
:10222000012BFCD1013300930121224A22480433BF
:10223000FFF77AFE052301210093204A2048FFF78B
:1022400073FE0022022104201E4BFFF7F3FD002243
:10225000012105201C4BFFF7EDFD00220021072086
:102260001A4BFFF7E7FD002200210820174BFFF76C
:10227000E1FD8023DB000093002200210920134BA5
:10228000FFF75EFD0022104B00210620FFF7D2FD74
:102290000420FFF743FE0E4900F04CF80100002037
:1022A000FFF7DEFE02B010BD008000403CB00040F1
:1022B00030B00040002F685900800240008C8647F3
:1022C00000C00240001BB70040597307006CDC02DD
:1022D00040420F0001480421014B184730100020F4
:1022E00091200010124A936F9B0815D29066D16618
:1022F000002905D0FFE7FFE7FFE7516F106F704738
:1023000004B580210906C2175140002800D0C843F7
:1023100016F03AFC002104BDF0B5146E556E576FEF
:10232000166FFFF7E3FF1466556657671667F0BD33
:10233000000000D0114A936F9B0813D210665166BB
:10234000002905D0FFE7FFE7FFE7516F106F7047E7
:1023500004B5002801D00020C04316F015FC002170
:1023600004BDC046F0B5146E556E576F166FFFF77B
:10237000E5FF1466556657671667F0BD000000D08C
:1023800094464A4A926F9208624601D228E0C046BB
:10239000F0B5464E346E756E776F366F00F020F8EC
:1023A0009446424A14665566576716676246F0BD02
:1023B00094463E4A926F9208624601D254E0C0466B
:1023C000F0B53A4E346E756E776F366F00F04CF89C
:1023D0009446364A14665566576716676246F0BDDE
:1023E000002B24DB11D000293EDA00B5C94340425E
:1023F00000D1013100F038F8C943404200D1013129
:10240000DB43524200D1013300BD002AEBD100284A
:1024100001D1002905D00020C90FC90701D1C0434F
:10242000410800B516F0A8FB0022002300BD00B54E
:1024300000290ADBDB43524200D1013300F014F8DB
:10244000C943404200D1013100BDC943404200D1DF
:102450000131DB43524200D1013300F005F8DB4388
:10246000524200D1013300BD002923D1002B18D1E5
:10247000002A0CD0BC460D4F38667A660021002336
:10248000FFE7FFE7FFE77A6F386F6746704700287E
:1024900001D00748010000B516F06EFB00220023B2
:1024A00000BD02000B00002000217047000000D09A
:1024B000FFFFFFFF002B00D0BFE0130C28D1002A44
:1024C000E7D080B4114F39667A66FFE7FFE730B492
:1024D000040C7B6F396F1B0423433B667A66FFE76E
:1024E000FFE7FFE7C04684B27B6F3D6F1B042343C9
:1024F0003B667A66FFE7FFE7C04600232C042D0CFD
:102500007A6F386F00196941B0BC7047000000D085
:10251000F0B594460025140E01D112020835140FAF
:1025200001D112010435940F01D192000235D40F6C
:1025300001D152000135D40B0134254F7C66254C66
:102540003C660E0C93B2FFE7FFE7FFE73C6F664384
:10255000360C7703BE467343DF0B5B04C01AB941E8
:10256000130C7343DB18C91ACE086643360CB64405
:1025700093B273431F0F1B01C01AB941130C73436D
:102580001F0B1B05C01AB941860D8F023E436643DF
:10259000360C092D24DB520A7243801A7703460A4F
:1025A0006643360C16235B1BDE40DF40BF196446D2
:1025B0006643821B7046043506330100D940A840AB
:1025C000C01900D30131A24206D20023F0BD0000A1
:1025D000000000D0FFFFFFFF121B0130F3D3F1E733
:1025E00009277F1BFE406446A2B27243801A00D2C4
:1025F0000139220C7243130C1204821A99410B0008
:102600007046043513370100F940A840801900D303
:102610000131002B02D1A2420AD2F0BD013000D319
:102620000131121BFAD2013BF8D1A24200D2F0BD17
:10263000013000D30131121BF7E7F0B51C0C00D0BC
:1026400080E00CB400251C0A04D11B02160E334393
:10265000120208351C0B04D11B01160F3343120163
:1026600004359C0B04D19B00960F33439200023536
:10267000DC0B02D192185B4101351C0097186441B4
:102680000134464F7C66464C3C660E0CFFE7FFE784
:10269000FFE7C0463C6F6643360C7703BE4697B2F1
:1026A0007743C01B00D20139C01B00D201399FB251
:1026B0007743C91BC91B170C77437E04FF0B801B94
:1026C000B941CE086643360C0C2D33DBB644120BF1
:1026D0001F053A431B0B97B27743C01B00D2013949
:1026E0009FB27743C91B170C77433E043F0C801BF6
:1026F000B941860D8F023E43664329277F1BFE406A
:102700000C3D7746AF40BF1930BCA2B2ABB27243AA
:102710007343801A9941220C7243130C1204801ADD
:10272000994102000B000137001BA941F9D2781E24
:102730000021F0BD0C277F1BFE4077467F0BAF408A
:10274000FF19E0E700245D1C07D0144F7D66396651
:10275000FFE7FFE7FFE7FFE73C6F95B29EB26543F7
:102760006643401BB141150C1E0C6543664336049D
:102770002F0C3E432D04401BB141994204D202006C
:102780000B0020000021F0BD01D19042F7D3801A48
:10279000994101349942F2D3F6E70000000000D0DD
:1027A000FFFFFFFF44464D4656465F46F0B4704774
:1027B000F0BCA046A946B246BB46704748404140DF
:1027C000484018B41B4B5B68FC46019308BD04DF0E
:1027D0001F2E001018B4174B1B68FC46019308BD50
:1027E00000DF292E00109446134A926F920809D2F6
:1027F000624618B40F4BDB68FC46019308BD0CDF42
:10280000E13000100C4AF0B5146E556E576F166F1C
:102810006246FFF7EEFF084A14665566576716676B
:10282000F0BD18B4034B9B68FC46019308BD08DF5C
:10283000852F001088670020000000D0FFB55040B1
:102840004240504059404B40594000E0FFB5154FC1
:102850004C00640D03D0BC4204D10C0314D80020FA
:10286000090D09055C00640D03D0BC4204D11C03B2
:102870000AD800221B0D1B0501264B4009D44B40F2
:1028800003D58B4200D18242FFBD9942FCD19042D8
:10289000FFBD0B43DB1803431343F5D0C94349186D
:1028A000FFBD0000FF07000000B5FFF7CFFF80412C
:1028B00000BDC04600B5FFF7C9FF01D9002000BD2B
:1028C000012000BD00B5FFF7B9FF01D9002000BD10
:1028D000012000BD00B5FFF7B1FF804100BD012020
:1028E00040054A00121804D85A00121801D80020D6
:1028F00070470120704700000021002805D1704773
:10290000C1174840401AFAD0C90713B5064B1B68D7
:1029100098470CBC441CA2401005120B0349091B2C
:1029200009051943114310BDEC7900201F04000074
:1029300010B54C00620D8023D218DB00D21A5B0563
:102940007E2A10DD9E3A13DACC1709034908194391
:102950005242D140640001341532202A05DAD040B9
:102960000843604310BD002010BD0846604310BD01
:10297000C80FC018013810BD18B4044B5B6AFC4680
:10298000019308BD24DFBD340010000088670020DB
:1029900018B4044B1B6EFC46019308BD60DFCB35B9
:1029A000001000008867002018B4044BDB6FFC4661
:1029B000019308BD7CDF55350010000088670020BA
:1029C00018B4044B9B69FC46019308BD18DFAD3277
:1029D0000010000088670020024A034B00B500F099
:1029E000FDF900BD182D4454FB2119408A0002D383
:1029F000920D092A08DA18B4064BDB6BFC460193EA
:102A000008BD3CDFFF36001000B5FFF7E5FF04BC52
:102A10009646F0E7886700208A0002D3920D092AC3
:102A200008DA18B4064B1B6CFC46019308BD40DF66
:102A30000F37001000B5FFF7CFFF04BC9646F0E754
:102A40008867002018B4044B9B6DFC46019308BDB9
:102A500058DFFD370010000088670020132370B591
:102A60001D78012D19D014DD1E48FFF709FB060063
:102A70001D48FFF705FB1D4C80223100200001F0AE
:102A800025F9022D06D01A48FFF7F2FA194B186003
:102A900070BD164C184BA364F5E7174B134C23601D
:102AA0006360A360E36023616361A361E361236208
:102AB0006362A362E36223636363A363E3632364E8
:102AC0006364A364E36423656365A365E3652366C8
:102AD0006366A366E36623676367A367E367A3642C
:102AE000D1E7C046534400005346000088670020E9
:102AF0004C330000EC790020ED2D0010094A70B530
:102B00000B0D93420AD0084A934204D00022074B8F
:102B1000FFF798FF70BD06480649FBE704480649E1
:102B2000F8E7C046FF070000FF0F00000000F03F7D
:102B3000182D4454FB21F9BFFB21F93FF0B557464E
:102B40004E464546DE46E0B587B002925A009A46A8
:102B5000530D9946109B4D0004006D0D002B01D0C4
:102B600000221A609A4A95427DD04B46002B7AD0BB
:102B7000002D00D182E027000E00914575D0013B69
:102B80000393AB4271DCCB0F0E039846330B9B468D
:102B900080235B039C465B46624613431F005346FB
:102BA000060018036346000B0343029A0193039B3C
:102BB0000092AB4200D1AAE04346002B00D1B7E01F
:102BC00033003C0000275E42A7414B46ED1A002D22
:102BD00000DCC0E00120019B40421911FFF7AAFB75
:102BE000002398464B4603935346AB46029004930A
:102BF0001BE032009A4015003300524693401C00FF
:102C00004B464846D917009A019B00F001FF434606
:102C1000524693404B4498465B4626002F009B1A31
:102C2000361A8F419B46002B2BDD5B46DA460C2B78
:102C300001DD0C239A46029ABB11534351461D22D3
:102C4000521A1341202201335B10524299468B18CD
:102C5000CFD5202332005B1ADA4013003A008A40B5
:102C600015001D43C8E700275A4E3800310007B051
:102C7000F0BCBB46B246A946A046F0BD00270026E0
:102C8000F3E7039B9946049B9A46009B019CBC4238
:102C900000DD83E000D17DE0009B019CF61AA74196
:102CA000BC4200DD8BE000D185E0009B019CF61A60
:102CB000A74102239C46E0443200009801993B0062
:102CC00092197B418B421ADC17D000998A425AD064
:102CD0005346002B02DA43465B429846109B002B7A
:102CE00001D042461A604B463B4A30003900D21AA6
:102CF000FFF74EFE07000E00B7E78242E5D9009BC2
:102D0000019CF61AA74101239C46E044E0E7019BA1
:102D10009F422FDD00980199434600184941002B3E
:102D20003FD1039B361A8F41994601239846CFE73E
:102D30004B46ED1A002D00DD4CE7019BBB42BBDC8E
:102D4000009B019CBC4201D1B342B5D8009B019CC1
:102D5000F61AA74133E000239846009B019CF61821
:102D60006741002F2FDAF618674102235B429C4629
:102D7000E044A1E7009A019B9F4201D19642C9D845
:102D800027000E0071E7019A9342A1D14346DB0769
:102D90009ED5B4E7009BB34200D87DE7002FDCDB73
:102DA0008AE7039B801BB941994601235B420600D9
:102DB0000F0098468CE7009BB34200D875E70123CB
:102DC0009C46E04478E701235B429C46E04473E77D
:102DD000FF0700000000F07F3304000010B500245E
:102DE00082B00094FFF7AAFE02B010BD07B560469E
:102DF00001880A0A0230DF2AFAD1C9B2820804D354
:102E0000028840880004104300E00068014A5050E6
:102E1000039007BD886700200FB403BC0CBCF0B55D
:102E20000124E407634000E0F0B50C0DCF0F661EEF
:102E30003605891B640503D3C943404200D30131E1
:102E4000640D03D0661CF60A07D0E41B00207F0047
:102E5000791C89078912803C24031D0DDF0F6E1E2B
:102E600036059B1B6D0503D3DB43524200D3013370
:102E70006D0D03D06E1CF60A07D0ED1B00227F00FB
:102E80007B1C9B079B12803D2D032F1B661B58D478
:102E9000A446202E46DA20371400BC401D00BD4059
:102EA000F24033412A4380185941CB0F05D0C94322
:102EB000C043002264425041514162464D0D28D129
:102EC0000D0D07D100281FD0241940414941013A76
:102ED0000D0DF9D0640006D3013000D30131002C70
:102EE00001D140084000013A0BD4941CE40A04D1FB
:102EF00012051144DB071944F0BDD907204B1943D3
:102F000000E0D9070020F0BD0029DDD1002CDBD185
:102F1000F0BD0132C6074008CD0728434908002EFE
:102F2000E1D0D9E73C2E29DA203E40371400BC40DE
:102F300000D00124F24014431A00BB401C43D317B5
:102F4000ACE7AC46202F08DA20360400B4400D0070
:102F5000B540F84039412843A5E73C2F0CDA203F23
:102F600040360400B44000D00124F8400443080077
:102F7000B1400C43C117EAE710001900002494E7A0
:102F80000000F07FF0B50C0D661E3605891BE60AC1
:102F90006405640D02D0651CED0A04D000200121F7
:102FA0000905803C2403A4461C0D671E3F05DB1B5E
:102FB000E70A6405640D02D0651CED0A04D0002206
:102FC00001231B05803C24037740644497B484B2FA
:102FD00096B27443070C7E43150C6F4380B268436E
:102FE000361802D3012000043F183004350C0019B4
:102FF0007D41844688B29AB250430C0C62431F0C48
:103000007C438EB27E43921902D301263604A41962
:103010001604170C3618674101BC81B29AB25143AD
:10302000040C62431B0C5C4380B25843121802D359
:103030000120000424181004130C401863412D18BB
:103040005E410020474106BC88B293B258430C0C45
:103050006343120C544389B251435B1802D30121DC
:103060000904641819041A0C091862416D185641B4
:103070000020474118BCF902720D1143F0026A0D9D
:103080001043ED020A0D03D16D1940414941013B46
:10309000124E9B1B7600B3420ED26D0007D3013057
:1030A000002671416646354301D1400840001B05AA
:1030B000C918E4072144F0BD0BDA013306D1013011
:1030C00004D101314F0D01D04908F2E7E10700209A
:1030D000F0BD013631050020EBE70000FF030000E2
:1030E000F0B51C0D671E3F05DB1BE70A6405640D88
:1030F00002D0661CF60A04D0002201231B05803C86
:103100002403D0252D060026F6432E661E096E6682
:10311000CE0FF619B44649004F0D02D07E1CF60AB8
:1031200003D000200021403F3F033E1BB600B444C3
:10313000013F7F05C91B49082E6F013676089C02A6
:10314000950D25437543ED137543AD1301356D1092
:10315000F603761B0CB4CC02450D2C43A2B2B3B2DD
:103160005A43270C7B43350C6F43A4B26C431B19A5
:1031700002D3012424043F191C041D0CA4187D4112
:1031800024196D41009A91B2ACB26143170C7C4393
:103190002B0C5F4392B25A43A41802D301221204AB
:1031A000BF182204230C52187B41019C6C431B194D
:1031B000520ED9010A434401A01A81B2B2B251435E
:1031C00003145A43360C734387B27743D617D21988
:1031D00000277E4136049B191704160C7F185E41A8
:1031E0007316ED18F301002680337541A90F06D13F
:1031F0006400690AE8055B0A184309D22FE004223B
:10320000944480337541A90AA8059B0A184326D324
:10321000404149412404009A019B0D005543641B21
:103220004343E41A95B286B27543170C7E43030CF0
:103230005F4392B25A43B61802D301221204BF1858
:103240003204330C52197B4152429C41002C02D46F
:103250000022013051414008CA071043490802B01A
:103260006246D7079210084BD218084B9A4203D2F5
:1032700012058918C919F0BD0020002A01DC3900A7
:10328000F0BD01331905F5E7FD030000FE0700005E
:1032900007DA002107E0C90FC907520D03D0C91290
:1032A00001E04C49090500207047C0464A00F2D2AF
:1032B000520D013A484B9A42EAD2F0B51405091B67
:1032C000520801D3001849419B08D21812059446B0
:1032D00040A44A0CA25C0B09534353431B135343B2
:1032E0005B131202D21A13005B435B0B4C0863435F
:1032F000DB135343DB1501335B10D21A130CD21AC4
:1033000013005B438902840D21438DB29EB2754345
:103310000F0C7E431B0C5F438CB25C43361902D307
:10332000012424043F193404330C64197B419D01AA
:10333000A40E2C432034A5B25543241454432D0C21
:103340006419A411D203121B95B28EB27543170CE7
:103350007E430C0C674393B26343F61802D30123F8
:103360001B04FF183304340C5B197C41DB186441E7
:10337000DB18002363419EB276439DB21F0C7D4350
:103380007F436C04ED0BA4197D4106028F08361BA8
:10339000AF417D07F6086E41B4B295B26C43371465
:1033A0007D43120C5743B6B25643EA17AD190026B7
:1033B00072411204BF182E042A0C36197A410832C1
:1033C000521117D29D0A9C05D11710196941614409
:1033D000F0BD0000FF070000FE070000F8EBDFD69D
:1033E000CDC5BEB8B2ADA8A4A09C9995928F8D8A88
:1033F0008885838152415D0ADC05D11714194D413E
:103400002B006343A6B27643A2B2270C7A437F43D4
:103410005104D20B89197A41D218D2188005494239
:10342000904102D4002301345D4160086908ED0732
:1034300028436144F0BDC046624618CA94465A46C5
:10344000002A20DB04E0624618CA944600291ADAF2
:10345000C01861415B463B415C46B4405246FA406D
:10346000224344464D4662416B41904699462B4665
:10347000B3403D41FC401C4352465B46A241AB4138
:1034800092469B467047C01AA1414B463B414C4671
:10349000B4404246FA40224354465D4662416B4185
:1034A00092469B462B46B3403D41FC401C4342465E
:1034B0004B46A241AB41904699467047002200B569
:1034C000203200F010F8080000BD002200B500F026
:1034D0000CF8CA179A4200D100BDD8430121C90790
:1034E000414000BD00220B150AD410B5944600F0EF
:1034F000A7F81414013400DA0021CB17144C20472C
:103500000020002170476244343A0CD40C2A07DAB8
:1035100004009140904052422032D440214310BDDB
:10352000D843D94310BD203207D40C4694405242B0
:1035300020321141D040204310BD0800C91720326D
:1035400003D452422032104110BD1800190010BDA2
:10355000073500104A00520D144BD21A13DDFF2A12
:103560001EDAD205CB0FDB071A43C300400F090355
:10357000490A084310435B0001D301D00130704772
:103580004308FBD2704702D0C80FC00770470A0338
:1035900012130132F8D1420F072AF5D1012200E0BF
:1035A000FF22C80F00028018C0057047800300008A
:1035B00000210A00002104E000210A00C11704E0F4
:1035C0000022002306E0C0460022CB175840594095
:1035D000C01A994130B5184CA21A002903D1010034
:1035E00010D00020203A4C1512D104D2013A001814
:1035F00049414C0DFAD3114CA24204D2120589184C
:10360000DB07C91830BDD243520D00200021F5E779
:1036100003D4013A00184941FBD50B324405C00AD6
:103620004D052843C90A640003D00024604161416C
:10363000E1E7E0D34408F8E732040000FE070000A9
:103640000A0DCC0F531E1B05C91A520503D3C943DB
:10365000404200D30131520D03D0531CDB0A07D086
:10366000121B00206400611C89078912803A120332
:10367000014BD21A70470000FF030000023225D42C
:103680000C2A1CDA1125AD1A0B002B410832073524
:103690000600EE40904091403143F0CC63431A1550
:1036A00000235A41554356435743BF02F41276054F
:1036B00076196741ED177F19801BB94170470C22BD
:1036C0000020C917490001310905DBE70902030E93
:1036D000194300025342203208D40C00194194408F
:1036E000D840204300225041514170470800C9177B
:1036F000203B2032F1D50020002100227047F0B598
:10370000FFF750F800F00EF800F030F806E0F0B5E2
:10371000FFF748F800F006F800F046F8FFF748F821
:10372000F0BD000000B5FFF78BFF30A4FFF7A6FF48
:1037300000242C4D2C4ED20702D3F6436D42664135
:10374000520004D2A246A346A846B14603E0A046D2
:10375000A146AA46B3466EA4A44601271F26FFF73A
:1037600072FE0137013E212FF9D100BD594684B2C6
:103770008DB26C43061475430B145E4382B25A43F8
:10378000AD18EA1700D7D2431204B6182A042B0C3E
:1037900012197341404649469D009B17920F2A43D8
:1037A000904199413E2210E7494684B28DB26C4364
:1037B000061475430B145E4382B25A43AD18EA17E0
:1037C00000D7D2431204B6182A042B0C12197341E5
:1037D000504659469D009B17920F2A43504159412C
:1037E0003E22F2E6BB4DF09DC556F6367D510000F7
:1037F0001A61140085880A00FB211900F0B5FEF754
:10380000D1FF404D0C002C4001D0AC4202D1090D3B
:10381000090500201C002C4001D0AC4202D11B0D38
:103820001B0500220026ED02002B04D502266B406A
:10383000694000D476424F1904D599420CDD013617
:10384000694003E0BB4207DA013E6B40070010000D
:103850003A000F0019003B0040B4002A0FD1002BA2
:103860000AD05C006415013409D14C0064150134A0
:1038700002D10139013B02E0002000212EE0FFF7D8
:103880002FFC3E22FFF722FE82468B4600200021BD
:1038900080460122920791461DA4A44601271F26B7
:1038A000FFF7CAFD0137013E212FF9D14A465346A1
:1038B0000C3A01246407002752081B0005D49341E9
:1038C000001979416408F7D104E05341001BB94164
:1038D0006408F1D1CE0749104008304340BC002EA7
:1038E0000AD0094C094D01D5E443ED43F60701D157
:1038F00000196941001969413D22FFF766FEFEF794
:1039000057FFF0BD0000F07F8D305A88A8F6433293
:10391000694FBB610567AC1DB16E4096FCBAAD0F37
:1039200072DB0BABA66EF50739BD9FE576ABFE03E8
:103930004B6297BA5BD5FF01D694DBDDAAFAFF0094
:103940005DEAEE5655FF7F006E77B7AAEAFF3F00AB
:10395000BCBB5555FDFF1F00DEADAAAAFFFF0F003F
:103960006F5555F5FFFF0700ABAAAAFEFFFF030046
:103970005555D5FFFFFF0100ABAAFAFFFFFF00007E
:103980005555FFFFFF7F0000ABEAFFFFFF3F000040
:1039900055FDFFFFFF1F0000ABFFFFFFFF0F000003
:1039A000F5FFFFFFFF070000FFFFFFFFFF03000021
:1039B0000000000000020000000000000001000004
:1039C0000000000080000000000000004000000037
:1039D00000000000200000000000000010000000B7
:1039E00000000000080000000000000004000000CB
:1039F00000000000020000000000000001000000C4
:103A000000000080000000000000004000000000F6
:103A100051434343C9188C46110C83B24B4310B435
:103A2000040C614392B280B2504362431C041B0CED
:103A3000001910BC59411304120CC01851416144C3
:103A4000704700004840414048400E4B5B681847B3
:103A50000C4B1B6818470C4A936F9B0802D2094B0A
:103A6000DB681847F0B5146E556E576F166FFFF789
:103A7000F6FF054A1466556657671667F0BD014B99
:103A80009B68184788680020000000D0491A002869
:103A900008D1084670470000C10FC90700D5404251
:103AA000002817D0F44603B40B4B1B68984706BC9C
:103AB00081409E384042803107D20B0607D0490032
:103AC000490AC0051043084360470130F8E7490A36
:103AD0008902F5E770470000EC79002041000A0EEA
:103AE00080231B067E2A0BDD9E3A0BDAC1174002AB
:103AF000400818435242D0404900013148437047C2
:103B000000207047C00FC01801387047C0420DD365
:103B100000B540004008002100F012F8002801D450
:103B2000404200BD8020000600BD0000034BDB6961
:103B3000FC4618471CDFF13B00100000886800209D
:103B4000014B5B6A1847000088680020034BDB6F5D
:103B5000FC4618477CDF093C001000008868002004
:103B6000132310B512481C78FEF78AFA0100012CC5
:103B70000AD003DD80220F4800F0A8F80E48FEF7B7
:103B800077FA0E4B186010BD0A4C5422200000F04A
:103B90009DF80B4B6365A365E36523666366A366C7
:103BA000E36623676367A367E3672362E361E5E78F
:103BB00053460000886800204C330000EC79002058
:103BC000C53B001007B5604601880A0A0230DF2AAB
:103BD000FAD1C9B2820804D3028840880004104395
:103BE00000E00068014A5050039007BD886800203B
:103BF0000021C2158032803201D0024A10470020D5
:103C000070470000CD2A0000C30FDB0741000A0EF9
:103C100007D0FF2A08D00909054A89181943400727
:103C200070471900002070470249C918FAE70000E0
:103C3000000000380000F07F10B5040012F0F2FE22
:103C4000002804D0034B04199C4200D810BD024840
:103C5000FDF718F900000420388D011070B505003B
:103C60000C0012F0B9FD6C43002804D0034B04197A
:103C70009C4200D870BD0248FDF704F90000042002
:103C8000388D011010B50C0013F03CFA002804D058
:103C9000034B04199C4200D810BD0248FDF7F2F80E
:103CA00000000420388D011010B512F0C5FE10BDC3
:103CB00001480421014B18474010002091200010BA
:103CC000014B1B681847000040100020014B5B6847
:103CD0001847000040100020EFF3108C72B6074B1D
:103CE0001A68002AFCD0BFF35F8F41680068BFF3F9
:103CF0005F8F00221A608CF310887047340100D067
:103D000030B514001D00EFF3108172B6074B1A682E
:103D1000002AFCD0BFF35F8F04604560BFF35F8F64
:103D200000221A6081F3108830BDC046340100D0F3
:103D300030B5010014001D00EFF3108C72B6094875
:103D40000368002BFCD0BFF35F8F0A684B680C60E0
:103D50004D60BFF35F8F002101608CF3108810006D
:103D6000190030BD340100D09A4200D28854704707
:103D70007047C046F8B557464E464546DE46E0B564
:103D800099460A9B07009A460D9B88469346150064
:103D90000B9E9B0710D10C9B9E420DD29D1B1400C5
:103DA0000E005D4422004B46013431002020B8470C
:103DB000A542F7D1B0460B9E002E27D04446751978
:103DC0005346AA1B013E985D21004B46B847002E82
:103DD000F6D123002C0098460D9B9B070FD55B4620
:103DE000E51A0C9BAB420AD94646984622004B4640
:103DF000310020200135B8470134A845F6D820000D
:103E0000F0BCBB46B246A946A046F8BD2C00E3E78D
:103E1000F0B54F464646D646C0B584B098460EAB80
:103E20001B78129F994694460D9C109B119EBA07D1
:103E300025D4002E4BD19C4200D3BFE001223A4052
:103E400092461F2C00D9B8E00C9A551E302201E092
:103E5000202C03D001342A55A342F9D85246002A17
:103E60000DD0A6420BD9202C44D00C9A551E3022DE
:103E700001E0202C3ED001342A55B442F9D1FA0693
:103E80004DD57A053FD4002C39D10F9B102B00D192
:103E900079E00F9B022B00D18AE030230C9A012499
:103EA00013704B46002B3FD02D230C9A1355013431
:103EB0000C9B624600930397434602960194FFF7DA
:103EC00059FF04B0E0BCBA46B146A846F0BD012295
:103ED00015003D40AA463A422FD04A46002A02D158
:103EE0000C323A4200D0013E9C42BAD21F2CABD9D0
:103EF000202E27D92024FA06DAD57A0503D4A34246
:103F00002DD0A6422BD00F9B102B32D0022B20D0CD
:103F1000202CCDD030220C9B1B191A700134202C80
:103F2000C6D04B46002BBFD17B070DD43B07BFD576
:103F300020230C9A13550134BAE79C429FD21F2CC0
:103F400000D881E720249AE72B230C9A13550134DB
:103F5000AEE7202CACD00C9B1B1901343AE0631E59
:103F6000012C92D00F9A102A2AD0022A2FD01C009E
:103F7000D0E7BB060ED4202C9AD00C9B1A19013422
:103F800078231370C4E7BB060DD478230C9A012460
:103F90001370BFE7202C00D18AE758220C9B1B1915
:103FA0001A700134B4E758230C9A01241370B1E756
:103FB0000C9A603301241370ACE7202400265EE7DE
:103FC000023CBA06E9D40C9A12191C00D8E70C9AE4
:103FD0009246534462221A709AE7C04610B50028F0
:103FE00000D110BD01F056FBFBE7C046F0B5DE4640
:103FF00057464E464546E0B59BB09B46249B8946B6
:104000009846259B0B900C924046424619009A46D2
:10401000FEF765FC002800D0D8E00122404651465A
:10402000774B5242FEF756FC002800D0CEE001222A
:1040300040465146734B5242FEF736FC002800D0F2
:10404000C4E00022002340465146FEF72DFC002824
:1040500000D0B9E1424653460A9209938023289A38
:10406000DB001A400E92289A1A4201D106232693A9
:104070000A9A099B1600134300D0C7E0289B00252D
:1040800000261B0500D49BE100230D93269A0D9B6F
:104090009A4200DC9FE1D01A431E26938023289A7F
:1040A000DB001A430023002728920D93279B00244E
:1040B000BB4200D9DC1B0223289A1A400E92289A90
:1040C000134203D07B427B415B421C400D9B002B83
:1040D00007D00A9809992A003300FEF784FB0A905A
:1040E00009910022002340465146FEF7DDFB0028DF
:1040F00005D0802000068446099961440991289AD8
:10410000414B0B9D13400493269B0A9A0293099BF3
:1041100003940092019349465B4628000C9A00F0F4
:104120008BF90400002F62D0289B220098061F23E1
:10413000C0179843631C984649465B466530A847BC
:104140000D9B0025DA179C18DB0F9A465440013F5F
:1041500001E0202D13D00AAA94461F2320006344B7
:104160000A2101355E19FEF7E5F830313170200083
:104170000A21FEF7DFF826000400092EE9D80523FE
:104180000693002304930A330393534605970B9F2A
:10419000029312AB009342465B46494638000195B4
:1041A000FFF736FE0E9B0400002B20D00C9BC51A97
:1041B000279BAB421BD91E0022005B4649462020AC
:1041C0000135B8470134AE42F6D810E0289B42468C
:1041D0000493279B49460393269B0B9802935346CF
:1041E000009201935B460C9A00F026F9040020002F
:1041F0001BB0F0BCBB46B246A946A046F0BDC046C7
:10420000FFFFEF7FFFFFEFFFFFF7FFFF734B099FFC
:104210009C467800400D6044FEF772FB704A714B7B
:10422000FEF7FFFA704A714BFEF7D4FA3B03704A6F
:104230001B0B1A4304000D00300011006D4B0022CF
:10424000FEF7BFFA6C4A6D4BFEF7EBFA02000B006B
:1042500020002900FEF7BEFAFEF76AFB0D90FEF77C
:104260004FFB674A674B04000D00FEF7DAFA0022A5
:10427000654BFEF7AFFAFEF75BFB644A0600644B42
:1042800020002900FEF7CDFA040030000D000F9643
:10429000FEF736FB5F4A604BFEF7C3FA02000B00E5
:1042A00020002900FEF78DFA02000B0006000F0027
:1042B000FEF7B7FA320004000D003B003000390071
:1042C000FEF788FA002210901191544B200029002B
:1042D000FEF789FA0022524BFEF77CFA02000B002F
:1042E00020002900FEF77FFA00224E4BFEF772FAFB
:1042F00002000B0020002900FEF775FA0D00802156
:10430000040032003B000020C905FEF75AFA020003
:104310000B0020002900FEF75DFA02000B00109848
:104320001199FEF760FA0022314BFEF753FA3E4B2B
:104330000F9C9C46644400222305FEF772FA050098
:104340000E0002000B000A980999FEF7ADFA00284A
:104350000AD00D9B2800013B31000D930022304B09
:10436000FEF741FA05000E00C6270D992B006331B8
:104370008F42BF4128997F420437090500D495E652
:10438000334300D182E6099C284A2100284B0A9831
:10439000FEF798FA002808D000222100254B0A9841
:1043A000FEF782FA002800D070E6269B002B00D191
:1043B0007CE60E9B5A1E9341269AD31A269375E6E5
:1043C000002304270D9371E643460A9380231B06BE
:1043D0005344099342E6002326935FE601FCFFFF66
:1043E000FB799F501344D33FB3C8608B288AC63FE4
:1043F0000000F03F0000F83F61436F63A787D23FA2
:1044000071A379094F930A400000E03F1655B5BBF0
:10441000B16B0240EF39FAFE422EE63F00002C401D
:104420000000244000001840FF0300002D431CEB57
:10443000E2361A3F80842E41F0B54E46DE4657469E
:104440004546E0B597B09946209E219F229B834622
:10445000984607910C923B00320030003900FEF77D
:104460003EFA002800D0A9E1012230003900CA4BF1
:104470005242FEF719FA002800D0E1E00122300094
:104480003900C64B5242FEF725FA002800D0B7E0AB
:10449000002230003900C24BFEF71CFA002800D081
:1044A00099E0002230003900BE4BFEF7FDF90028EC
:1044B00000D090E00022002330003900FEF7F4F92C
:1044C000002800D0B1E000230D93249B5B0501D4AC
:1044D0000623984608AB9C46172200243023414609
:1044E000624404E0013413550139202C01D009291C
:1044F000F8D8884630003900FEF71AFA4346DA0049
:10450000A94B05009B181A685B6808920993FEF78F
:10451000F7F902000B0030003900FEF752F9089A53
:10452000099BFEF77EF90A900B91FEF725FA824669
:10453000FEF7E2F902000B000A980B99FEF741F929
:1045400000229A4B0A900B91FEF7C4F9002800D183
:10455000C0E001239C46E2445046FEF7CDF902003C
:104560000B0008980999FEF7A5F9002802D000234E
:104570009A4601354346002B6AD008AB17269C4665
:1045800008956644554614E001235B4243440A21E2
:1045900028009A46FDF7CEFE0134303137193970C4
:1045A00028000A21FDF7C6FE092D00D8D0E0D0462C
:1045B0000500202CE8D10EAB98460323249A134023
:1045C000012B00D196E02023249A01930392239A91
:1045D000434602921EE0249B58460493239B009678
:1045E0000197039343460C9A029307994B46FFF7B2
:1045F000FDFC17B0F0BCBB46B246A946A046F0BDD4
:10460000249B5B070ED40322694B249901920391EA
:1046100023990291009358464B460C9A0799FFF74D
:10462000A9FBE6E70422634BEFE73B0032000020E2
:104630000021FEF7C6F8012306000F000D9344E7A2
:10464000249B0393239B0293042301935A4BE1E79A
:104650002800FEF755F902000B0030003900FEF784
:10466000B0F8524B002206000F00FEF71DF90EAB0A
:10467000984600280AD10022300039004B4BFEF743
:1046800029F9002802D1EB0700D50135202C94D060
:1046900008AA94461723280063440A2101341E19EE
:1046A000FDF720FE3031280031700A21FDF71AFE97
:1046B000051EEBD10323249A1340012B1BD0202C81
:1046C00000D180E70D9B002B35D02D224146631C85
:1046D0000A5579E700220A980B99344BFEF7E4F863
:1046E000002800D046E75346002B51D101239C46B9
:1046F000E2443FE72024239B002BE0D00D9B002BBE
:1047000003D1249A0C33134202D0239B013B239301
:10471000239BA342D3D908AB9C4617223023624483
:10472000202C00D14FE72399013413558C42C6D079
:10473000202CF8D147E7249B5B0724D4249A23003C
:10474000120700D440E72022414601330A553BE7D7
:104750005746089D202C00D12DE7220030214046ED
:10476000002F09D00132B154202A00D123E7D343CE
:104770001B191B18002BF5D10EAB98462E23414672
:10478000541C8B5482E72B224146631C0A551BE7BD
:10479000DB0700D4EEE6A9E7FFFFEFFFFFFFEF7FA7
:1047A00065CDCD4165CDCDC1D88F01100000E03F72
:1047B000DC8D0110E08D0110EC8D0110249B039322
:1047C000239B029303230193004B23E7E88D011001
:1047D000F0B5DE464E4657464546E0B59FB01C0054
:1047E000289B91460993C94AC94B8B4608901A6089
:1047F000002900D118E2002320789A46002800D131
:104800001AE226001D005C460AE02A006F1C4B4697
:10481000089D2100A8473D0001363078002870D05F
:104820002528F2D110239B46083B9A46043B984624
:10483000023B00219C46721C107816000300203BAE
:10484000DBB2102B03D8B34F9B00FB589F460300ED
:10485000303B092B32D900230A932A2868D0002341
:1048600098462E283ED00300683BDBB2122B1CD8A2
:10487000A94A9B00D3589F46012301321943DBE725
:10488000634601321943D7E7434601321943D3E760
:104890005B4601321943CFE7534601321943CBE758
:1048A00080235B007078194301360300253BDBB29F
:1048B000532BAAD8994A9B00D3589F460027030040
:1048C000B800C01901364000C018337830381A00DB
:1048D000303A0700092AF3D90A90180000239846B5
:1048E0002E28C0D180237078DB0019430300303BB1
:1048F000721C092B00D8A1E12A2800D1B2E11600D0
:10490000B1E7A346AA462C00D14503D801235B4258
:104910004B449A464B46524659460020089DA847AC
:1049200020001FB0F0BCBB46B246A946A046F0BD71
:10493000099B40CB0A96002E03DB50780993561C46
:104940008DE72838014370420A9009935078561C2D
:1049500085E7782800D1DFE1582800D14CE26F28A4
:1049600000D14FE3622801D100F030FC10230A008F
:104970009A430B92692801D000F0A9FC0A230C93FA
:104980004B0500D5D0E10B9A802311009B00194004
:104990008B461A4200D0A1E2802311005B0019402F
:1049A0008A461A4200D0B6E313005B0600D5EDE25A
:1049B000130009991B0601D400F076FC08C91BB24C
:1049C000D8171A18424092B209919346DA0F129200
:1049D000002B09D1802310220B99DB000B4091435F
:1049E0000B91002B00D0E4E20B9A6123920600D5D4
:1049F00041230EA91F228C46DBB262440A3B5F466C
:104A00001395A34655460C9CB2460D9316000AE03A
:104A10003033DBB201357355A74200D2EDE2202DD1
:104A200000D1EAE2070021003800FDF783FCCBB299
:104A30000929EDD90D9A94466344DBB2EAE7802355
:104A40009B007078194301362FE77078682800D1F1
:104A5000CDE180230136194327E770786C2800D117
:104A6000BFE180235B00194301361EE7462800D1D1
:104A70009BE10722099B0491073393430A9A19008B
:104A80000392424602920CC9089800920193099140
:104A90002A004B462100FFF7CFFC01360500BCE69B
:104AA0002A006F1C4B46089D21002520A84701368F
:104AB0003D00B2E68B0700D4ADE1099B2A009A467F
:104AC0006B1C9846534601CB21009A46089F4B46E3
:104AD000C0B2B8470A9B9C466544012B00D886E2C9
:104AE000089B4746B04626004C4699463A002300AC
:104AF000013731002020C847AF42F7D1A1465346C5
:104B0000340046460993013687E6C046D147001077
:104B10004C790020F48D0110388E0110848E011024
:104B2000099B04CB9B4643460992002B00D1C6E06B
:104B300013789C46002B00D1BDE34346013B099A04
:104B40000133D0180A9F130001E0834203D05A7842
:104B50000133002AF9D1099A0A979B1A0B938023F3
:104B60000A00DB001A400C92194204D00B9B43450B
:104B700001D943460B9302231A000A400D920B42BF
:104B800000D187E16046002800D168E10C9B002B32
:104B900000D10DE1A844C246099B57465B1B9846CD
:104BA000089BB2462A0026004C46994609E023009D
:104BB0003100551CC8474346585D002800D126E106
:104BC0002A009742F3D1A1463D00340056460D9B82
:104BD000002B00D043E15B46013609931DE6099B9B
:104BE0001A0008CA9246002B48D0212211438B4656
:104BF0000EA884461F216144099500220F27A44670
:104C00000D0002E0202A0CD00B003C001C402000CC
:104C10003730092C00D807380132A85419090F2B56
:104C2000F0D86446099D32E0DC4B207808930023DD
:104C30009A46002800D0E4E5002465E643460600D5
:104C40000A9F9800C01801324000801916780300AE
:104C500030003038303B0928F3D930009846160030
:104C60000A9700E6099B023604CB9046D2434046A1
:104C7000D2171040804609933078F4E510220800DE
:104C8000904311321043834600224905B0D55B465C
:104C900006930823059343460493102303930023AC
:104CA000029316AB019200932A004B46210008980C
:104CB000FFF7AEF85346050001360993ADE51378CA
:104CC0009C46002B00D1F7E202235B4237E720230A
:104CD00002009A43472A04D180231B01194302236F
:104CE0009843452801D1202319430722099B0491A9
:104CF000073393430A9A19000392424602920CC961
:104D000008980092019309912A004B462100FFF771
:104D10006DF90136050080E510230C930C230A0081
:104D20009A430B924B0503D501230B9A9A430B929E
:104D3000692800D127E6642800D124E60B9A802355
:104D400011009B0019408B461A4200D066E1802377
:104D500011005B0019408A461A4200D039E2130064
:104D60005B0600D53CE113001B0600D4A6E2099BBC
:104D700004CB1204120C934609935B46002B00D01F
:104D80009AE10B9A1033110099430B91520500D40C
:104D900092E100239A460B9B06930A9B0593434698
:104DA00004930C9B039300230CE12023194360E63A
:104DB000099B0A9A5B1B98464B4691461F00B246D8
:104DC0002600089C2A003B003100A04743460135DD
:104DD000585D0028F6D14A463400B94656460A9234
:104DE000F5E6C0239B00B078194302365DE5C02389
:104DF000B0781943023658E50C230A009A4314335D
:104E00001A43103B0B920C934B058DD496E7A146A9
:104E100034005646DBE60A9A012A00D853E26B1E9C
:104E20009F18089BB04626004C4699462A0023004E
:104E3000013531002020C847BD42F7D1A1463400DA
:104E40004646099B3A0001CB210098467D1C4B4603
:104E5000089FC0B2B847434601360993DDE40B9B77
:104E60000A9AA8469A4200D8B5E694466544ED1AD7
:104E7000089B4746B04626004C4699463A00230018
:104E8000013731002020C847AF42F7D1A146340096
:104E90004646A0E60B9A0A99531C914200D814E2A8
:104EA0004B199B1A1F00089BB24626004C46994698
:104EB0002A002300013531002020C847BD42F7D128
:104EC0000A9BA14601330B93099B34001B7856467D
:104ED0009C466046002800D058E67CE60722099BE5
:104EE00007339343013294469C4462465F680992BB
:104EF0001A68FB17109311931098119903005340EF
:104F00000E930B007B400F9394460E9A0F9B121A40
:104F10008B410E920F93FB0F6246129300233A438C
:104F20009B463DD00B9A6123920600D54123002277
:104F3000DBB20EA90A3B8C4692460D9343461F32C4
:104F400062441395159655460E9E0F9FA2469046B5
:104F50000C9C14930CE03032D2B2434601355A55C2
:104F6000BB4500D18AE1202D00D18AE106000F0067
:104F70002200002330003900FDF71AFAD2B2092AC4
:104F8000E9D90D9B9C466244D2B2E6E7FF2309991A
:104F900004C913401A00099117E5C046713D00107D
:104FA0000B9A1033110099430B915205BAD5002387
:104FB0009A460B9B06930A9B0593434604930C9BCE
:104FC0000393129B02935346019316AB2A0000935E
:104FD00021004B460898FEF71BFF013605001CE434
:104FE000FF22099B02CB11408B460993C5E653462D
:104FF000454609930136FFF710FC56465C46AA4623
:10500000139DD6E708230C930B910B99642800D0CD
:1050100084E60B9B5B0500D586E6B4E40722099B7A
:1050200007339343013294469C44624609921A68BE
:105030005B6810009B4613005A46134307D10B9A36
:105040001033110099430B91520500D5A1E60B9A3C
:105050006123920600D541230022DBB20EA90A3B50
:105060008C4692460D9343461F3262445F4612952A
:10507000A34655460400B24690460C9E13930DE09D
:105080003032D2B2434601355A550023BB4200D1DB
:1050900000E1202D00D100E104000F0032000023C8
:1050A00020003900FDF784F9D2B2092AE8D90D9B16
:1050B0009C466244D2B2E5E70B9A6123920600D582
:1050C0004123DBB20EA90A3B1F228C460D9323001D
:1050D00062445C461295170055469B46B2460C9EAC
:1050E00008E03033DBB201357B55B4420ED3202DBE
:1050F0000CD0040031002000FDF71CF9CBB20929C7
:10510000EFD90D9A94466344DBB2ECE756465C4611
:10511000AA46129D3FE6099B1A0008CAD9171392A6
:105120005A184A409246DA0F1292002B08D1802377
:1051300010220B99DB000B4091430B91002B2BD1DC
:105140000B9A6123920600D541230EAA1F2794468D
:10515000DBB20A3B0D9567445D460993A34654466E
:10516000B2460C9E08E03033DBB201357B55B442C9
:105170000ED3202D0CD0040031002000FDF7DAF80A
:10518000CBB20929EFD9099A94466344DBB2ECE724
:1051900056465C46AB460D9D0B9B2A0006930A9B28
:1051A00021000593434604930C9B08980393129B9C
:1051B000013602935B46019316AB00934B46FEF714
:1051C00027FE139B05000993FFF727FB02230C938F
:1051D0001AE7099B04CB92461293002A08D1802338
:1051E00010220B99DB000B4091430B91002B2BD12C
:1051F0000B9A6123920600D541230EAA1F279446DD
:10520000DBB20A3B0D9567445D460993A3465446BD
:10521000B2460C9E08E03033DBB201357B55B44218
:105220000ED3202D0CD0040031002000FDF782F8B1
:10523000CBB20929EFD9099A94466344DBB2ECE773
:1052400056465C46AB460D9D0B9B2A0006930A9B77
:1052500021000593434604930C9B08980393002375
:1052600002935B46019316AB00934B46FEF7D0FDCD
:10527000129B050009930136FFF7CFFAB44200D81C
:1052800071E6149B54460E960F97AA469846159EB3
:10529000139D8EE6A64200D8FBE6139B5646984621
:1052A000AA465C46129D76E508C9D8171A184240EE
:1052B0000991FFF78AFB00230B9350E4099B04CB71
:1052C0009346099359E52F00BBE50B9301E6063B96
:1052D0000C939AE60CB410B584B006AC08CC0A0066
:1052E0000094010004480394FFF772FA04B010BC64
:1052F00008BC02B01847C046693D001000B583B035
:10530000009313000A0001000248FFF761FA03B09E
:1053100000BDC046693D001010B5094A030014687D
:1053200084B0002C08D0012200910648524203A903
:10533000A047012004B010BD00F0F8F90020F9E703
:105340004C790020DD3F001000BEFDE7094A030054
:105350001068002805D00849C3188B4207D813608D
:10536000704706480449C31810608B42F7D90120E2
:105370004042F5E730750020000004203C7B00200F
:10538000030010B508001100002B05D1044B1A686A
:105390005B6800F0D5F810BD01204042FBE7C04635
:1053A000008D01100300013B10B508001400012B13
:1053B00006D801230022210000F042F8200010BD91
:1053C00001204042FBE7C046012040427047C046F2
:1053D000012040427047C046012040427047C0460D
:1053E0000300022200209A424041704710B5FFF7A7
:1053F000ABFFC04670B5FCF79DFE074D074EB542AA
:1054000009D20024013E761BB60808CD9847230038
:105410000134B342F9D170BD648C0110748C011059
:10542000030010B5080011001B68984710BDC04666
:10543000030010B5080011001B68984710BDC04656
:10544000F0B5DE4657464E464546E0B585B01700F6
:105450001C0006000D00FCF72FFC0023314A121837
:105460004B41002B59DB304908008A4613F0A4FB5E
:1054700001906B1C03D1300012F0B8F80500002C2D
:1054800026D12A4B98462A4B1C68002C15D0002F99
:1054900021D1284F02E02469002C0ED02368002B74
:1054A000F9D03B68002B01D0A342F4D120002A00A0
:1054B0003100C0472469002CF0D1019B002B28D17A
:1054C000280005B0F0BCBB46B246A946A046F0BDD8
:1054D000194B9846D7E7174B994602ABDF1D0A23B5
:1054E0009B4602E02469002CE7D02368002BF9D00A
:1054F0004B461B68002B01D0A342F3D12A00310098
:105500002000C0475B460122390020003B70C047A5
:10551000E8E7504613F028FBD2E70122074B52423E
:10552000A1E7C04640420F00CC1E002021540010CD
:10553000CC740020D474002031540010FFFFFF7F92
:10554000F8B557464E464546DE4698461A4BE0B5F6
:105550009A461A4B07000E0093469946184D53463B
:105560001C68002C03D115E02469002C12D02B6894
:10557000002B01D0A342F7D1A368002BF4D0310057
:10558000380098470028EFDDF0BCBB46B246A9467C
:10559000A046F8BD4B465B6A984508D84A46926AD1
:1055A0005A4501D2984502D002204042ECE7012042
:1055B0000021FCF78BFBD2E7CC74002000400540B3
:1055C000D47400200A4A1368002B05D10CE01A009D
:1055D0001B691032002B07D09842F8D1002902D164
:1055E00003691360016170470029FCD01060FAE77D
:1055F000CC74002010B500F0D7FA10BDF0B5CE463F
:105600004746040080B583B0FCF756FB2600002710
:1056100036184F41002F30DBB9461A4B1A4D9846C9
:1056200043461C68002C03D116E02469002C13D0DB
:105630002B68002B01D0A342F7D1A368002BF4D034
:10564000012101A898470028EFDD6B46187903B0C7
:10565000C0BCB946B046F0BD0C4B5A6A4A4507D3A8
:105660009B6AB34201D24A4502D002204042EEE793
:1056700001200021FCF72AFBD2E70126044B7642E9
:105680009946CAE7CC740020D4740020004005403D
:10569000FFFFFF7FF0B5CE46474680B583B06B462F
:1056A0000600DD1D2870FCF707FB00231A4A1218BC
:1056B0004B41002B2BDB19490800884613F07CFA7C
:1056C000174B81461C68002C14D0164F02E0246949
:1056D000002C0FD02368002BF9D03B68002B01D0A1
:1056E000A342F4D1200001222900FFF7A1FE246982
:1056F000002CEFD14B46002B05D1300003B0C0BCCD
:10570000B946B046F0BD404613F02EFAF5E7012247
:10571000054B5242CFE7C04640420F00CC1E00204E
:10572000CC740020D4740020FFFFFF7F70B504000C
:1057300011F05CFF01230100050001222000FFF7AA
:105740007FFE084B1C68002C06D06368002B05D038
:1057500098472469002CF8D1280070BD2469002CDA
:10576000F3D1F9E7CC7400207047C0460022014B0A
:105770001A707047387B00204B790020FF2B0BD12B
:105780008B79002B08D1CB79012B05D1082A03D9BD
:105790008A78024B09301A707047C046387B002067
:1057A0000120704710B5012909D1154953791079A5
:1057B00009781B0203430020994202D010BD01204A
:1057C000FCE75378012B08D0022BF7D1002064228C
:1057D0000021FCF7F9FB0120F0E7D37891781B0258
:1057E0001943DB0507D54A0A100001231A407E330E
:1057F0001940FCF76FFC01204A0A4042F5E7C04619
:10580000387B0020004870474890011070B50500B3
:1058100014000120012909D153780020012B05D162
:10582000637912791B021343072B00D070BD21004E
:105830002800024A9F3301F061FAF7E76C900110EB
:1058400001230370004870472890011048780B78B6
:105850008A7800021843120410439622CB7810B5C0
:105860001B060343D200934200D010BD002201204A
:1058700011004042FCF72EFC024B1860024B1960ED
:105880007047C0468C7000209070002010B5024B0D
:105890001878FBF7D9FB10BD397B0020154B70B58C
:1058A0001A68002A22D0EFF3108172B6106800281F
:1058B000FCD0BFF35F8F00220F48596002701B6855
:1058C000BFF35F8F1A6081F31088002400250B4E10
:1058D0003078FBF7ADFB002804D100240025290017
:1058E000200070BD3078FBF7AFFBF8E7FA24002505
:1058F000A400ECE7787900203A7B0020397B002077
:1059000070B5040000200E0001F022FB002835D005
:10591000002001F033FB002830D0FCF7CDF9002344
:10592000184A12184B41002B24DB174D280013F0A6
:1059300043F9002822D0002001F00AFB00280BD1F7
:10594000012000210324404200F00AFD64422800A7
:1059500013F00AF9200070BD002001F00FFB0028B1
:10596000EED021003200002001F014FB041EEED125
:10597000033CECE70122054B5242D6E70324644284
:10598000E8E7C04640420F00047A0020FFFFFF7F97
:1059900010B5FCF791F900230E4A12184B41002B69
:1059A00013DB0D4C200013F007F900280CD0012068
:1059B0000021404200F0D4FC002001F035FB00281B
:1059C000F5D1200013F0D0F810BD0122034B524254
:1059D000E7E7C04640420F00047A0020FFFFFF7F48
:1059E000F8B5DE46574680B505000C00FCF764F9B3
:1059F0000023364A12184B41002B5ADB3449080069
:105A00008A4613F0D9F8002803D1C0BCBB46B24681
:105A1000F8BD002001F09CFA00284ED00026002C92
:105A200043DD2C4B9B4614E0A919002001F038FB04
:105A3000070001200021404200F092FC002001F00C
:105A4000F3FAFCF739F9234BF61918605960B442A0
:105A50002BDD002001F046FBA71B0200B84200DD51
:105A60003A00002AE0D101200021404200F078FCF9
:105A7000002001F0D9FA002001F06AFA002814D0C1
:105A8000002001F02FFB0028E1D1FCF715F95B465F
:105A90000F001A685B68002184460F4812184B41BA
:105AA0009F4202D8D3D19445D1D9504613F05CF827
:105AB000ABE70122094B5242A0E700200021054B31
:105AC00018605960504613F04FF89EE740420F00AF
:105AD000047A00208067002020A10700FFFFFF7FDD
:105AE00030B52A4C85B00021200013F055F800286D
:105AF0001CD1274B1A68002A16D0EFF3108172B61A
:105B000010680028FCD0BFF35F8F01242148596042
:105B100002781B68D2B20470BFF35F8F0020186058
:105B200081F31088002A17D005B030BD0120002174
:105B3000404200F015FC002001F020FA0500200092
:105B400013F012F8002DEFD0134B1B68002BEBD095
:105B5000124A10689847E7E7FBF782FE0400FCF75B
:105B6000ABF8FA220023920012184B41002B09DBFC
:105B70000121029100210191094920000091FBF7C8
:105B800073FED1E70122074B5242F1E7047A00206D
:105B9000787900203A7B00208C70002090700020E3
:105BA0009D580010FFFFFF7FD02310B51B0684B067
:105BB0001C68FBF755FEFBF751FFA04202D0002006
:105BC00004B010BD294B002100201B7801F07EFDA0
:105BD00027480368002B41D00120FBF7C7FBFF23B8
:105BE000244C254920701840FBF748FA2078012101
:105BF000FBF70CFA0520FBF72FFA002821D1082229
:105C000000211E48FEF75CF8FBF72AFE0400FCF7B3
:105C100053F8FA220023920012184B41002B20DB8C
:105C20000121029100210191154920000091FBF70B
:105C30001BFE0028C3DB13480121FFF7C3FC012032
:105C4000BEE70120FBF7B2F901000C48FBF7F4FBBB
:105C5000002205200C49FBF73BFAECE7FBF7CEFBF3
:105C6000BAE70122094B5242DAE7C046ACA4011060
:105C7000047A0020397B0020E15A00107879002056
:105C80009D580010501000208D580010FFFFFF7F1E
:105C900000487047B49101100048704760910110AE
:105CA00070B5040017480378002B21D0002C06D1D2
:105CB000C1241548154BA4004380048070BD052CF9
:105CC0001DD8134B1048A400E558811C002304E0A4
:105CD00001330A800231132B0ED0EA5CDCB2002AB9
:105CE000F6D1C0230134E4B264009B001C43E4E716
:105CF000112100F017F8D9E7CA24A400DDE700203D
:105D0000DCE7C046C87A0020A47400200904000023
:105D1000C891011010B5024800F0D8F810BDC04677
:105D2000A879002030B54B1E012900D1A7E0664AB2
:105D300011780D112C0030349F2900D9A2E0047095
:105D4000012B00D1BEE00F21147821400C0030342B
:105D5000092900DD98E04470022B00D1B2E05478AC
:105D60002511290030319F2C00D990E08170032B40
:105D700000D1A7E00F2121400C003034092900DDBB
:105D800087E0C470042B00D19CE094782511290091
:105D900030319F2C00D97FE00171052B00D191E0BB
:105DA0000F2121400C003034092900DD76E04471D8
:105DB000062B00D186E0D4782511290030319F2CA4
:105DC00000D96EE08171072B00D17BE00F212140CB
:105DD0000C003034092966DCC471082B00D171E055
:105DE00014792511290030319F2C5FD80172092BBD
:105DF00068D00F2121400C003034092958DC44724E
:105E00000A2B5FD054792511290030319F2C52D8AC
:105E100081720B2B56D00F2121400C003034092900
:105E20004BDCC4720C2B4DD09479251129003031F4
:105E30009F2C00D9073101730D2B43D00F21214036
:105E40000C003034092901DD37310C0044730E2B6E
:105E500038D0D1790C11220030329F2900D9073275
:105E600082730F2B2ED00F220A4011003731092ADE
:105E700001DC30321100C173102B23D0103000230D
:105E8000037030BD07345AE737310C0063E7073140
:105E90006CE737310C0074E707317DE737310C00D0
:105EA00085E707318EE737310C0095E707319DE72D
:105EB00037310C00A3E70731AAE737310C00C47271
:105EC0000C2BB1D1C018DAE7A879002030B5002535
:105ED00089B004000922002101A80095FDF7F0FE19
:105EE0000922002105A80495FDF7EAFE4B236A4626
:105EF0006846137004A90D2212F02EFE1521082207
:105F000020006944FDF7E2FE09B030BDF8B500F0AD
:105F100045F90C23194DFF22AB6705201849FBF703
:105F2000D7F8184C402200212000FDF7C9FE402779
:105F3000002301262121144A66702783A260136082
:105F400063545F31618445396354104A104963607A
:105F5000E2602787A1620B606362E26212F044FE96
:105F600080239B052E64EB6490230A4A0120EA50AB
:105F70008022094B5202DA64F8BDC046000011507D
:105F8000E9040020347500208400105000011050F6
:105F90008000105010D001000020115010B50121D8
:105FA0000520FBF733F810BD10B500220021024890
:105FB00000F014F910BDC04654750020044B197050
:105FC000002904D080219023024A8902D1507047D1
:105FD000317B0020002011500B785B0602D14B78FA
:105FE000052B00D070478A78014B1A60FAE7C0464B
:105FF00000001150F0B5C646C87800B58007830F81
:106000001800012B61D08F780C794B797F211B020E
:10601000394023434E00FC09334D32195201AA186E
:10602000977001276740577000275B055B0DD7709D
:106030001383D076B846CA00012C32D02B4FBC4611
:106040008F016244BC46AC446746BA60474617605D
:10605000002932D0264AC900904662464144516028
:106060003F223F339343022838D0224937190A6828
:106070007F01D3180B602049EF19FA608B422FD8AB
:10608000341964012D19EB7E1C499B064A401343C9
:1060900080220120120613436A68136080BCB84650
:1060A000F0BD174FBC468F016244BC46AC44674606
:1060B000BA6247461760002909D1002364012D19EF
:1060C0006B60104B0120EB60E8E70020E6E70B4A2D
:1060D000C9009046624641445162C1E75B00C4E793
:1060E000FCF722F8FA68CBE73475002084001050E2
:1060F0000400105058790020FF0F1050000010507D
:10610000800010500001105010B512F06DFD10BD50
:1061100010B57F200C0020404000E4091100001958
:106120001A00034B4001C01800F058F8012010BDC0
:10613000347500207F22130010B50B400A420BD0AB
:10614000C909802258004018064940014018120130
:10615000002112F059FD10BD02220348C909521A4C
:106160008266EEE734750020002011507F22100077
:1061700010B508400A4200D110BD0023C9094000F3
:10618000401804494001081800220349C37012F066
:106190003BFDF1E734750020FFF7FFFF80220A4B3B
:1061A000520410B51A60094B09491A6010000B68B7
:1061B0009843FBD18022002152010648FDF780FD63
:1061C0000922054B5A6710BD00E0004000F0004076
:1061D00008C00040000010500000115070B5837ED0
:1061E00004000D001600002B17D10023E3820133B9
:1061F0002000A682A376256112F0EEFC002804D0D0
:1062000080219023084A8902D150200012F004FD19
:10621000002805D00123237770BD12F0EDFCE4E7E0
:10622000200012F0D1FCF7E7002011507047C04663
:106230007047C04600207047002070477047C04636
:106240007047C0467047C0467047C046024B5878FA
:10625000431E9841C0B27047906B0020024B1878E3
:106260004007C00F7047C046906B0020F0B546460F
:106270004F46D646C0B52F4B814698461B780E0038
:106280000124FF2B43D1002940D0002154222A4869
:10629000FDF716FD0022294C294B20001A70FBF750
:1062A000ADF8284B1C60284C20001430FBF7B4F8E4
:1062B000200001F0F7FD254B254D1C60254B002BE0
:1062C00004D02800FFF7BCFA234B186023490024B0
:1062D00000238A462A78204F10E03A6863019446EA
:1062E0006344002B12D05B68002B0FD098472A78AC
:1062F0000134E4B2511C2300A1420EDBA242ECD8CF
:106300009B1A5B0153445B68002BEFD100242000F3
:10631000E0BCBA46B146A846F0BD43464A46310005
:1063200048461A70FFF7F2FD041EEFD04846FFF70B
:1063300035FEECE780100020906B0020886B002079
:10634000327B0020E46B002064100020E86B00200A
:10635000307B002041580010E0690020E4920110D9
:10636000F0B5DE4657464E464546E0B5C44B8BB0C9
:106370001B78FF2B00D12EE1C24BC34D9A4607ACD0
:106380002E687269EFF3108172B61368002BFCD08F
:10639000BFF35F8FB1613000210001F0C5FB72696E
:1063A000B369BFF35F8F0021116083F31088002869
:1063B00000D110E16378082BE2D852469B00D358F5
:1063C0009F466368002BDBD0A0689847D8E77F23FF
:1063D0002179AE4E0B405800CA093618B618320063
:1063E000012730321079B843107110790337B84360
:1063F0001071002B00D1F7E0A54A337D127893424B
:1064000000D3E5E0A34A5B011268D318002B00D14A
:10641000E1E09E6962792078A368B047B0E79E4AC0
:106420001378002B00D1D6E01378013BDBB2137058
:106430001378002BA4D10122944B01211B7893489F
:106440001343924A914E13703423D25C8A43C25450
:10645000C25C04208243F2540133F25C8A43F2545A
:10646000F25C8243F254237800209B4600F0AEFC9D
:10647000602223791A40602A0DD0402A00D1BEE064
:10648000DB06DB0E012B00D10EE1022B00D1D0E0A8
:10649000002B00D1BFE020780021FFF74BFE8021C8
:1064A0002078FFF747FE6BE7784E3378DB0700D4A0
:1064B00066E7FFF7C9FE63E7744BDB78DB0700D4C0
:1064C0005EE76068FFF7B4FE5AE7704E3378DB078B
:1064D00000D455E730780007C00FFFF7B3FE4FE751
:1064E0006E496B4E23788B466A499846894631003F
:1064F0003278002346460027884611E04A46126853
:106500007B0194466344002B6CD0DB6830009847D5
:1065100043461A780137FFB2511C3B008F4241DCE1
:106520009742EBD39B1A5B015B44EEE75B49584E05
:1065300023788B46574998468946310032780023A4
:1065400046460027884611E04A4612687B01944679
:106550006344002B21D0DB683000984743461A780B
:106560000137FFB2511C3B008F4205DCBA42EBD829
:106570009B1A5B015B44EEE7444E5422002130003D
:10658000FDF79EFB1022FF21301DFDF799FB300027
:106590002022FF211430FDF793FB00F00DFCFFF7E4
:1065A0004FFEEDE6394E542200213000FDF788FB06
:1065B0001022FF21301DFDF783FB30002022FF2138
:1065C0001430FDF77DFB00F0F7FB2379B370D7E6BD
:1065D000501C98420EDA0BB0F0BCBB46B246A9463E
:1065E000A046F0BD294EEEE762792078A36800F05E
:1065F00001FCC5E69B1A294A5B01D31809E7284824
:1066000000F0E4FB0121584608AAFFF7FFF8002834
:1066100000D0B5E63FE7202A00D14EE1002A00D0A5
:1066200039E76379092B00D935E71E4A9B00D35817
:106630009F467023217A0B4200D02CE77F26CB099E
:1066400098460E40114B76009B1943441F7D104B1A
:106650001B789F425ED3581CB84200DA49E1FF1A0A
:106660000E4B7F01DF19002A00D146E1786900F066
:10667000ADFB012158467B6908AA9847C7E7C04689
:10668000801000203C920110E86B0020906B0020ED
:10669000307B0020E0690020327B0020E492011072
:1066A0000D58001060920110237A0F2B00D9F2E6EA
:1066B000D64A9446D64A63441B791278934234D31F
:1066C000511C994200DAE6E6D24E9B1A5B01F6189D
:1066D000706900F07BFB01215846736908AA98474E
:1066E000002800D04CE66022160023791E401A4292
:1066F00000D0D0E663790A3B012B00D9CBE600F04D
:1067000065FB63790A2B00D150E1584608A900F0D7
:10671000DDFA35E6C04B7F011B68DF19002A00D186
:10672000EBE0002F00D1B6E6A0E7BB4A5B0116689C
:10673000F618002E00D1AEE6CAE7B44BA7795B7815
:106740009F42E2D0B14B5B78002B00D06AE1AF4BA7
:106750005F70002F00D155E1781EC0B2FFF79CFAA0
:10676000002800D14AE143780493022B00D045E190
:106770000121C279931152110B400A4012015B01B1
:106780001343A24A2F3112788A4313439F4A13704E
:1067900009239946C37882781B021343C3180293D6
:1067A0009D4B814498464F46029BBB4200D806E170
:1067B00001227B7800920B2B04D1FB7800933B786D
:1067C000FF187B78042B00D018E1029BB946DB1B35
:1067D0009BB203938E4B1E7800231F0001931BE096
:1067E000424612687B01D618002E00D106E14946C8
:1067F0005846039A336998470590082803D9039AA5
:10680000824200D3DEE0824B01371E78FFB2731C58
:1068100001979F4200DDF1E0BE42E1D8019B9E1B43
:106820007C4B76019C466644E1E7784B06AA5B7890
:10683000023213705846012308A900F05FFA9FE561
:10684000E088030AC0B20F2B00D924E673499A00EE
:106850008A58974608A800F0BFFA5846A179FFF772
:10686000A3FB0222694B1B781343684A137087E528
:10687000E388012B00D00EE60822644B1B7893437B
:10688000624A137041E70220604B197806AB9A1CEC
:106890008B068908DB0F01400B4313805846022307
:1068A00008A900F02BFA6BE5E388012B00D0F2E594
:1068B0000822564B1B781343E2E7237A0F2B00D9AB
:1068C000E9E5524A9446524A63441B79127893424E
:1068D00027D2514A5B011668F618002E00D1DAE57E
:1068E000706900F073FA01215846736908AA984745
:1068F0008DE60027002A00D0CDE502226379994673
:106900009343012B16D04B46002B00D0C3E53F4BE1
:1069100006AA9B19434430331B7902329B07DB0FD5
:10692000BBE7511C994200DAB5E53A4E9B1A5B0170
:10693000F618D5E7E388002B12D14B46012B24D063
:10694000374B1878FFF7F6FB0221304B9B19434475
:1069500030331A790A4301211A711A790A431A71DC
:10696000002F00D10CE5786900F030FA7B6908AAA5
:10697000012158469847002000F028FA3523234A81
:10698000D35CDB0700D5FBE4BFE6254B1878FFF7A7
:10699000EDFB02211D4B9B19434430331A798A4386
:1069A00049461A711A798A431A71D9E706AB9A1CBB
:1069B0005846012308A9167000F0A0F9E0E4FFF79B
:1069C0003DFCA2E63B004F469946009B012B00D1BF
:1069D00089E0009B002B75D000234E46B97805E076
:1069E00016710133009ADBB293426AD207485A18F3
:1069F0008446D2B262441079FF28F1D00023034AC2
:106A0000537048E5FFF71CFC7FE6C046906B002002
:106A1000307B0020E4920110E06900208892011090
:106A20008010002000215846FFF7C8FA5846FFF7AB
:106A30006BFB454B454E9B784549009389460023A7
:106A40003100327888461E0011E04A461268730110
:106A500094466344002B22D0DB685846984743464F
:106A60001A780136F6B2511C33008E4207DCB2426E
:106A7000EBD89B1A374A5B0194466344ECE75422F7
:106A800000213148FDF71CF92F4B1022FF21181D62
:106A9000FDF716F92022FF212F48FDF711F92A4BA7
:106AA000009A9A7053E6FEF7ADFE021E00D1F2E4A2
:106AB000D37891781B020B43584608A900F01EF9C1
:106AC000A5E5B146059E4B4632003900224800F04C
:106AD000A1FEB4461D4B019A1B78674401339342D3
:106AE00000DB61E68AE71D4B32699A4200D073E70A
:106AF000049B009370E7FFF79DFB021E00D1CAE4E0
:106B00005846137808A900F0F9F880E52189FFF7C5
:106B1000C7F8021EF4D1BEE4022B0FD0FFF78CFBA6
:106B2000021EC5D1B7E4FFF7B3F8021E00D1B2E4EC
:106B30001223584608A900F0E1F868E5FFF7ACF821
:106B4000021EB5D1A7E4C046906B0020307B002028
:106B5000E0690020E4920110A46B0020DD710010B8
:106B6000F8B557464E46DE4645460C00E0B51600E1
:106B70001F00002A3CD0702398461E4B00259B46E0
:106B80001D4B9A461AE05B461B78200099465346F7
:106B9000997800F003FE00281CD021004846FFF73A
:106BA00029FA002816D0A378DA09012A19D00A9AFE
:106BB000013513702378E418B54219DA6378052B90
:106BC00008D1E3789B079B0FBB4203D14246A378D1
:106BD0001A42D8D00020F0BCBB46B246A946A04617
:106BE000F8BD0B9A013513702378E418B542E5DB44
:106BF0000120F0E780100020906B0020702270B51B
:106C00008B780C001A4201D0002070BD064B20008A
:106C10001D78064B997800F0C1FD0028F4D02100C2
:106C20002800FFF7E7F9F0E780100020906B0020C4
:106C3000074B080019687F2310B50340C0095B00AB
:106C400034301818034B181800F064FD10BDC0460E
:106C5000E46B0020906B0020074B080019687F232D
:106C600010B50340C0095B0034301818034B1818E6
:106C700000F078FD10BDC046E46B0020906B002052
:106C80007F2070B508400F4C4000CD0924186419CE
:106C9000303425790020ED0700D570BD0126257917
:106CA0000948354300782571FFF732FA0028F4D1FE
:106CB0000122237993432371237903329343237170
:106CC000EBE7C046906B00208010002070B50A4EA4
:106CD0000500300008220C00FCF7F8FF00237F219C
:106CE000F3602278B36091425B412800D901002211
:106CF0000023FFF7C5FF70BD706B0020F8B5CE46CE
:106D0000474691462A4E80B50822070030000D0004
:106D10009846FCF7DBFF4B46B3600023F381EC7928
:106D2000A97924020C43231C444500D943469AB256
:106D30009046B381002C13D0002A1FD04B46002B65
:106D400034D0131C402A1FD89BB2984633787F2B2F
:106D500020D80021174A43463800FFF791FF09E089
:106D60007F222B7838009A42644100230022E101FF
:106D7000FFF786FFC0BCB946B046F8BD33787F2B1D
:106D800011D980210022E6E740239BB29846337850
:106D90007F2BDED9074C424649462000FCF796FF80
:106DA00080212200D7E700210022D4E70020E1E77C
:106DB000706B0020306B002010B5142200210248B7
:106DC000FCF77EFF10BDC046706B0020014B1861C0
:106DD0007047C046706B002010B5054C01000822BA
:106DE0002000FCF773FF0023A360E36010BDC046E2
:106DF000706B0020F8B5394C1D0023780600DA09C5
:106E0000C9098A4210D00020002D00D0F8BD210011
:106E10003000FFF7E1F82369002B42D02200032164
:106E2000300098470120F1E77F2B06D8A0680028A2
:106E300039D02A002A49FCF749FFA368E289591989
:106E40005219E38892B2E281A160934214D03F2D9F
:106E500012D9A589A81A071C80B240282FD82378F8
:106E6000BFB27F2B2DD80021AA4235D01C4A3B004F
:106E70003000FFF705FFC9E72369002B05D022008A
:106E800002213000984700280FD07F22002123786C
:106E900030009A42494100230022C901FFF7F0FE69
:106EA000B4E70120B2E70020B0E700213000FFF78F
:106EB00041F930008021FFF73DF90120A6E7402786
:106EC000CDE7AA4207D0064C3A002000FCF7FEFEB0
:106ED00080212200CBE780210022C8E7706B0020D0
:106EE000306B002070B50500FFF7B0F9002800D125
:106EF00070BDFFF7B3F90028FAD1C8236B43124ADB
:106F0000D618F1780029F3D010339C18200000F037
:106F1000F5FD3F28ECD90020F178FFF789FE002825
:106F2000E6D0200000F0EAFD3F2808D9EA01074D2D
:106F30004023F17852190020FFF7A2FED8E7F1783C
:106F40000020FFF789FED3E7686A0020E46900208B
:106F500010B50400FFF77AF9002801D1002010BD18
:106F6000FFF77CF90028F9D1C830444302480019E2
:106F7000037901201840F2E7686A0020C8235843CB
:106F800010B5034B1030C01800F09AFD10BDC0467C
:106F9000686A0020F0B5C824C64644431E4F1F4B04
:106FA0001034050000B53C199A4200D91C4A200053
:106FB00092B200F009FE8046FFF748F9002803D19D
:106FC000404680BCB846F0BDFFF748F90028F7D12D
:106FD000C8266E43BE19F378002BF1D0200000F0D4
:106FE0008DFD3F28ECD90020F178FFF721FE002825
:106FF000E6D0200000F082FD3F2808D9EA01094DC3
:107000004023F17852190020FFF73AFED8E7F178D3
:107010000020FFF721FED3E7686A0020FEFF000092
:10702000FFFF0000E4690020F8B50600FFF70EF945
:10703000002801D10020F8BDFFF710F90028F9D190
:10704000C82474432500144F2435ED19280000F09E
:1070500037FD0028EED03F190020B978FFF7E8FD92
:107060000028E7D00D48F60140363618310040229E
:10707000280000F0A9FDB978041E08D003003200F2
:107080000020FFF7FDFD0028D4D02000D3E700202A
:10709000FFF7E2FDCEE7C046686A0020E469002001
:1070A00070B5C82444430C4B2434E4180B4B050042
:1070B0009A4200D90A4A200092B200F03FFE060030
:1070C000200000F0FDFC3F2801D8300070BD2800F2
:1070D000FFF7AAFFF9E7C046686A0020FEFF00003C
:1070E000FFFF0000C823584310B5034B2430C018DD
:1070F00000F004FD10BDC046686A0020F0B5002510
:10710000184C83B0C82200212000FCF7D9FD164B93
:1071100021001D70FF236371E1235B02A360200047
:1071200008234022A37338310095073B103000F04C
:107130008FFC270001232100200026004022783107
:107140000093B837243000F083FCC0363800FAF7DB
:1071500055F93000FAF752F9E56127622663656355
:1071600003B0F0BD686A0020646A0020074B1A6A09
:10717000196B002A02D00022DA611A62002902D0BB
:1071800000221A635A6301207047C046686A0020D3
:1071900070B50F4C052200212000FCF791FD0D4D2C
:1071A0002B78DA0707D50C4C9B070CD50121200062
:1071B00000F098FE70BD2000103000F073FE2B78B8
:1071C000054C9B07F2D4200000F06CFEEEE7C046B1
:1071D000686A0020646A00208C6A0020F0B54B7950
:1071E000060083B0022B02D18B79022B03D000253D
:1071F000280003B0F0BD214FBB78002BF7D18B786E
:1072000009253B700C780C196378242B0BD1082AC4
:1072100002D80FE0AA420DD32378E418ED18637862
:10722000ADB2242BF6D0052B08D0042B02D1637904
:107230000A2B11D00020FFF755FED9E721003000BE
:10724000FFF7DCFC0028D2D0A3787B702378ED1800
:10725000E4186378ADB2E8E7094B2778019301336E
:107260000093022202233000E119FFF779FC002885
:10727000BDD00E35ED19ADB2DCE7C046686A00201E
:107280006A6A0020F8B560231400127805001340E4
:107290000020202B07D1304A6379277916781B020A
:1072A0003B439E4200D0F8BD6378222B28D007D8FC
:1072B000202B17D0212BF6D101293ED00120F2E757
:1072C000232BF0D1012940D00329F7D1234B002BE8
:1072D000F4D0E178A37809020020194300E000BF50
:1072E0000120E0E7012928D00329E7D11C4B002B1E
:1072F000E4D0083200201100FEF7A8FA0120D2E7FE
:10730000012922D00329D9D10125A178E4782E00C2
:1073100024020C43012114712640243210007140D4
:1073200000F0E0FD0F4B002BC8D0620800203100B8
:107330002A4000E000BF0120B5E707232100280014
:10734000094AFFF7DBFC0120ADE721002800FFF729
:10735000BDFC0120A7E7C046686A002000000000CD
:107360004D58001000000000706A0020F0B54F4634
:107370004646D646C0B5354D8046EA780C001F001B
:107380008A425BD19AB210239A46314EAA44310008
:10739000504600F0D3FC2F4B002B17D06B79FF2BFE
:1073A00014D0002F12D0F219914603E001364E4559
:1073B0000CD06B7932789A42F8D1504600F096FBA7
:1073C0000028F3D1697900E000BFEFE7224B002BE2
:1073D00004D0224800F08AFB002834D00020FFF7B8
:1073E00081FDAB78A34206D001242000E0BCBA4660
:1073F000B146A846F0BD1A4B002B02D0002000E099
:1074000000BF0020FFF710FE0028EDD1154D280029
:1074100000F056FB0028E7D1002FE5D0BB06E3D1F2
:10742000243D4046A978FFF703FC041EDCD000236E
:1074300000224046A978FFF723FCD6E7AB788B42C1
:10744000D9D00024D1E700E000BFC7E7686A002078
:10745000E46900200000000000000000786A0020BD
:10746000000000008C6A00209322F0B5134C85B018
:10747000002120009200FCF723FC2300200080263E
:1074800040270F4D4D337600FF332930029500938E
:1074900000220023002103970196FF3000F0D4F969
:1074A0004035201D28340023012200210397029536
:1074B0000196009400F0C8F905B0F0BD2C6D0020D5
:1074C000AC6C002010B5054C200000F0F3F9200052
:1074D0002538FF3800F0EEF9012010BD546E002071
:1074E00070B5084C0025200031302570FF3000F0C9
:1074F000D9FC20000C3000F0D5FC2A23FF33E554E2
:10750000657170BD2C6D0020F8B54E464546DE46CF
:107510005746E0B54B7981468846FF2B25D12A2373
:10752000414FFF330C78FE5C7B794444A5181E4321
:107530001BD1982252009246253AFF3A93468B7807
:10754000BA443B700B79BB44002B0AD06378052BFF
:1075500005D111E02378E4186378052B0CD0A542FF
:10756000F8D84346E01A80B200E00020F0BCBB46E9
:10757000B246A946A046F8BDA542F2D92100484628
:10758000FFF73CFB0028F0D0A3780136F6B2DB0908
:10759000012B2AD0504600F085FC2A23A278FF3325
:1075A000FA54224A6379944621791B020B435B0506
:1075B00094215B0D63445A425341022049007A5C96
:1075C0005B00824313437B5451464846083900F020
:1075D000D1F90028C9D02378E41843461B79B34277
:1075E000B4D84346E01A80B2C0E7584600F05AFCCF
:1075F0005A460E49A3788C460C3A53716379207928
:107600001B0203435B055B0D634459424B4102205F
:1076100011795B0081430B435946137108390020EF
:1076200000F076F9D7E7C0462C6D002000FEFFFF82
:10763000F8B52A251F4CFF35655D06001F008D42F9
:107640001DD19A235B00E35A002B0ED11A4B002B5D
:1076500004D000201949BAB200E000BF3000184938
:1076600000F088F901242000F8BD20009623313075
:107670005B00E158BAB2FF3000F060FBE6E76379E7
:107680008B4201D00024EEE70E4B002B04D03904CE
:107690000020090C00E000BF0B4D3000290000F075
:1076A00037F901240028DED13A002900300000F02B
:1076B00003F9D8E72C6D002000000000AC6C00201E
:1076C000546E002000000000306D002000B5030063
:1076D00083B0002910D00020012B07D80A78002A97
:1076E00004D00B48C2540120012A01D003B000BDD0
:1076F0001800FEF7BBFDF9E7012301A900200B806C
:10770000FEF7B4FD0028F1D00122014B1A70EDE71D
:10771000846B0020037870B5DB0704000E00DD0FDA
:10772000002B17D103785B0701D5280070BD01211C
:107730003000494211F038FA2378DB07DD0F002BC7
:107740000AD123785B0708D4042223780125134348
:10775000237002E00025E8E70025300011F004FA6C
:10776000E3E7C04670B50D0001210400494228003E
:1077700011F01AFA23785B07DE0F002B04DB2800D8
:1077800011F0F2F9300070BD2378DB0704D4042235
:10779000237893432370F2E70026F0E710B543798E
:1077A00004791B0223435B055A0DC3789B079B0F8B
:1077B000022B05D0032B15D00020012B08D010BDC3
:1077C00002291CD00020402393424041C0B2F6E77A
:1077D00002394B4259410D4B9C4661449142404114
:1077E000C0B2ECE702394B425941F0230020494234
:1077F0009B001940403191424041C0B2DFE7044B49
:10780000D3185A425341D8B2D9E7C046FF0300000B
:1078100000FEFFFF8A1870B5914207D27F264C7890
:10782000052C04D00C7809198A42F8D870BD3400B0
:107830008D782C4064000419ED0963550C78091902
:107840008A42ECD8F2E7C046F0B5C64600B582B031
:10785000150008AA40CA040017880BAA1288012044
:1078600090460A0021780240814320001143217094
:1078700000933A0001233100083000F0E9F8002EAF
:1078800001D0002F08D10A9B01206360434663802A
:1078900002B080BCB846F0BD26001C363000F9F7B7
:1078A000ADFD0023002D01D0330000266361A661E9
:1078B000E9E7C04601207047F8B5E023070008005B
:1078C0000C785B00A407E4171C4008300D0016007C
:1078D0003F3400F0F5F8002807D1002E05D03442DF
:1078E00003D101242B781C4201D00020F8BD3800C0
:1078F0006978FFF79DF90028F7D02B781C42F4D166
:107900000023002238006978FFF7BAF9EEE7C04695
:10791000F8B50D000835060028000C0000F0D0F87E
:10792000002803D0012723781F4201D00020F8BD92
:1079300030006178FFF77CF90028F7D028006288D2
:10794000616800F041F92378051E0BD01F42EDD18C
:107950000300626830006178FFF792F90028E5D0F3
:107960002800E4E71F42E1D130006178FFF774F9A5
:10797000DCE7C046F8B5CE46474680B58B890600A1
:107980000C00002B08D101250B781D4241D00020AE
:10799000C0BCB946B046F8BD0B789B0734D4402331
:1079A0005B429946402527000837380000F0A6F8CA
:1079B000A842ECD30122237890461A42E7D1300046
:1079C0006178FFF735F90028E1D0380000F096F82B
:1079D00042462378854231D81A42D8D14B46628834
:1079E0001840051C80B2904200D9151CADB200228F
:1079F0006178002D00D062682B003000FFF740F95D
:107A00000028C4D02800C3E78025104BAD0099465C
:107A1000C9E74978FFF70CF90028B8D023781D4250
:107A2000B5D1638800226178002B00D062683000F5
:107A3000FFF726F90028AAD06088A9E71A42A6D144
:107A400030006178FFF708F9A1E7C04600FEFFFFAC
:107A5000F0B5C64600B5040006A805788020884623
:107A600017001E000002824227D8E068002803D0D9
:107A70000121494211F098F82069002803D0012122
:107A8000494211F091F84346236073045B0CED0307
:107A90001D430023E0686381A780E58023810028DF
:107AA00001D011F061F820690124002801D011F003
:107AB0005BF8200080BCB846F0BD0024F9E7C04662
:107AC00010B5048941898288A3B288B28C4207D359
:107AD0001B1A9BB2101C9A4200D9181C80B210BD10
:107AE0005100091A5B189BB2F4E7C04603000089F5
:107AF0005B89C01A43425841C0B2704710B504892F
:107B000041898288A3B288B28C4207D31B1A9BB2E8
:107B100000209A4201D9D31A98B210BD5100091A17
:107B20005B189BB2F4E7C04670B5040000690E0014
:107B3000002803D00121494211F036F825896089D7
:107B4000A288A9B283B285422CD3CD1AADB2002D42
:107B50002ED0AA4208D2914231D38B1A9BB26381B4
:107B60009A4203D89B1A9BB29A42FBD9E2882168B9
:107B70005204520C53433000C918FCF7A7F861892E
:107B800001254B1C9BB2A288994214D900235200B4
:107B90009B1A9BB220696381002801D010F0E4FF9A
:107BA000280070BD5500ED1A4D19ADB2002DD0D191
:107BB000002563899BB252009342EBDBE8E789180A
:107BC0008BB26381CCE7C046F0B546464F46D646F9
:107BD000C0B50600006989469046002803D00121FF
:107BE000494210F0E1FF31897289B5888BB294B2B5
:107BF000914257D31F1BBFB2002F4DD0BD4205D2BB
:107C0000AB4254D25B199CB22F0074814346B845F5
:107C100040D89FB2A54203D8641BA4B2A542FBD9A9
:107C2000F288281B5204530C1900984633686143AC
:107C30009C4680B26144874226D94346584383B26A
:107C40001A0048469A46FCF741F8434648467D1BD1
:107C500064195C4331685044A2B2FCF737F871896B
:107C6000B588CB199BB26A00994217D99B1A9BB26F
:107C700030697381002801D010F076FF3800E0BC35
:107C8000BA46B146A846F0BD424648467A43FCF79C
:107C90001DF8E4E73B1CBCE773899BB26A00934282
:107CA000E6DBE3E76F003F1BDF19BFB2A4E75B1B16
:107CB0009CB2A9E7F8B50400C0680E00002803D004
:107CC0000121494210F070FF258920896189A2882D
:107CD000ADB283B28FB2884228D3DB1B9BB29A42EB
:107CE00009D8E779FF0906D1E068002801D010F033
:107CF0003BFF3800F8BD2B00954203D39B1A9BB283
:107D00009342FBD2E28821685204520C5343C818B4
:107D10003100FBF7DBFFA2886B1C9BB252009D4237
:107D200009D99B1A9BB201272381DDE75100C91BAA
:107D30005B189BB2D3E79342F5DBF2E7F0B54E4612
:107D40004546DE465746E0B589460500140083B037
:107D5000002A6ED0C068002803D00121494210F0EB
:107D600023FF2F89EA796B89BFB29BB2D20942D136
:107D7000AE889F4267D27200D31AFB189BB20022D2
:107D800090469E4231D9F31A1A1C9BB2A34200D9E5
:107D9000221C93B29846E8884346DB199BB29B4667
:107DA0003C00BE4203D8A41BA4B2B442FBD24004A0
:107DB000430C18009A462B6860439C46311B89B2DD
:107DC000604441454ED35246434649465A43FBF729
:107DD0007DFFAB885B00BB4501D39B4503DB5A4667
:107DE000D31A9BB29B465B462B81E868002822D0C1
:107DF00010F0BAFE1FE0AA889046944226D29F4215
:107E000044D34146FA1A92B2490012198A4209DB58
:107E100042469A1892B2171BBFB29346BB423AD958
:107E20007F1ABFB2E3199BB246469B46A046E8883C
:107E3000B6E700239846404603B0F0BCBB46B246C6
:107E4000A946A046F0BDFB1A9BB298E7E888A21AA3
:107E50004404640C54434246A144002AC5D046461B
:107E60001F0099E75346594389B20A0001914946D8
:107E7000FBF72CFF43469A1B5346A2185A4301991D
:107E8000286892B24944FBF721FFA2E75100CA1AC1
:107E9000BA1892B2B9E7B942C2DD4646E888A046B0
:107EA0007EE7C04610B50400C068002803D0012159
:107EB000494210F079FE2069002803D0012149428F
:107EC00010F072FE0023E06863812381002801D056
:107ED00010F04AFE2069002801D010F045FE012074
:107EE00010BDC04670B50400C0680D00002803D066
:107EF0000121494210F058FE2069002803D00121D9
:107F0000494210F051FE7F21E379ED011940E0680C
:107F10002943E171002801D010F026FE20690028D5
:107F200001D010F021FE012070BDC046F0B55746CB
:107F30004E464546DE46E0B587B007000192129AEC
:107F40001C0090460022029310AB18783B68119EEB
:107F5000DA66013259600590DA66231E00DC97E08C
:107F6000013B0093012343405B02049300239A46A4
:107F70000393103300249946002E02D0012140467D
:107F8000B04753460021002B03D13A79531E9A4142
:107F90009102009B002053455BD05546019A3B68F7
:107FA000525D00250A4302431A61002E30D0444638
:107FB00004E049463B685A6B11421AD10021200067
:107FC000B0470543EDB20028F3D0A0460400002DD1
:107FD00046D101239C46029BE2445345CCD15046F6
:107FE000059B3B7107B0F0BCBB46B246A946A04614
:107FF000F0BD80229A58A0460392002A13D1002D8A
:1080000013D1009A52453ED0002300240393E0E7A9
:10801000002CDED149465A6B1142FBD080229A587F
:108020000392002AEDD001255A6D002E25D0802321
:108030009B009B46444604E059463B685A6B0A4203
:1080400009D100212000B0470543EDB20028F3D04C
:10805000BBE70498A1E7A04600241B6E002DB8D012
:10806000002C18D1039B002B03D0DA0701D41B0787
:10807000B5D401235B429A46B1E7802189005A6B4F
:108080000A42FCD0E8E7059A002ABDD10025CCE7DA
:1080900000239A46A3E702235B429A469FE7C04625
:1080A000F0B557464E464546DE46E0B5060085B07B
:1080B000019200229A460EAB187833680F9CDA665C
:1080C00001325960DA665346109D0390002B68DD3B
:1080D000012300275B4253449B460123A946B8462F
:1080E000250043405B020293002D02D00121484647
:1080F000A84733685A6F102AFCD04246002A3DD068
:10810000802200215200D84541D01A61002D2BD089
:10811000802440271A595A6B174211D00021484633
:108120005B6DA847002826D002277F423800039BBA
:10813000337105B0F0BCBB46B246A946A046F0BDBF
:1081400000214846A8470028EED133689A6F002ADC
:10815000E0D041461B69019A535401239C46E044F8
:10816000C245C1D14746E1E7802040211A585A6BE9
:10817000114212D05B6D01277F42D7E73279002A86
:10818000BED0A0228021D200C900D845BDD1029A1C
:108190000A43802149000A43B7E79A6F002AE5D0D5
:1081A000D7E70027C2E7C046F8B5DE4657464E4639
:1081B00045468346E0B505200C00F9F7AFFE060002
:1081C000600821008019FAF7B5F84300984680440A
:1081D000070005214046FAF7ADF83B1A9A461E4BB8
:1081E0008146700080199C4231D81C49FAF7A2F8E8
:1081F000451C5B461C6800230422E36623680120BB
:108200005A400623134080225201A218136053469D
:10821000E3614B46236243464F2B03D9502140462E
:10822000FAF788F8A023E050E06F0D4B45402D048D
:108230002D0CE3181D60012339003000E366FAF7C6
:1082400079F8F0BCBB46B246A946A046F8BD054940
:10825000FAF770F8451CCCE73F420F008096980073
:108260007C10000040787D01104A70B5821A53429C
:108270005A41072352429A430D4B10321A600D4B5C
:108280000D4C1A60150023689D432B1EFAD16624FD
:108290000268FF340571D5661460633C8833FF3C87
:1082A000D5639563D450FFF77FFF70BD8410002025
:1082B00000E0004000F0004008C00040F0B5CE46AD
:1082C000474680B589B01F0010AB1B780400994663
:1082D00004AB98461600129A139B40460D00F9F71E
:1082E000D3FC434602934B460190009332003B007F
:1082F00029002000FFF71AFE09B0C0BCB946B046FD
:10830000F0BDC046F0B5CE46474680B589B01F00E7
:1083100010AB1B780400994604AB98461600129ADD
:10832000139B40460D00F9F7AFFC434602934B46C2
:108330000190009332003B0029002000FFF7B0FEBF
:1083400009B0C0BCB946B046F0BDC046014B186884
:108350007047C04624930110F0B5454657464E4637
:10836000DE46E0B589B0129D0400894690461F00A4
:10837000002D67D050239A46AA44504600F0FAFFD9
:1083800000285FD0002C5DD0236864269B46002B1C
:1083900007D0300009B0F0BCBB46B246A946A046A3
:1083A000F0BD484608F036FB00284DD04346002B70
:1083B00048D0002F46D05B46079307AB05935B463A
:1083C000049303932B006A46583343CB43C253466E
:1083D000390048462A6D5B6808F086FB00284CD1BE
:1083E000C820296E2B6D9847206000284CD0484645
:1083F00008F046FB2B0064332668079A0093414639
:108400002B0001F02BF9C4222368B05098580028A3
:108410002BD07033190001F027FA061E16D148231D
:108420002468EA5C7033E254290070222000FBF7D4
:108430004DFC4B461A68C023E250296E6B6D0798BD
:108440009847A6E70B26A4E7C826A2E72368002BD7
:1084500011D0C4269A59002A07D0484608F010FBCC
:108460002368995901F010FA23681800296E6B6D82
:108470009847002323600126DFE703000222673BC1
:10848000934303D00A28F6D10A26D6E76726D4E715
:1084900070B5114E88B050221049050002AC300072
:1084A000FBF714FC200000F05BFF3300503307CCD7
:1084B00007C306CC06C36C46200000F0EFFF330074
:1084C000643306CC06C3280070223100FBF7FEFBA4
:1084D000280008B070BDC046386500202893011000
:1084E000F8B504000D001600002819D00368002B11
:1084F00016D0C427DA59002A12D0C022985807F0A3
:10850000BFFE00280CD02368D859002808D0002DC1
:1085100009D03200290001F035F8431E984101E0EE
:1085200096204000F8BD0B20FCE7C04670B5041E45
:1085300012D00368002B0FD0C4255A59002A0BD043
:10854000C022985807F09CFE002805D0236858598F
:10855000431E9841C0B200E0002070BD002808D042
:108560000368002B05D0C4229858431E9841C0B21E
:1085700070470020FCE7C04630B50C0085B00028ED
:108580003BD003780A2B3AD81E4A9B00D3589F460B
:108590000A6A436B9B009B585A1E934139228354AD
:1085A000002005B030BD0A68F3E78A69F1E78A6800
:1085B000EFE70A69EDE740680500030002000100EB
:1085C000433502954230013500904133200040325E
:1085D000103101950AF0CCF8E3E74068050003008C
:1085E0000200010023352230009021332000203288
:1085F000103101950AF016FBD3E70B20D1E70120DB
:10860000CFE7C04678930110F0B5C64600B5040028
:108610009AB0002800D181E003780A2B00D950E1FC
:10862000A94A9B00D3589F4620234068C35C002B77
:1086300000D0A5E02223C35C002B00D0D1E0212391
:10864000C35C002B00D06BE0002528001AB080BC72
:10865000B846F0BD436B0A6A9B009B58002BF3D0D1
:10866000010082681031406808F0EAFB051EEBD07B
:10867000964B984212D027E0436B0A689B009B58A8
:10868000002BE1D08168002340680AAA08F03AFC78
:10869000051EDAD09223FF33984215D139230022E8
:1086A000E254D2E7436B8A699B009B58002BCBD0E6
:1086B000010082681031406807F082FD051EC3D0BA
:1086C000F623FF339842C0D000F080FEBDE742237E
:1086D0004068C35C002B6CD1C369002B03D04023DE
:1086E000C35C002B3BD14423C35C002B00D092E041
:1086F0004323C35C002BA7D0C26A0AA9103009F03B
:10870000EFFE051EE0D10E9A0F9B60680AF0B4FBE5
:1087100000289AD023230122C25496E70B2594E720
:1087200010300AAA04A90AF095F9051ECCD1606898
:108730000AA90AF055FB061E00D1ACE00820012171
:1087400030560AF0E5FA0700032800D096E0300022
:108750001822583004A9FBF7B9FA377275E7816A15
:10876000103009F049FF051EAED16068816A0AF039
:1087700037FB002802D022230122C2546068B2E7EE
:108780000AF002FB061E606800D153E731007060FA
:10879000F269103028310AF08DF8051E00D089E00A
:1087A00030001022F1690930FBF790FA35726068E9
:1087B00040E7103004AA0AA909F010FE051E00D0F7
:1087C00082E70E9A0F9B60680AF044FB002806D0EF
:1087D00020230122C2546B461A7C2123C2546068B4
:1087E0007AE7103004AA0AA90AF0EAF8051E00D0B8
:1087F0006AE7606804A90AF0F3FA051E06D0182299
:1088000040300AA9FBF762FA02232B7222230022CE
:108810006068C25413E702000AA93032103009F030
:10882000A5FE051E00D04FE70E9A0F9B60680AF068
:1088300035FB061E3CD0012383846068836B002BCC
:1088400000D155E72523002598460127436B690091
:108850009C464919C90061440AF0C2FA002807D0B1
:1088600043466068F754836B0135AB42EED83FE76F
:1088700060680135836BAB42E8D839E7646806A9C4
:1088800010226846FBF722FA03212000049A059B78
:108890000AF078FBD9E6646806A910226846FBF75F
:1088A00015FA02212000049A059B0AF06BFBCCE626
:1088B00060681DE7310060680AF078FA00F086FD14
:1088C000C3E60125C1E6C046A49301105902000089
:1088D000F0B5C64600B50278040084B00A2A00D973
:1088E0003BE19F499300CB589F46062A00D12CE1DB
:1088F000072A00D022E1C26A816A25008068236BC2
:1089000098471035A26A6068290008F0D1FA04007F
:1089100075E0A068236B98470024200004B080BC59
:10892000B846F0BD42234068C35C002B00D1A7E0ED
:1089300020230027984621260AF0C2FA051E00D1FE
:108940009DE04346EF54636828009B69A95DE26A95
:108950009847AB5D002B5FD028000AF0F9F900289A
:108960005AD101232B726068E6E724234068C35C78
:10897000002B1ED12023C35C002B5ED0794E00213A
:108980000AF048FA051E55D0636828009B69E16A21
:108990009847B04246D0002128000AF0B1FA60683A
:1089A00029000AF003FA6068E9E748680AF0FEF96E
:1089B00060680AF03FFA011EF7D124236068C154B1
:1089C000D8E7036B98470024A7E73923C35C002B43
:1089D0009FD1036B0020984700249EE73923C35C96
:1089E000C16A002B13D1036B00209847002494E741
:1089F000406808F06BFD5C4B04009842E3D0002C0B
:108A000000D18AE700F0E2FC87E701001031A0689E
:108A1000236B9847002480E7606829000AF0C6F9B4
:108A2000606889E7012128000AF06AFA01232B72A5
:108A30006068A4E720236068C5542123C35C002B31
:108A4000C1D0C568002D15D02526022702E02D686B
:108A5000002D0FD00823EB56032BF8D1C369E16A30
:108A600028009847A855002857D028000AF068FA2F
:108A70006068ECE7212300220024C2544DE76068BF
:108A80004023C35C002B13D0C568002D2BD02226B9
:108A90000027AB5D002B08D0C369AF55002B04D075
:108AA000816AE26A2800984760682D68002DF0D13D
:108AB0004423C35C002B16D0C568002D13D025239A
:108AC000242600279846AB5D002B09D0436AAF559A
:108AD000002B05D042462800A95CE26A98476068EE
:108AE0002D68002DEFD14323C35C002B00D16AE732
:108AF000232700260BE063682800D96AE26A1B6A14
:108B0000EE559847606829000AF050F960680AF04D
:108B1000E7F9051EEFD10024FFE6636829009846B7
:108B2000102260316846FBF7D1F801214046AA6D5A
:108B3000EB6D0AF027FA2F72606888E72500816ADA
:108B4000236B806898471035DCE605001035826A93
:108B500029008068236B9847D4E60124DDE6C046EF
:108B6000D09301103408000021030000F0B5C64680
:108B700000B5002836D0002934D00200030044207C
:108B800084460138002480462427383207E0507894
:108B9000002813D1013440334032A14222D0107852
:108BA00000280BD01D78082D0BD0092DEFD15D6862
:108BB0002E6A002E02D1E85D0028EBD080BCB846BA
:108BC000F0BD5E68356C2D02F8D16046305C00283F
:108BD000F4D14046305C0028F0D1013440334032BB
:108BE000A142DCD10020E9E7F0B505000F00160036
:108BF0001C00B1B0002849D0002947D0180000F06F
:108C0000B9FB002842D0002E40D0882223490EA86C
:108C1000FBF75CF888220EA92800FBF757F8684696
:108C20002F60AE6008F0BEFD280034226946143083
:108C3000FBF74CF800231A4A2169AA66EB662C61FF
:108C40002368B00198476860002824D0002400E021
:108C50006868A3013100C018013400F075FAA6421B
:108C6000F6D12800483000F063FA0E4B6A68AB6713
:108C70000023EB67002A0CD02A69002A09D0AA68D1
:108C8000002A06D080220020AB5400E00B2031B037
:108C9000F0BD0020FBE70A20F9E7C0462894011048
:108CA00000CA9A3B6D8B001070B5041E1FD00029BE
:108CB0001DD0C368A2680120934200D370BD6568CF
:108CC0009A01AC46624451600221250011800021C6
:108CD000013314351087D1622800E36008F06CFD81
:108CE000002806D1E36C00200133E364E6E70B20A3
:108CF000E4E7280008F06AFD0028F3D0DEE7C0466C
:108D0000F0B5C64600B5040098B000283AD0060079
:108D10001436300008F050FD0025002804D028004B
:108D200018B080BCB846F0BD300008F04FFD0028F8
:108D300025D104AF3D000AA808F034FD34220AA969
:108D40003000FAF7C3FFE36C20699C46236EA16CE8
:108D500098468CC88CC50CC80CC520686346039027
:108D6000606E42460290606D0190206D0090300070
:108D700009F064F8051ED2D000F028FBCFE700F020
:108D800025FBD6E70B25CAE7F0B5DE4657464E462B
:108D900004004546E0B5260083B0143693469A4653
:108DA000FFF7AEFF300008F0F1FD071E00D001E133
:108DB000A3680025002B21D038239846BD4B994647
:108DC0006268AB019446424663449A5C002A15D01F
:108DD0001A780A2A00D9E2E0494692008A58974652
:108DE0001A0030005968343209F04AF9019000281D
:108DF00000D096E0A36801359D42E1D353465A4620
:108E0000300009F06DF98023E35C002B00D1D6E03F
:108E1000012B00D0C3E00023A1680025984600295B
:108E200000D14FE1383399469223FF339A460EE042
:108E30003100FFF7A1FB051E02D0504500D0BCE079
:108E400001239C46A168E044884500D33AE14246AC
:108E500090014A4663681818825C002AE8D118001D
:108E6000E26FA36F9847002800D1A6E00022A36814
:108E70009046002B00D1A0E0383291469222FF327A
:108E800092460DE03100FFF7BFFB051E02D05045B2
:108E900000D092E001239C46A368E044984508D2A4
:108EA00042469001626894464A466044825C002AC9
:108EB000E8D10026002B00D17FE0382290460C320A
:108EC0009146013A92460EE00278082A00D106E166
:108ED000092A00D1F8E03922825C002A10D101363B
:108EE0009E425FD200256268B001944642466044CB
:108EF000825C002A61D04278002AE5D0012AEED1B6
:108F0000FFF7E6FC002800D0BBE0A368E7E71A0003
:108F100030005968343209F083F80190002800D1FC
:108F200068E700F053FA019F3CE01A0030005968EE
:108F3000343208F0FBFC0190002800D15AE7F0E73A
:108F40001A0030005968343209F034F801900028D2
:108F500000D14FE7E5E71A0030005968343208F0D5
:108F6000F9FF0190002800D144E7DAE71A005968B8
:108F700030003432103109F0F7FD0190002800D1A3
:108F800038E7CEE71A005968300000233432103138
:108F900009F07AFB0190002800D12BE7C1E700F02F
:108FA00015FA0127380003B0F0BCBB46B246A9460B
:108FB000A046F0BD00F00AFAF4E72F00F2E7002324
:108FC000A1680025984600297AD038339946922323
:108FD000FF339A460CE03100FFF7CEFA051E01D0B0
:108FE0005045EAD101239C46A168E044884567D2F8
:108FF000424690014A4663681818825C002AEAD10A
:109000001800E26FA36F98470028D6D00023984637
:10901000A368002BD1D038239A469223FF339B4676
:109020000FE00378082B37D0092B2CD03923C35CF1
:10903000002B22D101239C46A368E0449845B1D27D
:10904000002543469B019946534660684844C35CEB
:10905000002BB2D03100FFF7D7FA002804D05845D2
:1090600002D0154B98420CD160684844002825D0A6
:109070004378002BD5D0012BDCD1FFF729FC002849
:10908000D8D007008EE743681A6A002AF5D1243247
:109090009B5C002BCED0F0E74268136C1B02ECD136
:1090A0004433D35C002BE8D14333D35C002BC1D0D5
:1090B000E3E7C046FC930110590200000B2771E75B
:1090C00063689DE76368CAE64268116A002900D0B8
:1090D00016E72431525C002A00D100E710E741680E
:1090E0000A6C120200D00BE74A468A5C002A00D0C4
:1090F00006E752468A5C002A00D1F0E600E7C04647
:1091000070B5040016001D0000280ED0006807F09E
:10911000B7F8002805D032002B002000FFF734FEFE
:1091200070BD00F053F90120FAE70B20F8E7C046C4
:1091300010B5002805D020220021FAF7C1FD00203B
:1091400010BD0B20FCE7C04630B500280DD00B2326
:1091500000240380002500238462C562436083608D
:10916000036341630387002030BD0B20FCE7C0464A
:10917000F0B5C64600B506000F0090461C0086B04C
:10918000002835D0002B33D007F000FA23006A46C0
:1091900005900C3303CB03C205A821686268A3685D
:1091A00007F0F6F9051E1CD102AD280007F060F8A3
:1091B0003300380006CD06C33300414605AA07F048
:1091C000D9F8051E16D1310022000320B4600C31FD
:1091D00007F00EFF051E0DD105A807F027FA00289D
:1091E00001D000F0F3F8280006B080BCB846F0BD0E
:1091F0000B25F8E700F0EAF805A807F017FA0028B1
:10920000F1D0EEE7F0B54746CE4680B504000E003B
:10921000170098469FB0002827D0002925D0002AA3
:1092200023D0002B21D002AD280007F09DFA2300A7
:109230002A0003CA03C31000914607F02BFC280044
:1092400007F092FA230006CD06C34B462000009398
:109250003A004346310007F08FFA041E07D1200080
:109260001FB0C0BCB946B046F0BD0B24F7E700F014
:10927000ADF800F0ABF8F2E7F0B5C64600B5040073
:109280000D0016001F009EB0002824D0002922D017
:10929000002A20D0002B1ED0FFF758F802AB9846CA
:1092A00020601800FFF7F4F850220C494046FAF706
:1092B0000DFD43462000009332003B002900FFF7DC
:1092C0004BF8041E04D120001EB080BCB846F0BD8F
:1092D00000F07CF8F7E70B24F5E7C046B0940110E6
:1092E000F0B5CE46474680B506000D00914698463B
:1092F00089B0002822D0002920D008F047F803AF19
:1093000030603800AC6829008CCC8CC00CCC0CC010
:10931000109B2A0002934B460093434630000C31C9
:10932000019308F039F8041E05D1200009B0C0BC33
:10933000B946B046F0BD00F049F8F6E70B24F4E773
:1093400010B5FAF78BFC10BD10B5FAF79BFC10BDF9
:1093500010B5FAF7A9FC10BD10B5FAF76DFC10BDF9
:10936000020030B5024B32CB32C212CB12C230BD3A
:109370009410002000280DD00368002B0AD0436809
:10938000002B07D0C368002B04D08068431E98418F
:10939000C0B200E000207047084B1B78002B09D0BA
:1093A000074B1A78002A02D0064B18787047013212
:1093B0001A70F9E7044B1878F8E7C046357B0020AF
:1093C000367B0020147500209C8C01100021084A77
:1093D00000201180002100239060D160054A1370A5
:1093E000054A1178054A1170054A13707047C04646
:1093F00030660020367B0020E0A2011014750020AA
:10940000357B002030B5040085B000281CD06946AB
:109410000120F6F785FF01990098002912DB029DD3
:10942000002D0CDB0023094AFAF7F2FA2A00EB17A9
:109430008018594120606160002005B030BD0300F4
:109440000B43EFD10220F8E70B20F6E700CA9A3B66
:1094500030B5040085B000281CD069460020F6F71E
:109460005FFF01990098002912DB029D002D0CDBA3
:109470000023094AFAF7CCFA2A00EB178018594161
:1094800020606160002005B030BD03000B43EFD1C8
:109490000220F8E70B20F6E700CA9A3B002303609E
:1094A0000371704710B5002A12D0002B10D0029C17
:1094B000002C0DD0039C002C0AD0064C20700020FC
:1094C000E360029B61602361039BA260636110BD46
:1094D0000B20FCE7B079002070B5244B244C1A7B9C
:1094E00005000E00A544002A02D01C68002C1ED1E5
:1094F000802268461F4B920019788154694658684B
:109500008C328850D86819695A699B689B909C91E5
:109510009D9200216A4600209A9300F02FFA0028BD
:1095200015D0A4239B009D4470BD00281CD1A82306
:109530009B009C46A06832002900604403F078FB41
:109540006468002CF1D101235840C0B2E9E7320031
:1095500029009EA803F0BAFB0400684603F03EFB16
:1095600001206040C0B2DCE70020DAE7DC790020AF
:1095700070FDFFFFB079002010B5C96F04F002FA4A
:1095800010BDC046F0B504000D008FB0002855D0C6
:10959000002953D0006800F0C1FD00284ED0666855
:1095A000002E4BD0B469280023699847F269030064
:1095B0000590002A02D005A89047059B8027F25904
:1095C0001069A8229200944600937269B16F6044BA
:1095D00006AB05F095FC00281ED0A368280006A95C
:1095E0009847336A05000400002B01D006A898476D
:1095F0007A23F35C012B24D08023F358F16F186990
:10960000A8239B009C46604404F0BCF92840C4B2E7
:1096100001206040C0B212E0F3591869A8239B00F2
:109620009C460D4B02960193059B60440093726922
:10963000B16F06AB05F098FC0028CED101200FB029
:10964000F0BD7F33F3581869A8239B009C46604403
:1096500003F048FDDCE7C04679950010F0B54546BB
:109660004E46DE465746E0B58846050091461C004A
:1096700089B0002800D1DFE0002900D1DCE00068DB
:1096800000F04CFD002800D1D6E04B46002B00D165
:10969000D2E01B78002B00D1CEE0002C00D1CBE033
:1096A0006C486F680AF03CF9002800D1C4E0866875
:1096B000350084356E600AF0C7F98423F050183302
:1096C0009A46B24453464846AB600DF08FFF0130D6
:1096D0003C2800D9A8E04B463C215F4A5046FBF7A6
:1096E000F9FD8023F750FA2330009B005022F367E6
:1096F00021002830FAF7EAFA237A3A69022B00D1DE
:10970000A3E0DE239B00D358B367002340465349B0
:10971000F361336200F012FD002800D184E042685A
:10972000B261002A00D17FE02300494638000AF0E8
:10973000E3FB706200287CD03A69494BD05A411C47
:10974000D152032103F050FAE1239B009846424690
:109750003B6930619B589C4680239946F35862468A
:109760001869A8239B009A46062300931178527823
:10977000504412020A4361468B78C9781B041A438D
:10978000090611437B69326903F088F8E32102007E
:10979000386989008A4643584146415800F038FCF0
:1097A000002841D03A692F4BD05A411CD152052193
:1097B00003F01AFA4A46A821B35889001B698C465F
:1097C0001A0062440592424639697061895806A8B8
:1097D0008946716A8B46210000F03AFC06230699FF
:1097E0000393019102A98A8A01AB9A805B461B69A7
:1097F000059800934B465A7819789B7812020A43D1
:109800001B041A434B46D978336909061143726920
:1098100003F07CF85346414602003869C35841586A
:1098200000F0F6FB002808D1706A002801D000F093
:10983000D9FA280000F06EFA0025280009B0F0BC23
:10984000BB46B246A946A046F0BDDF239B00D358D5
:10985000B3675AE7987900203495011000950110FC
:10986000981500009A150000030010B50800002BA1
:1098700008D0002906D0596850222831FAF726FA74
:10988000002010BD0B20FCE7F0B5D6464F464646FB
:1098900004000D00C0B5002804D0006800F03EFCB4
:1098A000002806D101242000E0BCBA46B146A846F3
:1098B000F0BD6368002BF5D0002DF3D0286800F0D0
:1098C0002DFC0028EED06C68002CEBD0802399464C
:1098D000E358606A98460AF073FB4B46E358E22669
:1098E0001869A8239B009C46B600875960447B7882
:1098F0003978BA781B020B43F9781204134309062E
:109900006269194302F014FF4B46E35807001869D7
:1099100083599C46A8239B00994663466246197862
:109920005B7892781B020B43120413436246D17892
:10993000484409062269194302F0FAFE434681466B
:109940001869E4239B009A463A00C358815900F0F5
:109950005FFB43460400186953464A46C358815981
:1099600000F056FB002C06D00024002803D028006D
:1099700000F0D0F997E70224F9E7C046030010B5DC
:109980001000002B01D010331800002906D04969BF
:1099900003F0E0F801235840C0B210BD014B5968F4
:1099A000F6E7C046B0790020F0B5C64605001700BE
:1099B00000B5002A18D0037B002B15D1036043604B
:1099C0000223FF3383810023C8220C00002698461F
:1099D00082602100280009F0B7FF43460136A460E9
:1099E0002373C834B742F4D180BCB846F0BDC0463A
:1099F000F0B5C6460500170000B5002A18D0037B55
:109A0000002B15D1036043600223FF3383810023C1
:109A1000C8220C000026984682602100280009F028
:109A200093FF43460136A4602373C834B742F4D190
:109A300080BCB846F0BDC046F0B5C646050017006C
:109A400000B5002A18D0037B002B15D103604360BA
:109A50000223FF3383810023D8220C00002698467E
:109A600082602100280009F06FFF43460136A460A0
:109A70002373D834B742F4D180BCB846F0BDC04699
:109A8000F0B5C6460500170000B5002A18D0037BC4
:109A9000002B15D1036043600223FF338381002331
:109AA000D8220C000026984682602100280009F088
:109AB0004BFF43460136A4602373D834B742F4D138
:109AC00080BCB846F0BDC046F0B5C64605001700DC
:109AD00000B5002A18D0037B002B15D1036043602A
:109AE0000223FF3383810023A4220C000026984622
:109AF00082602100280009F027FF43460136A46058
:109B00002373A434B742F4D180BCB846F0BDC0463C
:109B1000F0B5C6460500170000B5002A1AD0037B31
:109B2000002B17D1036043600223FF33838100239E
:109B30000C0000269846094A82602100280009F09E
:109B400003FF43462373054B01369C46A4606444DF
:109B5000B742F2D180BCB846F0BDC046A81500009F
:109B6000F0B5C6460500170000B5002A18D0037BE3
:109B7000002B15D1036043600223FF338381002350
:109B80001C220C000026984682602100280009F063
:109B9000DBFE43460136A46023731C34B742F4D184
:109BA00080BCB846F0BDC046F0B5C64605001700FB
:109BB00000B5002A1CD0037B002B19D10360436041
:109BC0000223FF338381002384220C000026984661
:109BD000120182602100280009F0B6FE434623737B
:109BE00084231B019C460136A4606444B742F1D132
:109BF00080BCB846F0BDC046F0B5C64605001700AB
:109C000000B5002A18D0037B002B15D103604360F8
:109C10000223FF33838100232C220C000026984668
:109C200082602100280009F08FFE43460136A460BF
:109C300023732C34B742F4D180BCB846F0BDC04683
:109C4000F0B5C6460500170000B5002A18D0037B02
:109C5000002B15D1036043600223FF33838100236F
:109C60001C220C000026984682602100280009F082
:109C70006BFE43460136A46023731C34B742F4D113
:109C800080BCB846F0BDC046F0B5C646050017001A
:109C900000B5002A18D0037B002B15D10360436068
:109CA0000223FF338381002320220C0000269846E4
:109CB00082602100280009F047FE43460136A46077
:109CC00023732034B742F4D180BCB846F0BDC046FF
:109CD00010B50100014809F037FE10BDDC79002005
:109CE00070B504000068002806D0084B19680DF014
:109CF00031FC002809D120606168002905D00025C9
:109D000003480D6109F020FE656070BD2CA20110B2
:109D10006879002010B504000068002806D0084BC0
:109D200019680DF017FC002808D12060616800292F
:109D300004D0044809F008FE0023636010BDC0464B
:109D40002CA201109879002010B5040000680028AA
:109D500006D0084B19680DF0FDFB002808D12060E3
:109D60006168002904D0044809F0EEFD0023636017
:109D700010BDC0462CA201100C7A002010B50400C2
:109D80000068002806D0084B19680DF0E3FB002896
:109D900008D120606168002904D0044809F0D4FD8E
:109DA0000023636010BDC0462CA20110CC790020B6
:109DB00010B504000068002806D0084B19680DF0A3
:109DC000C9FB002808D120606168002904D004483C
:109DD00009F0BAFD0023636010BDC0462CA201103B
:109DE0009C70002010B501000400034809F0ACFD90
:109DF0000023A36110BDC046547A002082B0F0B5A4
:109E0000C64600B59C460793274B050098461B683D
:109E10000692002B46D019000024244E8A68496817
:109E20009259AA1A57427A41A4180029F6D106AAD3
:109E30001278022A2BD021D86246002A2CD0A445C1
:109E40002AD80020002B1CD00127194C17497F422B
:109E500002E05B68002B14D09A685658B542F8D1DE
:109E6000144EB446624416685268944202DCF0D143
:109E7000B742EED9370014001800EAE70020032AA1
:109E8000DAD080BCB846F0BC08BC02B018476346C4
:109E9000002B01D0A44503D9404609F041FDF0E76D
:109EA0000020EEE70024C2E7F47900201408000047
:109EB000FFFFFF7F18080000124B01001B68F0B580
:109EC000002B1DD0012700200F4D104C7F4202E0D7
:109ED0005B68002B13D09A681659B142F8D10C4E2A
:109EE000B446624416685268954202DCF0D1B7422B
:109EF000EED918005B6837001500002BEBD1F0BDE0
:109F00000020FCE7F4790020FFFFFF7F1408000029
:109F100018080000F0B5DE46454657464E46E0B507
:109F2000384B8DB09A461D680AF044FE8346884639
:109F3000002D44D15EE0032B51D000220023049277
:109F40000593012200230692079300260027102282
:109F500008A96846089609970A960B97F9F7B6FE7E
:109F600004980599069A079B09F006FB002805D07E
:109F70001E22002306960797049205936B680498A7
:109F80009946214B05999C46069A6444079B26688E
:109F9000676809F045FB36184F41B84507DC26D005
:109FA0006368434503DC06D123685B4503D9290078
:109FB000504609F0C9FC4B46002B1BD04D4682236E
:109FC000AC681B01E35C042B09D0052BB3D10F4B0C
:109FD0001022E15804A84831F9F778FEB5E70B4B99
:109FE0001022E15804A84031F9F770FEADE7B345FF
:109FF000D6D9DCE70DB0F0BCBB46B246A946A046B8
:10A00000F0BDC046F47900201808000014080000D4
:10A0100030B50E2587B06D442A801C008B78012B4B
:10A020000DD0A8239B009C460123009316332A00E1
:10A03000210060446B4403F0CBFC07B030BDA82383
:10A040009B009C46604403F04DF80120F5E7C046B4
:10A0500030B54C7AA31E5A4253410A7A5B42023A07
:10A060001C4053425A410B788988023B5D426B4148
:10A07000047042708370818030BDC046002370B58B
:10A0800004000B7023680800150086B0002B1AD05E
:10A090000F490E000F4A0592646802920E4A03911E
:10A0A000019229000D4A04940096FBF713F903006E
:10A0B0000020002B03DB01209D4202DDC0B206B070
:10A0C00070BD0020FAE7064B01491E00E2E7C046DA
:10A0D00024950110389501103C9501102895011028
:10A0E000E0A2011010B50300140082B00800009334
:10A0F0002100084B084AFBF7EDF803000020002B75
:10A1000003DB01209C4202DDC0B202B010BD002082
:10A11000FAE7C046489501104095011010B50400BB
:10A120000020002C08D009F08FFC010020000DF069
:10A1300011FA43425841C0B210BDC04610B5836801
:10A14000984710BD10B5040000680DF003FA002315
:10A15000002800D12300180010BDC0460448036841
:10A16000002B00D07047034B1B680360FAE7C04622
:10A17000B01000207C160020024B1A68024B1A60B7
:10A180007047C0467C160020B010002009207047A0
:10A19000C90040187047C046C900401841680068AF
:10A1A000106051607047C046C9004018536812687B
:10A1B000026043607047C04610B50AF03FFD10BD15
:10A1C00010B50AF091FD10BD0920704709207047B5
:10A1D000C90040187047C046C90040187047C046C3
:10A1E000C90040187047C046C90040187047C046B3
:10A1F000C90040187047C046C9004018416800684F
:10A20000106051607047C046C9004018536812681A
:10A21000026043607047C046C9004018416800684A
:10A22000106051607047C046C900401853681268FA
:10A23000026043607047C04610B500F03FF90B4C18
:10A24000E06000F09FFAA06400F0B2FAC023E05092
:10A2500000F0AEFA9C235B00E05005480368002B39
:10A2600000D010BD034B1B680360FAE7BC10002050
:10A270006012002080160020F8B507000E0000F0E4
:10A2800075F9351838002900183000F09FFA2D189C
:10A290000821280002F084F94830451938002900C7
:10A2A000803000F045FB2D182800082102F078F9D5
:10A2B0004830441938002100E03000F039FB241800
:10A2C0000821200002F06CF9801B48300019F8BD0D
:10A2D00010B5002802D0FFF7CFFF10BD0020FCE72B
:10A2E00010B5002803D00021FFF7C6FF10BD0020E5
:10A2F000FCE7C04670B505000C1E31D000F0B8F97F
:10A3000043682100DB682800984700F00DFB21001E
:10A3100043681831DB68280098472100092238314A
:10A32000280000F02FFD00F091FB210043688031F0
:10A33000DB6828009847210009229831280000F0A6
:10A3400021FD00F083FB21004368E0312800DB6839
:10A350009847210009222800F83100F013FD70BD54
:10A360000020FCE770B504000D00002834D000F098
:10A370007FF9436829009B682000984700F0D4FAD1
:10A380002200436818329B6829001000984721007A
:10A3900009223831280000F0A1FC00F057FB220010
:10A3A000436880329B6829001000984721000922E9
:10A3B0009831280000F092FC00F048FB220043682E
:10A3C000E032290010009B689847210009222800EC
:10A3D000F83100F083FC70BD0020FCE7F8B50123E4
:10A3E000037007000E0000F039F935182900380015
:10A3F00000F07AFA2D180821280002F0D1F8483030
:10A4000045192900380000F007FB2D182800082105
:10A4100002F0C6F8483044192100380000F0FCFA78
:10A4200024180821200002F0BBF8801B48300019D6
:10A43000F8BDC04600B583B06B460021D81DFFF7BC
:10A44000CDFF03B000BDC046004870476C1200202D
:10A4500004480368002B00D07047034B1B6803605F
:10A46000FAE7C0469C1200207C160020024B1A68B6
:10A47000024B1A607047C0467C1600209C120020D8
:10A4800010B50AF043FC10BD10B50AF043FC10BD36
:10A4900004480368002B00D07047034B1B6803601F
:10A4A000FAE7C046E41200208016002010B50AF03A
:10A4B00033FC10BD10B50AF051FC10BD10B500F012
:10A4C000E3F8054BD86005480368002B00D010BDA9
:10A4D000034B1B680360FAE7F012002068130020AA
:10A4E0008016002010B50421002002F059F8043035
:10A4F00010BDC04610B5002902D001F073FC10BD9C
:10A500000020FCE70B0010B5002805D0042118003E
:10A5100002F046F8043010BD0020FCE7030010B53F
:10A520000800002B03D0196801F0CEFB10BD0020FD
:10A53000FCE7C04610B5002805D00421002002F039
:10A540002FF8043010BD0020FCE7C04600487047DB
:10A550007413002000B583B06B46D81D0123002181
:10A56000037000F0F1F803B000BDC04670B5040000
:10A570000D0000280DD000F095F82E1804213000B1
:10A5800002F00EF80521E368491BC9180818801964
:10A5900070BD0020FCE7C046F0B506000C0083B09B
:10A5A00000291BD000F0E2F843682100DB6830008E
:10A5B0009847276901AB3A003000A16802F076F8AD
:10A5C000019B051E04D19F420AD3280003B0F0BDB1
:10A5D0001A00511E8A419B1AE360F6E70025F4E752
:10A5E0000123B07573750121E060300001F0EEFFCA
:10A5F0003000019902F026F8E7E7C04670B5040084
:10A600000D00002816D000F0B1F8436829002000A2
:10A610009B689847A668002E09D030000CF0E6FF32
:10A62000421CE0603100280002F02EF870BD0022CC
:10A630000020F6E70020F9E770B5041E0BD00021DA
:10A6400000F030F80421050001F0AAFFE3680533AB
:10A650005B19181870BD0020FCE7C046012310B537
:10A660000370040000F070F80023237010BDC04692
:10A67000004870479C13002010B50AF079FB10BD0C
:10A6800010B50AF079FB10BD04480368002B00D018
:10A690007047034B1B680360FAE7C0463C14002078
:10A6A0008016002070B50C0000280DD00421200079
:10A6B00001F076FF251D2D180421280001F070FF00
:10A6C000001B0430401970BD0020FCE770B5050088
:10A6D0000C1E06D001F06AFA2800211D00F00CFFC4
:10A6E00070BD0020FCE7C04670B504000D000028D6
:10A6F00008D00168280001F0CBF92800616800F05B
:10A70000DFFD70BD0020FCE710B500280BD0042150
:10A71000002001F045FF041D0421200001F040FF4E
:10A720000430001910BD0020FCE7C04610B504211C
:10A73000002001F035FF041D0421200001F030FF4E
:10A740000430001910BDC04670B501230C00037021
:10A750000421200001F024FF251D451928000421B3
:10A7600001F01EFF001B0430401970BD0048704707
:10A770004814002010B50AF001FB10BD10B50AF016
:10A7800011FB10BD04480368002B00D07047034B39
:10A790001B680360FAE7C0466015002080160020A1
:10A7A00010B50AF001FB10BD10B50AF001FB10BD99
:10A7B00004480368002B00D07047034B1B680360FC
:10A7C000FAE7C046201600208016002070B50C0065
:10A7D00000281AD008212000260001F0E1FE0836EA
:10A7E00036180821300001F0DBFE083085190821F9
:10A7F000280001F0D5FE083045190821280001F095
:10A80000CFFE001B0830401970BD0020FCE7C04699
:10A8100070B505000C1E11D001F0E2FC21002800EB
:10A82000083101F0DDFC21002800103101F0D8FCD6
:10A8300021002800183101F0D3FC70BD0020FCE796
:10A8400070B504000D00002814D0026843680800A9
:10A8500001F056FBA268E368280001F051FB226971
:10A860006369280001F04CFBA269E369280001F04C
:10A8700047FB70BD0020FCE770B5002817D0082109
:10A88000002001F08DFE08210830050001F088FE4F
:10A89000083045190821280001F082FE08304419CB
:10A8A0000821200001F07CFE0830001970BD002056
:10A8B000FCE7C04670B50821002001F071FE0821B8
:10A8C0000830050001F06CFE083045192800082109
:10A8D00001F066FE083044190821200001F060FEF6
:10A8E0000830001970BDC04670B501230D0003701B
:10A8F0002E002800082101F053FE0836861930008A
:10A90000082101F04DFE083084190821200001F0D3
:10A9100047FE083004190821200001F041FE401BC9
:10A920000830001970BDC046004870472C16002042
:10A9300070B50C00002814D008212000250001F07B
:10A940002FFE08352D180821280001F029FE0830B7
:10A9500045190821280001F023FE001B083040198A
:10A9600070BD0020FCE7C04670B505000C1E0CD081
:10A9700001F036FC21002800083101F031FC2100F3
:10A980002800103101F02CFC70BD0020FCE7C0460F
:10A9900070B504000D0000280FD00268436808005D
:10A9A00001F0AEFAA268E368280001F0A9FA226972
:10A9B0006369280001F0A4FA70BD0020FCE7C046DE
:10A9C00070B5002811D00821002001F0E9FD082110
:10A9D0000830050001F0E4FD08304419082120008A
:10A9E00001F0DEFD0830001970BD0020FCE7C04614
:10A9F00070B50821002001F0D3FD082108300500C2
:10AA000001F0CEFD083044190821200001F0C8FDF6
:10AA10000830001970BDC04670B501230D000370E9
:10AA20002C002800082101F0BBFD0834041908217E
:10AA3000200001F0B5FD083004190821200001F0C4
:10AA4000AFFD401B0830001970BDC046004870477C
:10AA500054160020F0B5C646190000B51F000500C9
:10AA6000904601F043FD3E0000280ED01BE0B91BCC
:10AA70002200A8684144F9F729F9AB68361B181978
:10AA80002B69A8609C4664442C6101223100280097
:10AA900001F0B6FD041EEAD10123A87D6B75584074
:10AAA00080BCB846F0BD3A004146A868F9F70EF9F7
:10AAB000AB68DB19AB602B699C4667442F61EBE701
:10AAC000F0B5C646190000B51F000500904601F01C
:10AAD0000DFD3E0000280ED01BE0B81B2200A96827
:10AAE0004044F9F7F3F8AB68361B18192B69A860D6
:10AAF0009C4664442C6101223100280001F080FD55
:10AB0000041EEAD10123A87D6B75584080BCB8466D
:10AB1000F0BD3A004046A968F9F7D8F8AB68DB19F0
:10AB2000AB602B699C4667442F61EBE7F0B5C646E6
:10AB3000884600B511001700050001F0D7FC3E0063
:10AB400000280ED01BE0B91B2200A8684144F9F789
:10AB5000BDF8AB68361B1B19AB602B699C4664447F
:10AB60002C6101223100280001F04AFD041EEAD1C7
:10AB70000123A87D6B75584080BCB846F0BD3A00F3
:10AB80004146A868F9F7A2F8AB68DB19AB602B69FE
:10AB90009C4667442F61EBE7F0B5C646190000B547
:10ABA0001F000500904601F0A1FC3E0000280ED0D9
:10ABB0001BE0B91B2200A8684144F9F787F8AB688D
:10ABC000361B18192B69A8609C4664442C6101222D
:10ABD0003100280001F014FD041EEAD10123A87DF4
:10ABE0006B75584080BCB846F0BD3A004146A86835
:10ABF000F9F76CF8AB68DB19AB602B699C466744CE
:10AC00002F61EBE7F0B5C646884600B51100170086
:10AC1000050001F06BFC3E0000280ED01BE0B81BC5
:10AC20002200A9684044F9F751F8AB68361B1B199C
:10AC3000AB602B699C4664442C61012231002800E2
:10AC400001F0DEFC041EEAD10123A87D6B7558409B
:10AC500080BCB846F0BD3A004046A968F9F736F81E
:10AC6000AB68DB19AB602B699C4667442F61EBE74F
:10AC7000F0B5C646190000B51F000500904601F06A
:10AC800035FC3E0000280ED01BE0B81B2200A9684E
:10AC90004044F9F71BF8AB68361B18192B69A860FC
:10ACA0009C4664442C6101223100280001F0A8FC7C
:10ACB000041EEAD10123A87D6B75584080BCB846BC
:10ACC000F0BD3A004046A968F9F700F8AB68DB1917
:10ACD000AB602B699C4667442F61EBE7F0B5C64635
:10ACE0000E0000B508210400170001F061FC01000E
:10ACF0002000657D01F0A6FC217D6575012911D03C
:10AD0000002F09D0002500E0217D20000CCE013568
:10AD100001F0AEF9AF42F7D10123A07D584080BCCD
:10AD2000B846F0BDFB0019002000984601F0DEFB9C
:10AD3000474600281CD042463100A068F8F7C6FFFD
:10AD4000A36827694344A3600823474427616375C8
:10AD5000E2E74346D91B2A00A0687118F8F7B6FF4E
:10AD6000A3687F1B5B19A36023699C46654425612A
:10AD700008223900200001F043FC051EE9D1082318
:10AD80006375C9E7F0B5C6460E0000B5082104009A
:10AD9000170001F00DFC01002000657D01F052FC60
:10ADA000217D6575012912D0002F0AD0002500E011
:10ADB000217D32002000013501F0D2FA0836AF4281
:10ADC000F6D10123A07D584080BCB846F0BDFB0001
:10ADD00019002000984601F089FB474600281CD046
:10ADE00042463000A168F8F771FFA3682769434421
:10ADF000A3600823474427616375E2E74346D81BF5
:10AE00002A00A1683018F8F761FFA3687F1B5B195F
:10AE1000A36023699C46654425610822390020000F
:10AE200001F0EEFB051EE9D108236375C9E7C046B2
:10AE300070B50D000121040001F066FB002809D067
:10AE4000A3681D70A3680133A360236901332361E4
:10AE5000012363750123A07D584070BD70B50D00BE
:10AE60000121040001F050FB00280BD0A3681A78E0
:10AE70000133511E8A412A70A36023690133236183
:10AE8000012363750123A07D584070BD70B50D008E
:10AE90000121040001F038FB002809D0A3681D70CF
:10AEA000A3680133A3602369013323610123637520
:10AEB0000123A07D584070BD70B50D000121040034
:10AEC00001F022FB00280AD0A3681B782B70A3682E
:10AED0000133A360236901332361012363750123D7
:10AEE000A07D584070BDC046F0B5CE46474680B5FF
:10AEF00083B06B460400D98002219D1D01F058FBF0
:10AF0000637D01002000984601F09CFB0221200097
:10AF100001F0ECFA00282AD16368A668B34220D970
:10AF20009F1BA36023692000DB1923610223DB1B25
:10AF30001900994601F0E8FA002837D0237D012B4B
:10AF400040D06B7833702B78002F38D07370A368A3
:10AF50004B44A36023690233DF1B0223276163751F
:10AF600016E00221200001F0CFFA002810D0237D46
:10AF7000012B15D06B78A26813702B78A2685370E0
:10AF8000A3680233A360236902332361022363753C
:10AF90000123A07D584003B0C0BCB946B046F0BD07
:10AFA00002222900A068F8F791FEE9E7A368DB1BFD
:10AFB000A3602369DF1B434627616375E8E7A26846
:10AFC0001370C4E73A0029003000F8F77FFE4A46C4
:10AFD000A068E919F8F77AFEB9E7C046F0B5D64699
:10AFE00046464F46C0B582B06B4604000E000221B3
:10AFF0009D1D2A8001F0DCFA637D01002000984647
:10B0000001F020FB0221200001F070FA00282CD171
:10B010006368A768BB4222D9DA1B9146A360236903
:10B0200020004B44236102239B1A19009A4601F029
:10B030006BFA002838D0012E44D06B783B704B4619
:10B04000002B3BD02B787B704A46A3685344A36007
:10B05000236902339B1A23610223637515E00221E1
:10B06000200001F051FA00280FD0012E16D06B7885
:10B07000A26813702B78A2685370A3680233A36090
:10B08000236902332361022363750123A07D5840A5
:10B0900002B0E0BCBA46B146A846F0BD0222290083
:10B0A000A068F8F713FEE8E74A46A3689B1AA36076
:10B0B00023699B1A236143466375E6E72B78A268F0
:10B0C0001370C1E74A4629003800F8F7FFFD290050
:10B0D0005246A0684944F8F7F9FDB5E7F8B5CE4601
:10B0E0004746040080B50D00022101F061FA637D3E
:10B0F00001002000984601F0A5FA0221200001F08D
:10B10000F5F900282AD16368A668B34220D99F1BAD
:10B11000A36023692000DB1923610223DB1B1900D4
:10B12000994601F0F1F9002836D0237D012B40D05B
:10B1300073782B70002F38D033786B70A3684B4432
:10B14000A36023690233DF1B02232761637516E0C6
:10B150000221200001F0D8F9002810D0237D012B16
:10B1600014D0A3685B782B70A3681B786B70A368FE
:10B170000233A36023690233236102236375012331
:10B18000A07D5840C0BCB946B046F8BD0222280098
:10B19000A168F8F79BFDEAE7A368DB1BA3602369BE
:10B1A000DF1B434627616375E9E7A3681B786B7073
:10B1B000C4E73A0031002800F8F788FD4A46A16844
:10B1C000E819F8F783FDB9E7F0B5D64646464F468D
:10B1D0000400C0B50E000221150001F0E9F9637DFD
:10B1E00001002000984601F02DFA0221200001F014
:10B1F0007DF900282CD16368A768BB4222D9DA1BED
:10B200009146A360236920004B44236102239B1ACB
:10B2100019009A4601F078F9002837D0012E43D062
:10B220007B782B704B46002B3AD03B786B704A46AC
:10B23000A3685344A360236902339B1A236102234A
:10B24000637515E00221200001F05EF900280FD09F
:10B25000012E15D0A3685B782B70A3681B786B70E8
:10B26000A3680233A3602369023323610223637559
:10B270000123A07D5840E0BCBA46B146A846F0BDC7
:10B2800002222800A168F8F721FDE9E74A46A368F1
:10B290009B1AA36023699B1A236143466375E7E702
:10B2A000A3681B786B70C2E74A4639002800F8F79C
:10B2B0000DFD28005246A1684844F8F707FDB6E79F
:10B2C000F0B5C64600B582B004000191042101F03A
:10B2D0006FF9637D01002000984601F0B3F9042165
:10B2E000200001F003F9002833D16368A568AB4260
:10B2F00029D904275E1BA3602369BF1B9B19390052
:10B300002000236101F000F9002847D0237D012BA4
:10B3100056D001ABDA782A709A78002E47D06A703E
:10B32000012E46D05A78AA70022E45D01B78EB70B9
:10B33000A3689C462369674404339E1B0423A760CB
:10B34000266163751DE00421200001F0DDF800286E
:10B3500017D0237D012B1BD001ABDA78A1680A70CE
:10B360009A78A1684A705A78A1688A701B78A26896
:10B37000D370A3680433A3602369043323610423D7
:10B3800063750123A07D584002B080BCB846F0BD73
:10B390000422A06801A9F8F799FCEAE7A3689B1BBF
:10B3A000A36023699E1B434626616375E9E7A16894
:10B3B0000A705A78A1680A701B78A2681370B7E700
:10B3C00001AB9846320019002800F8F77FFC43468D
:10B3D0003A00A0689919F8F779FCA9E7F0B5CE46CC
:10B3E000474680B5040083B00D000421019201F0AE
:10B3F000DFF8637D01002000984601F023F9042165
:10B40000200001F073F8002832D16368A668B342C7
:10B4100028D99F1BA36023692000DB192361042323
:10B42000DB1B1900994601F06FF8002845D0012D6B
:10B4300055D001ABDA7832709A78002F46D072700E
:10B44000012F45D05A78B270022F44D01B78F37088
:10B45000A3684B44A36023690433DF1B04232761E3
:10B4600063751CE00421200001F04EF8002816D07E
:10B47000012D1CD001ABDA78A1680A709A78A16816
:10B480004A705A78A1688A701B78A268D370A36842
:10B490000433A36023690433236104236375012308
:10B4A000A07D584003B0C0BCB946B046F0BD0422F0
:10B4B000A06801A9F8F70AFCE9E7A368DB1BA36011
:10B4C0002369DF1B434627616375E8E7A1680A70BB
:10B4D0005A78A1680A701B78A2681370B8E701ADAA
:10B4E0003A0029003000F8F7F1FB4A46A068E91954
:10B4F000F8F7ECFBACE7C046F8B5CE46474604008B
:10B5000080B50D00042101F053F8637D0100200097
:10B51000984601F097F80421200000F0E7FF00288A
:10B5200034D16368A668B3422AD99F1BA3602369FC
:10B530002000DB1923610423DB1B1900994600F06E
:10B54000E3FF002846D0237D012B58D0F3782B70E1
:10B55000002F48D0B3786B70AB1C012F47D07378A5
:10B56000AB70EB1C022F46D03378EB70A3684B44D2
:10B57000A36023690433DF1B0423276163751CE088
:10B580000421200000F0C0FF002816D0237D012BED
:10B590001AD0A368DB782B70A3689B786B70A368C4
:10B5A0005B78AB70A3681B78EB70A3680433A3606F
:10B5B000236904332361042363750123A07D58406C
:10B5C000C0BCB946B046F8BD04222800A168F8F70F
:10B5D0007DFBEAE7A368DB1BA3602369DF1B43460F
:10B5E00027616375E9E7A3689B786B70AB1CA26861
:10B5F00052781A700133A26812781A70B6E73A00CE
:10B6000031002800F8F762FB4A46A168E819F8F70C
:10B610005DFBABE7F0B5D64646464F460400C0B5E5
:10B620000E000421150000F0C3FF637D010020001F
:10B63000984601F007F80421200000F057FF002889
:10B6400037D16368A768BB422DD9DA1B9146A36046
:10B65000236920004B44236104239B1A19009A4656
:10B6600000F052FF002848D0012E5CD0FB782B70F0
:10B670004B46002B4BD04A46BB786B70AB1C012A63
:10B6800049D07B78AB70EB1C022A48D03B78EB703A
:10B690004A46A3685344A360236904339B1A236179
:10B6A000042363751BE00421200000F02DFF002817
:10B6B00015D0012E1BD0A368DB782B70A3689B7874
:10B6C0006B70A3685B78AB70A3681B78EB70A368A2
:10B6D0000433A360236904332361042363750123C6
:10B6E000A07D5840E0BCBA46B146A846F0BD042251
:10B6F0002800A168F8F7EAFAE9E74A46A3689B1A26
:10B70000A36023699B1A236143466375E7E7A36837
:10B710009B786B70AB1CA26852781A700133A268D8
:10B7200012781A70B4E74A4639002800F8F7CEFAC2
:10B7300028005246A1684844F8F7C8FAA8E7C0466E
:10B74000F0B5C64600B5040082B00821009201930E
:10B7500000F02EFF637D01002000984600F072FF8C
:10B760000821200000F0C2FE002844D16368A568CB
:10B77000AB423AD908275E1BA3602369BF1B9B1904
:10B7800039002000236100F0BFFE002864D0237D33
:10B79000012B00D17EE06B46DA792A709A79002E6F
:10B7A00063D06A70012E62D05A79AA70022E61D0DD
:10B7B0001A79EA70032E60D0DA782A71042E5FD0ED
:10B7C0009A786A71052E5ED05A78AA71062E5DD0DD
:10B7D0001B78EB71A3689C462369674408339E1B62
:10B7E0000823A7602661637529E00821200000F086
:10B7F0008BFE002823D0237D012B27D06B46A16828
:10B80000DA790A709A79A1684A705A79A1688A70BF
:10B810001A79A168CA70DA78A1680A719A78A16861
:10B820004A715A78A1688A711B78A268D371A3689B
:10B830000833A36023690833236108236375012358
:10B84000A07D584002B080BCB846F0BD08226946D1
:10B85000A068F8F73BFAEAE7A3689B1BA36023699B
:10B860009E1B434626616375E9E7A1680A705A7911
:10B87000A1680A701A79A1680A70DA78A1680A705A
:10B880009A78A1680A705A78A1680A701B78A26831
:10B8900013709FE7E846320041462800F8F716FA91
:10B8A00043463A00A0689919F8F710FA92E7C046A3
:10B8B000F0B5CE46474680B583B06B460400D980CC
:10B8C00002219D1D00F074FE637D0100200098465A
:10B8D00000F0B8FE0221200000F008FE00282AD166
:10B8E0006368A668B34220D99F1BA3602369200028
:10B8F000DB1923610223DB1B1900994600F004FECB
:10B90000002837D0237D012B40D06B7833702B7803
:10B91000002F38D07370A3684B44A36023690233AF
:10B92000DF1B02232761637516E00221200000F06F
:10B93000EBFD002810D0237D012B15D06B78A26879
:10B9400013702B78A2685370A3680233A360236935
:10B9500002332361022363750123A07D584003B0A5
:10B96000C0BCB946B046F0BD02222900A068F8F775
:10B97000ADF9E9E7A368DB1BA3602369DF1B43463E
:10B9800027616375E8E7A2681370C4E73A002900ED
:10B990003000F8F79BF94A46A068E919F8F796F9DC
:10B9A000B9E7C046F8B5CE464746040080B50D005D
:10B9B000022100F0FDFD637D01002000984600F0AB
:10B9C00041FE0221200000F091FD00282AD1636889
:10B9D000A668B34220D99F1BA36023692000DB190E
:10B9E00023610223DB1B1900994600F08DFD00281E
:10B9F00036D0237D012B40D073782B70002F38D0A8
:10BA000033786B70A3684B44A36023690233DF1B58
:10BA100002232761637516E00221200000F074FD07
:10BA2000002810D0237D012B14D0A3685B782B70E5
:10BA3000A3681B786B70A3680233A3602369023389
:10BA40002361022363750123A07D5840C0BCB94621
:10BA5000B046F8BD02222800A168F8F737F9EAE7F6
:10BA6000A368DB1BA3602369DF1B43462761637563
:10BA7000E9E7A3681B786B70C4E73A00310028003F
:10BA8000F8F724F94A46A168E819F8F71FF9B9E769
:10BA9000F0B5C64600B582B004000191042100F063
:10BAA00087FD637D01002000984600F0CBFD042156
:10BAB000200000F01BFD002833D16368A568AB426D
:10BAC00029D904275E1BA3602369BF1B9B1939007A
:10BAD0002000236100F018FD002847D0237D012BB2
:10BAE00056D001ABDA782A709A78002E47D06A7067
:10BAF000012E46D05A78AA70022E45D01B78EB70E2
:10BB0000A3689C462369674404339E1B0423A760F3
:10BB1000266163751DE00421200000F0F5FC00287B
:10BB200017D0237D012B1BD001ABDA78A1680A70F6
:10BB30009A78A1684A705A78A1688A701B78A268BE
:10BB4000D370A3680433A3602369043323610423FF
:10BB500063750123A07D584002B080BCB846F0BD9B
:10BB60000422A06801A9F8F7B1F8EAE7A3689B1BD3
:10BB7000A36023699E1B434626616375E9E7A168BC
:10BB80000A705A78A1680A701B78A2681370B7E728
:10BB900001AB9846320019002800F8F797F84346A1
:10BBA0003A00A0689919F8F791F8A9E7F8B5CE46D8
:10BBB0004746040080B50D00042100F0F9FC637DC8
:10BBC00001002000984600F03DFD0421200000F017
:10BBD0008DFC002834D16368A668B3422AD99F1B24
:10BBE000A36023692000DB1923610423DB1B1900F8
:10BBF000994600F089FC002846D0237D012B58D0BF
:10BC0000F3782B70002F48D0B3786B70AB1C012FEA
:10BC100047D07378AB70EB1C022F46D03378EB70B3
:10BC2000A3684B44A36023690433DF1B042327610B
:10BC300063751CE00421200000F066FC002816D08B
:10BC4000237D012B1AD0A368DB782B70A3689B7827
:10BC50006B70A3685B78AB70A3681B78EB70A3680C
:10BC60000433A36023690433236104236375012330
:10BC7000A07D5840C0BCB946B046F8BD042228009B
:10BC8000A168F8F723F8EAE7A368DB1BA360236940
:10BC9000DF1B434627616375E9E7A3689B786B70F8
:10BCA000AB1CA26852781A700133A26812781A701D
:10BCB000B6E73A0031002800F8F708F84A46A168CC
:10BCC000E819F8F703F8ABE7F0B5C64600B582B05F
:10BCD00004000191042100F06BFC637D0100200051
:10BCE000984600F0AFFC0421200000F0FFFB002884
:10BCF00033D16368A568AB4229D904275E1BA360D2
:10BD00002369BF1B9B1939002000236100F0FCFB55
:10BD1000002847D0237D012B56D001ABDA782A705A
:10BD20009A78002E47D06A70012E46D05A78AA70B1
:10BD3000022E45D01B78EB70A3689C4623696744AC
:10BD400004339E1B0423A760266163751DE0042154
:10BD5000200000F0D9FB002817D0237D012B1BD039
:10BD600001ABDA78A1680A709A78A1684A705A78AB
:10BD7000A1688A701B78A268D370A3680433A3609B
:10BD8000236904332361042363750123A07D584094
:10BD900002B080BCB846F0BD0422A06801A9F7F744
:10BDA00095FFEAE7A3689B1BA36023699E1B43469C
:10BDB00026616375E9E7A1680A705A78A1680A707C
:10BDC0001B78A2681370B7E701AB984632001900E0
:10BDD0002800F7F77BFF43463A00A0689919F7F768
:10BDE00075FFA9E7F8B5CE464746040080B50D00BB
:10BDF000042100F0DDFB637D01002000984600F087
:10BE000021FC0421200000F071FB002834D163687C
:10BE1000A668B3422AD99F1BA36023692000DB19BF
:10BE200023610423DB1B1900994600F06DFB0028F9
:10BE300046D0237D012B58D0F3782B70002F48D0AB
:10BE4000B3786B70AB1C012F47D07378AB70EB1CD1
:10BE5000022F46D03378EB70A3684B44A36023696C
:10BE60000433DF1B0423276163751CE004212000D9
:10BE700000F04AFB002816D0237D012B1AD0A368BE
:10BE8000DB782B70A3689B786B70A3685B78AB70D2
:10BE9000A3681B78EB70A3680433A36023690433A1
:10BEA0002361042363750123A07D5840C0BCB946BB
:10BEB000B046F8BD04222800A168F7F707FFEAE7BB
:10BEC000A368DB1BA3602369DF1B434627616375FF
:10BED000E9E7A3689B786B70AB1CA26852781A7074
:10BEE0000133A26812781A70B6E73A0031002800D0
:10BEF000F7F7ECFE4A46A168E819F7F7E7FEABE76B
:10BF0000F0B5C64600B5040082B008210092019346
:10BF100000F04EFB637D01002000984600F092FB8C
:10BF20000821200000F0E2FA002844D16368A568E7
:10BF3000AB423AD908275E1BA3602369BF1B9B193C
:10BF400039002000236100F0DFFA002864D0237D4F
:10BF5000012B00D17EE06B46DA792A709A79002EA7
:10BF600063D06A70012E62D05A79AA70022E61D015
:10BF70001A79EA70032E60D0DA782A71042E5FD025
:10BF80009A786A71052E5ED05A78AA71062E5DD015
:10BF90001B78EB71A3689C462369674408339E1B9A
:10BFA0000823A7602661637529E00821200000F0BE
:10BFB000ABFA002823D0237D012B27D06B46A16844
:10BFC000DA790A709A79A1684A705A79A1688A70F8
:10BFD0001A79A168CA70DA78A1680A719A78A1689A
:10BFE0004A715A78A1688A711B78A268D371A368D4
:10BFF0000833A36023690833236108236375012391
:10C00000A07D584002B080BCB846F0BD0822694609
:10C01000A068F7F75BFEEAE7A3689B1BA3602369B0
:10C020009E1B434626616375E9E7A1680A705A7949
:10C03000A1680A701A79A1680A70DA78A1680A7092
:10C040009A78A1680A705A78A1680A701B78A26869
:10C0500013709FE7E846320041462800F7F736FEA6
:10C0600043463A00A0689919F7F730FE92E7C046B8
:10C07000F0B5CE46474680B5040083B00D000821D8
:10C080000092019300F094FA637D0100200098462D
:10C0900000F0D8FA0821200000F028FA002843D147
:10C0A0006368A668B34239D99F1BA3602369200047
:10C0B000DB1923610823DB1B1900994600F024FAE1
:10C0C000002862D0012D00D17DE06B46DA79327014
:10C0D0009A79002F62D07270012F61D05A79B270B4
:10C0E000022F60D01A79F270032F5FD0DA783271A4
:10C0F000042F5ED09A787271052F5DD05A78B27194
:10C10000062F5CD01B78F371A3684B44A3602369AE
:10C110000833DF1B08232761637528E0082120000E
:10C1200000F0F2F9002822D0012D28D06B46A1683A
:10C13000DA790A709A79A1684A705A79A1688A7086
:10C140001A79A168CA70DA78A1680A719A78A16828
:10C150004A715A78A1688A711B78A268D371A36862
:10C160000833A3602369083323610823637501231F
:10C17000A07D584003B0C0BCB946B046F0BD08220F
:10C180006946A068F7F7A2FDE9E7A368DB1BA36097
:10C190002369DF1B434627616375E8E7A1680A70DE
:10C1A0005A79A1680A701A79A1680A70DA78A168C8
:10C1B0000A709A78A1680A705A78A1680A701B7888
:10C1C000A2681370A0E76D463A0029003000F7F727
:10C1D0007DFD4A46A068E919F7F778FD94E7C04667
:10C1E000F8B5CE464746040080B50D00082100F0A2
:10C1F000DFF9637D01002000984600F023FA082152
:10C20000200000F073F9002849D16368A668B342A2
:10C210003FD99F1BA36023692000DB1923610823FA
:10C22000DB1B1900994600F06FF9002867D0237DC9
:10C23000012B00D188E0F3792B70002F68D0B379FF
:10C240006B70AB1C012F67D07379AB70EB1C022FA6
:10C2500066D03379EB702B1D032F65D0F3782B71EB
:10C260006B1D042F64D0B3786B71AB1D052F63D0A9
:10C270007378AB71EB1D062F62D03378EB71A36836
:10C280004B44A36023690833DF1B082327616375D0
:10C2900028E00821200000F037F9002822D0237D73
:10C2A000012B26D0A368DB792B70A3689B796B7078
:10C2B000A3685B79AB70A3681B79EB70A368DB782C
:10C2C0002B71A3689B786B71A3685B78AB71A368D3
:10C2D0001B78EB71A3680833A360236908332361DB
:10C2E000082363750123A07D5840C0BCB946B04601
:10C2F000F8BD08222800A168F7F7E8FCEAE7A36880
:10C30000DB1BA3602369DF1B434627616375E9E7F5
:10C31000A3689B796B70AB1CA26852791A700133C9
:10C32000A26812791A700133A268D2781A700133A8
:10C33000A26892781A700133A26852781A70013399
:10C34000A26812781A709AE73A0031002800F7F7CD
:10C35000BDFC4A46A168E819F7F7B8FC8FE7C0466C
:10C36000F0B5D6464F4646460400C0B50E0008213B
:10C37000150000F01DF9637D01002000994600F0D2
:10C3800061F90821200000F0B1F800284CD1636861
:10C39000A768BB4242D9DA1B9046A36023692000FC
:10C3A0004344236108239B1A19009A4600F0ACF815
:10C3B000002869D0012E00D18CE0FB792B70434618
:10C3C000002B6BD04246BB796B70AB1C012A69D045
:10C3D0007B79AB70EB1C022A68D03B79EB702B1D8C
:10C3E000032A67D0FB782B716B1D042A66D0BB78BB
:10C3F0006B71AB1D052A65D07B78AB71EB1D062AEE
:10C4000064D03B78EB714246A3685344A360236930
:10C4100008339B1A23610823637527E00821200055
:10C4200000F072F8002821D0012E27D0A368DB7914
:10C430002B70A3689B796B70A3685B79AB70A36862
:10C440001B79EB70A368DB782B71A3689B786B7109
:10C45000A3685B78AB71A3681B78EB71A3680833A2
:10C46000A360236908332361082363750123A07D3A
:10C470005840E0BCBA46B146A846F0BD08222800A4
:10C48000A168F7F723FCE9E74246A3689B1AA3607B
:10C4900023699B1A23614B466375E7E7A3689B7981
:10C4A0006B70AB1CA26852791A700133A2681279C2
:10C4B0001A700133A268D2781A700133A268927898
:10C4C0001A700133A26852781A700133A268127888
:10C4D0001A7098E7424639002800F7F7F7FB280062
:10C4E0005246A1684044F7F7F1FB8CE7827D0300D8
:10C4F0000020002A06D19A685B68944661448B420A
:10C500004041C0B27047C04610B50400807D00288D
:10C510000FD1A368626893420DD3A369002B0CD09E
:10C520002000E1699847020001205040C0B2A27586
:10C5300000E0002010BD0120FCE70122A275F9E710
:10C540008161C2617047C04630B503AD10CD8A1815
:10C550000160C3600919E41800232D784260057555
:10C5600081600461437583758361C36130BDC046DA
:10C5700010B5012482B00194049C0094FFF7E4FFFD
:10C5800002B010BD10B5002482B00094FFF7F0FF98
:10C5900002B010BD10B50023FFF7F4FF10BDC04678
:10C5A00010B50C00F5F7C6FE601A013C204010BD26
:10C5B00010B5427D03000C0000208A4205D21869A4
:10C5C000F5F7B8FE601A013C204010BD70B50400BC
:10C5D0000D00FFF7EDFF23691B182361A3689C463C
:10C5E00063686044A060984200D9A360657570BD1F
:10C5F00083680068181A704743688068181A704783
:10C6000070B5837D05000C00002B0DD18368426856
:10C6100093420BD3002909D08369002B0FD0C16945
:10C620009847A875002801D0002070BD2800FFF7AA
:10C63000E3FF030020009C42F7D91800F5E701331F
:10C640008375F1E770B504000D00FFF74FFF002878
:10C6500011D0A3685B19A36023699C4665442561DA
:10C660000123637570BDA3682D1A1B18A36023698D
:10C670009C4660442061012229002000FFF7C0FF92
:10C680000028F0D1ECE7C04670B50E00017D040033
:10C690001500FEF7A3FE0120002D00D170BD2B0078
:10C6A00032002000217DFEF7D5F9F7E7F8B51D002F
:10C6B0000F001600017D1A000400FEF7ABFF2B6887
:10C6C0009E4201D20122A2750120002B00D1F8BDAB
:10C6D0003A002000217DFEF7F3F9F8E770B50E006F
:10C6E000017D04001500FEF779FE0120002D00D128
:10C6F00070BD2B0032002000217DFEF74DFAF7E7D8
:10C70000F8B51D000F001600017D1A000400FEF7A9
:10C7100081FF2B689E4201D20122A2750120002BCD
:10C7200000D1F8BD3A002000217DFEF7A1FAF8E71C
:10C73000002330B504008FB00193033302920093BD
:10C740000422200006AB039101F0C0FB0025002865
:10C7500002D128000FB030BD0299200005AA01F0D7
:10C76000F3FC05A9050006A803F03CFBF1E7C04671
:10C7700030B58DB00391110C0292C9B210AA040019
:10C7800010780022012901D10A001A400E33D21874
:10C790000123019000932000039992B204AB01F0B1
:10C7A00095FB0025002802D128000DB030BD02996C
:10C7B0002000119A01F0C8FC1199050004A803F0AB
:10C7C0005BFAF1E770B505008420174C8000A544A2
:10C7D00011AC03910292235203239AAA02CA68461B
:10C7E000167823720122002322710375002919D0C3
:10C7F00002770891802215A9920009A8FFF7CAFEC6
:10C8000005A909A802F0C6FE0D9B2800E360029A64
:10C8100003999BB201940096FFF7AAFF96239B0011
:10C820009D4470BD0177E5E7A8FDFFFF70B51A4C88
:10C830000500A54405910492039318009EAB1E7851
:10C84000022313AC97A9237100F0E6F903232372A6
:10C850009C9B6A46242106930123521813709D9BCA
:10C860006A460A9300231377802217A992000BA827
:10C87000FFF790FE06A90BA802F0AEFE0F9B280062
:10C880001693049A05999BB201940096FFF770FFE6
:10C8900098239B009D4470BDA0FDFFFFF0B50326CB
:10C8A000184C0500A54403931800FFAB05910492B2
:10C8B0000EACA43392A91F78267100F0ADF9932134
:10C8C0006A4600238900521813706A4608315218CC
:10C8D0001370802212A9920006A82672FFF75AFE52
:10C8E00093A906A802F03EFF0A9B28001193049A20
:10C8F00005999BB201940097FFF73AFF024B9D44C4
:10C90000F0BDC04674FBFFFF8C040000F0B5DE46AE
:10C910004E4645465746E0B53B4C0700A5440492B9
:10C92000059103931800AFAB1B78ADAE9846B38862
:10C930001DAD99460523A1A92B7100F06DF90323C4
:10C940000EAC2100AC982B7200F066F900232C216C
:10C9500063544946481E81410122A1724946A27092
:10C96000A37323752377A18123817378002B38D19A
:10C9700023339A46103B9946083B9C46083B1121BD
:10C9800009209B4622812032B378002B04D15B46DC
:10C9900052464946604623813378012B2DD0032B24
:10C9A0002FD0002B2BD0802221A9920006A8FFF7C0
:10C9B000F1FD210006A802F055FF42460A9B38000F
:10C9C000EB60059900929BB2049A0195FFF7D0FEA7
:10C9D000A3239B009D44F0BCBB46B246A946A0469B
:10C9E000F0BD22239A46103B9946083B9C46083BE3
:10C9F0002022102108209B46C6E72181D3E7208111
:10CA0000D1E72281CFE7C04674FDFFFF014B1878C4
:10CA10007047C046347B0020F0B5DE464E464546A2
:10CA20005746E0B51E2589B00593802600236D4446
:10CA300004912B70B600835D04009346002B2BD02D
:10CA4000204B05AF9A46E43BFF3B6B4498469D2341
:10CA50009B009946824402E0059B002B10DD434673
:10CA600049460393220023005046615802970195DE
:10CA7000009601F0B3FD0028EED02B78002B1BD0E0
:10CA8000434600201A78104B1A7009B0F0BCBB4620
:10CA9000B246A946A046F0BD1F236B4400939846BA
:10CAA0009D239B00C75832000100059BB847002812
:10CAB000E6D02B78002BE3D15B461860049B012065
:10CAC0001C60E2E702020000347B00208023F0B506
:10CAD0009B00C35C140087B0002B10D117259C234A
:10CAE0006D449B00C6582B00B047002801D0A042DF
:10CAF00017D000202A780C4B1A7007B0F0BD9C2389
:10CB00009B00C758094B1725C61800236D44019395
:10CB100000920B00020039003000029501F048FB42
:10CB2000E3E70120E9E7C046347B00200202000071
:10CB300010B58024A40001559A21890042509B22FF
:10CB4000920083509C23029A9B00C250039A0433A4
:10CB5000C25010BD9A239B00C35870B50400002B2F
:10CB60002AD09B2292008258002A25D09C22920033
:10CB70008258002A20D09D2292008258002A1BD081
:10CB8000A322920081509847051E15D080239B0058
:10CB9000E35C002B13D19E230C4A9B00E45004332A
:10CBA000E2500B4A0433E2500A4A0433E250802236
:10CBB00004339200E25200E00025280070BD064BCD
:10CBC0000021E01801F0EEFAE5E7C046CDCA0010FA
:10CBD00019CA00100DCA0010020200009B2310B5F4
:10CBE0009B00C358984710BD82B001AB99705B8819
:10CBF0001B04184302B070470F2310B5447882B06D
:10CC000001A9234002788B704B88120120091B0474
:10CC10008018184302B010BD83B200031A09000F38
:10CC20001B0182B0C0180A70487002B07047C0463D
:10CC3000F0B5CE46474680B591B004000F0008A875
:10CC400004A916001022FFF7A5FCA0236A461B01C9
:10CC500013811D4B21781B8808A85381022303935D
:10CC600000230022009302F06DFA02210023082223
:10CC700008A802F033F802A9050008A803F08AF812
:10CC8000002D01D0002805D1002011B0C0BCB9464C
:10CC9000B046F0BD08A8FFF7ABFC002580460FE0CA
:10CCA000236F424609CB04A99847814639002000EA
:10CCB00000F0E6FE4B461840C0B201350028E4D132
:10CCC000AE42EDD8E0E7C04668990110F0B5DE4607
:10CCD000574645464E46E0B5D1B007008A460EA8F5
:10CCE0000AA990461022FFF755FC7021A02302AA42
:10CCF00052181B0113805A4B02311B8802AA52188A
:10CD0000138002231F930023002200930E310EA8EC
:10CD100002F018FA0221002308220EA801F0DEFF1B
:10CD20001EA904000EA803F035F8002C01D000283D
:10CD300008D10025280051B0F0BCBB46B246A94638
:10CD4000A046F0BD0EA8FFF753FC01239B464346C7
:10CD5000039002935B46029A013B9342E9D27B68BF
:10CD6000039A0AA93868984702F002F800230400E1
:10CD7000564698464346BD6806933868534607AA08
:10CD800006A9A847051E0CD101F0F2FF001B361AB8
:10CD900001F0EEFF0400002EECDC01239C46E3448E
:10CDA000D8E7079A069916A8FFF7F4FB0822002196
:10CDB00008A8F6F785FF02A98C46092205AB624454
:10CDC00016A908A801F072F9C82200211EA8F6F7DA
:10CDD00077FF16A8FFF710FC042812D87021B5239E
:10CDE00002AA5218D35C994601F0C2FF001B361A02
:10CDF00001F0BEFF4B460400002E2ADD002BB9D007
:10CE000098E7424602AB9C469A720B224346624424
:10CE1000137041466346D9810E230A21634461445D
:10CE200016A802F0D3F916A8FFF7E6FB02ABDB89E0
:10CE30009842D3D302AB9B7A062BCFD1702000222D
:10CE400002A90918AF33CA541EA816A900F0C4F9E4
:10CE5000C4E7002B00D06DE701239C46E34479E74B
:10CE60006899011010B58AB00100042202A8FFF7EA
:10CE700091FB6B466A4601AC05332100063202A8DD
:10CE800001F046FF237800200D2B04D16B46587922
:10CE90008007C00F01300AB010BDC046F0B51B4C72
:10CEA0000F00A54403AE0400082200213000F6F76D
:10CEB00007FFA42210AD920000212800F6F700FF22
:10CEC0003100380002F07AFF338820002B8001F017
:10CED00035F900230C22009005A908A8FFF748FBAC
:10CEE000290008A802F0E2FF089B00220021200090
:10CEF00001F0C8F808A8FFF77BFB236F020009CBFD
:10CF000005A99847B5239B009D44F0BD2CFDFFFF6C
:10CF1000F0B5160093B005000F0001F00FF9740092
:10CF2000A419E400009005A90AA800231122503496
:10CF3000FFF71EFB2C19052200230A210AA801F085
:10CF4000CDFE03A9200008F059F96B4640BAD881FC
:10CF500003A90AA81F7403F01DF80A9B00220021F0
:10CF6000280001F08FF80AA8FFF742FB2B6F0200A0
:10CF700009CB05A9984713B0F0BDC04670B5002392
:10CF80000167802143678367C3674350043143507F
:10CF900004314350043143500431435005000431FF
:10CFA0004350040000210020983528606960A021CA
:10CFB000200063541F3900F0D3FF2000083001F037
:10CFC00073FD70BD8023C1500433C2507047C0460A
:10CFD0008823C1500433C2507047C046A423C150B7
:10CFE0000433C2507047C046AC23C1500433C25012
:10CFF0007047C04670B582B004000D00160001F005
:10D000009DF80300200032002900083001F096FD51
:10D01000FF240300010A020C2140234009022240A0
:10D0200012040B43000E13430006184302B070BDF8
:10D03000F0B5040085B00D0016001F0001F07EF869
:10D0400008343B00320029000090200001F094FDDC
:10D05000FF240300010A020C214023400902224060
:10D0600012040B43000E13430006184305B0F0BD35
:10D0700010B5083082B001F0A5FDFF240300010ABD
:10D08000020C214023400902224012040B43000EEF
:10D0900013430006184302B010BDC04610B50B4C38
:10D0A00084B00094083001F0AFFDFF240300010AB2
:10D0B000020C214023400902224012040B43000EBF
:10D0C00013430006184304B010BDC04665CE0010DF
:10D0D00010B5040001F068FE983422686368801A75
:10D0E000994110BDF0B5DE4657464E464546E0B57F
:10D0F000037E040085B0002B1ED06B469D1C03AB45
:10D10000994602AB0026984601AF330108339A4690
:10D1100001220121300001F075FCA24438602B008F
:10D120004A464146504608F011F9002842D10136DE
:10D13000237EF6B2B342E8D84823E35C002B32D01A
:10D1400000239A466B469D1C03AB994602AB98465A
:10D1500048239B4601AF53460122022150469E00C0
:10D1600001F050FC5644F6002036A61938600AE05B
:10D1700020002A883978029B00F084FF236F039AED
:10D18000029909CB98472B004A464146300008F0E7
:10D1900057FB0028ECD153460133DBB29A465B467D
:10D1A000E35C5345D7D805B0F0BCBB46B246A946B0
:10D1B000A046F0BD20002A883978029B00F062FF6B
:10D1C000236F039A09CB029998470136237EF6B262
:10D1D000B3429AD8B0E7C046F0B5C64600B5274C72
:10D1E0000600A5440C006946200002F0D5FC6B4601
:10D1F000050002A920005F79FDF730FE6B461B7A1F
:10D200000540EDB2002B10D1200087A9FDF726FEC6
:10D2100087236A469B00D35C8046002B0BD1A42356
:10D220009B009D4480BCB846F0BD200003A902F0DD
:10D230004BFB0540E8E7200088A9FDF73DFE43468B
:10D240002B42ECD00028EAD088236A469B00D35CAE
:10D250000D2BE4D120008AA9FEF7A4FB00230028AF
:10D2600008D08A22694692008A5E002A02DD7B424B
:10D270005F417B1CB522B354D1E7C04670FDFFFF70
:10D28000F0B5DE46574645464E46E0B5A9B012AB6E
:10D290009C46CB4B2E279B4604000D001B926744F7
:10D2A00012AA94462F233900280063441EAA01F0D5
:10D2B0002FFD002800D176E1262212AB9B181A78A8
:10D2C0003B780F2BECD859469B00CB589F46280043
:10D2D00022A902F0ADFE9023E3589946002B00D11D
:10D2E00072E101F061FD9423E35880460693269B8A
:10D2F0000E000893B34A0898D9170023F6F788FB65
:10D30000279B0A9300230B930A9A0B9B8018594181
:10D31000229A049005910023D1172298A94AF6F782
:10D3200077FB0023239A0D930C920C9A0D9B801887
:10D330005941249A0290039108920023D11708982A
:10D34000A04AF6F765FB0023259A0F930E920E9ADA
:10D350000F9B8018594142460090019133002000F4
:10D36000C847A0230122E2549AE722A9280002F02C
:10D370004DFE442212AB9B180021187801F068FB87
:10D38000060A21902000F6B221AB31000830984601
:10D3900001F07EFC002883D04222402112AB9B1872
:10D3A0001A8812AB5B18198807F01CFF434632003D
:10D3B00020001978FFF7ACFD72E722AE310028009B
:10D3C00002F0FCFD0021307901F042FB010A1F90C0
:10D3D0002000C9B2083001F043FC8246002800D189
:10D3E0005EE7B378F1781B02C918328889B208F079
:10D3F000F7FA504608F0A6FA12AA9446322363447C
:10D40000994620AE188021AB320098464B465646CE
:10D41000A146AA461C00150005E04B461B6F219A49
:10D42000209909CB9847230042462900300008F094
:10D430008BFA0028F1D14C46554631E725212720AB
:10D440002F2612AB1B8E984612AB5B18197812ABC5
:10D450001B1812A880190078213E06401B780896F8
:10D4600024269C46342312A88019007812AEF618A0
:10D470003070352012AB1B181970362112AB5B18B7
:10D480001A70372212AB9B18624620AE31001A7018
:10D49000280002F0B7FA4346043B9BB212AA944616
:10D4A0009A4632236344994621AB190030004A461C
:10D4B000984600F067FE4B46188880232199E35870
:10D4C00010901E1E229106D08423E2580023009261
:10D4D00002002000B047E16F00290DD00023606FEB
:10D4E000109E02E001338B4206D05A00825AB242AB
:10D4F000F8D10022A16FCA544B461B8852460293B2
:10D5000043461B68290001931F9B20000093089B42
:10D5100008F00AFBC4E629002000FFF75DFEBFE625
:10D52000002A47D022AB98461900280002F09EFC42
:10D5300020AE1FAB31001A004046994600F022FE93
:10D5400043461B79209998464B461E888023E35812
:10D5500021919946002B06D08423E3583200009392
:10D5600020004346C847E16F002900D198E6002318
:10D57000606F03E001338B4200D191E65A00825A7A
:10D58000B242F7D14146A26FD15489E6002A00D0B9
:10D5900086E62900200000F039FD81E62900200000
:10D5A000FFF77CFC7CE629B0F0BCBB46B246A9463E
:10D5B000A046F0BD2900200000F034FD70E6C04612
:10D5C0006C99011000CA9A3B01F0EEFB269B294A98
:10D5D0001093089009911098D9170023F6F718FABC
:10D5E000279B2600129300231393129A139B8018F3
:10D5F0005941089A099B12184B4124991092119392
:10D600000891089800231B4AC917F6F701FA259BD1
:10D610009836149300231593149A159B12184B41B6
:10D6200022990892099322980023124AC917F6F703
:10D63000EFF9239B169300231793169A179B8018D4
:10D640005941089A099B80185941109A119B121A46
:10D650008B410021D80F1890199118981999121818
:10D660004B4108920993D907099B52080A435B1062
:10D670000CC676E600CA9A3BF0B55746DE464E46E3
:10D680004546E0B59DB007000591002901DAA14BA0
:10D6900005934823994601F06BFB4B460291FB5CD6
:10D6A0008346002B00D19BE001235B420393994BFF
:10D6B00000259A4609AE08E09A4500D186E04B461F
:10D6C0000135FB5CEDB2AB4220D9AC006419E4003B
:10D6D00023002033984601220221280001F092F90C
:10D6E000B84430605A464046029B08F0FBF80028D8
:10D6F0002AD13C19E36BA26B9A45DDDD9A46039271
:10D700004B460135FB5CEDB2AB42DED8039B0133E7
:10D7100063D05A46039B981A002800D10130059B1C
:10D720001C00834200DD04003B6F08AA18689D6856
:10D7300007A92300A847002854D1059B1B1B05936C
:10D74000002BA8DC040060E0337872783800904643
:10D75000049300F0F3FC0023112200900CA914A8FC
:10D76000FEF706FF002305220B2114A801F0B6FAEC
:10D770004246013293009B18DB009846B84442466B
:10D780000121508908F0A4FA424613890AA94B8066
:10D79000049B08800B7114A802F024FC149B002247
:10D7A00000213800049300F06DFC14A8FEF720FF60
:10D7B0003B6F020009CB3C190CA99847E36BA26BA5
:10D7C0009A4500DC78E79A46039299E703999142DB
:10D7D00000D874E79A46039292E74E4B9A4598D147
:10D7E000059899E7089A079904000CA8FEF7D2FE5D
:10D7F00004AA0023944613720A333800634406AA2D
:10D800000CA900F053FC002807D120001DB0F0BC8B
:10D81000BB46B246A946A046F0BD04AB187A00212B
:10D8200001F016F904AA5289050C030AEDB29146DB
:10D8300009900A90DEB2012D4ED0022D0CD0002DA1
:10D84000E3D10021002001F003F90CA902000A90A5
:10D850003800FFF715FDD8E7380009AB1B78310019
:10D8600008309A4601F014FA804600282ED00E9B0C
:10D870000CA89B46FEF7C0FE04A98C460922624410
:10D880000300009249465A46404607F069FB0028CB
:10D890001CD004AB5B7A002B33D0A1460225444652
:10D8A000B846574608E004AB1F765E769D76404644
:10D8B0000A9A14A9FFF7E4FC0422200014A907F037
:10D8C000F1FB0028EFD1BA464C464746320051469C
:10D8D0003800FFF71DFB98E738003100083001F0F1
:10D8E000CDF9002891D0494607F080FA002800D1F0
:10D8F0008BE704AB9D7638000A9A0CA9FFF7C0FCB1
:10D9000083E704AB9D7638000A9A0CA9FFF7B8FCB0
:10D91000C3E7C046FFFFFF7F70B504000D0001F0B4
:10D9200027FA06002000FFF7DDFB29002000FFF7A3
:10D93000A3FE01F01DFA811B691A0029F6DC200004
:10D94000083001F0B3F970BDF8B504000D0001F026
:10D950000FFA06002000FFF7C5FBB42300222900C0
:10D96000B427E25405E001F003FA811B691A00298B
:10D9700006DD2000FFF780FEE05D0028F3D0F8BD53
:10D98000E05DFCE7F0B5C64600B506000D0001F00D
:10D99000EFF907003000FFF7A5FB082398462C009D
:10D9A000B044002D09DA0DE021003000FFF764FEDD
:10D9B00001F0DEF9C41B2C1B04D4404601F076F9BB
:10D9C0000028F1D0404601F071F980BCB846F0BDA6
:10D9D000F0B54F464646D646C0B5089C07000E0037
:10D9E00091469846FFF77EFB002C04D02200FF21D1
:10D9F0004046F6F765F94B467B674346FC67BB67D5
:10DA000001F0B6F94346824631005D1E3800FFF74B
:10DA100033FE01F0ADF95346C11A711A002C26D01D
:10DA20004A46012303E09C420BD901330232E85CF1
:10DA3000FF28F8D110889C4214D90028F5D000297D
:10DA4000E4DC00234646FB672C1902E00136012B7B
:10DA500014D83378A642F9D1002001229A424041DD
:10DA6000C0B206E00029ECDD0028CFD1E9E70120B3
:10DA7000FC67E0BCBA46B146A846F0BD0020F8E716
:10DA8000F8B504000D0001F073F906002000FFF75F
:10DA900029FBB52300222900B527E25405E001F057
:10DAA00067F9811B691A00290ADD2000FFF7E4FDF0
:10DAB000E35D002BF3D0013B5A425341D8B2F8BD8D
:10DAC000E35DF8E7F0B54E46DE4657464546E0B51D
:10DAD0009FB0914605931A00FF2304004371002A6A
:10DAE00000D1C3E00023FA278B46CA460493BF0047
:10DAF000236F524609CB5946984701F039F9FA236A
:10DB000006009B0008E001F033F9831B6279FB1AE1
:10DB1000002B41DDFF2A47D1226F0AA910689568C2
:10DB20000BAAA8470028EED00B9A0A990EA8FEF778
:10DB300031FD06AA0023944613730E33200063447C
:10DB400009AA0EA900F0B2FA0028DCD006AB187BB7
:10DB5000002100F07DFF06AAD289030A050CDBB282
:10DB6000EDB298460C9003920D90012D68D0022DD5
:10DB700025D0002DC7D10021002000F069FF0EA99B
:10DB800002000D902000FFF77BFB01F0F1F8831BF2
:10DB90006279FB1A002BBDDC049B059901330493C9
:10DBA000994201D0FF2AA3D0FF3A531E9A41D0B226
:10DBB0001FB0F0BCBB46B246A946A046F0BD20004F
:10DBC0000CAB1B7841460830069301F061F88146A2
:10DBD00000282FD0109B0EA80793FEF70DFD06AA74
:10DBE00094460D216144030000914846079A039929
:10DBF00007F0B6F900281DD006AB5B7B002B3BD0AD
:10DC0000069B4D46B146464698460AE0424606AB5C
:10DC10001A7702225E779A7720000D9A16A9FFF7ED
:10DC20002FFB0422280016A907F03CFA0028EDD1AA
:10DC3000B0464E46424620000699FFF769F962E772
:10DC400020001900083001F019F8002800D15AE727
:10DC5000039907F0CBF8002800D154E706AB9D7775
:10DC600020000D9A0EA9FFF70BFB4CE7036F4A4605
:10DC700009CB984701209BE706AB9D7720000D9AC2
:10DC80000EA9FFF7FDFABBE730B58FB004000D0019
:10DC900000F054FA00231022009002A906A8FEF713
:10DCA00067FC200006A900F097F900220021069BDE
:10DCB000200000F0E7F906A8FEF79AFC2B0002000E
:10DCC00002A92000FFF7FEFE002803D0607943423E
:10DCD0005841C0B20FB030BD08239C46F0B5DE46B7
:10DCE00057464E464546844463460400E0B56046C8
:10DCF000ABB0039300F0E2FE200000F01FFA002317
:10DD00001C2200900BA912A8FEF732FC236F200002
:10DD10001A8A12A9043A92B200F032F9200012993C
:10DD200000F09CF912A8FEF763FCFF23FA2663714A
:10DD3000F53B83469A46B600236F5A4609CB0BA99A
:10DD4000984701F015F8FA2305009B0008E001F060
:10DD50000FF8431B6279F31A002B41DDFF2A48D1EB
:10DD6000226F07A91068976808AAB8470028EED064
:10DD7000089A07991AA8FEF70DFC04AA00239446F6
:10DD800013720A332000634406AA1AA900F08EF920
:10DD90000028DCD004AB187A002100F059FE04AA58
:10DDA0005289030A070CDBB2FFB29846099002922F
:10DDB0000A90012F67D0022F25D0002FC7D1002154
:10DDC000002000F045FE1AA902000A902000FFF78B
:10DDD00057FA00F0CDFF431B6279F31A002BBDDC2C
:10DDE00001235B429C46E2445346002B01D0FF2AAC
:10DDF000A2D0002A5CD000202BB0F0BCBB46B246BB
:10DE0000A946A046F0BD09AB1B7841460398049390
:10DE100000F03EFF814600282FD01C9B1AA80593D6
:10DE2000FEF7EAFB04AA944609216144030000912D
:10DE30004846059A029907F093F800281DD004ABD4
:10DE40005B7A002B39D0049B4F46A946454698463D
:10DE50000AE0424604AB1A7602225D769A762000EA
:10DE60000A9A22A9FFF70CFA0422380022A907F027
:10DE700019F90028EDD1A8464D46424620000499E4
:10DE8000FFF746F863E71900039800F0F7FE002853
:10DE900000D15CE7029906F0A9FF002800D156E7FF
:10DEA00004AB9F7620000A9A1AA9FFF7E9F94EE71A
:10DEB000039800F003FE01209EE704AB9F7620004C
:10DEC0000A9A1AA9FFF7DCF9BDE7C046F0B5D646B5
:10DED0004F4646461500C0B582B001911F000AABFF
:10DEE0001B78060098460BAB1B78100099460C0A6D
:10DEF00000F034FF2B1D9A4601AB9B78E4B28244BC
:10DF0000012B17D0022B0DD130002100083000F07A
:10DF1000A7FE0024002806D03A00514607F0DCFA9C
:10DF2000040014E00024200002B0E0BCBA46B14670
:10DF3000A846F0BD30002100083000F089FE002422
:10DF40000028F0D03A00514607F0DEF90400002C1A
:10DF5000E9D04B4641463800AAB200F0BFFEE2E7E6
:10DF6000130E437013021B0E837013041B0EC37039
:10DF70000923C380F6330170027143717047C046B4
:10DF800070B588B004000D00160000211C2201A805
:10DF9000F5F796FE0F4A69461368928800930123AD
:10DFA000CA800B716278E3800A72A27800234A72F9
:10DFB000E27828008A7222798E83CA7222780A73E4
:10DFC0001022002100F08AFE6946280001F050FE70
:10DFD00008B070BDAC99011010B5802382B06A46BC
:10DFE0009B009380084B0C001B890321D3800223E4
:10DFF0000422C3800023200000F070FE200001A94D
:10E0000001F0F0FE02B010BDAC99011030B589B03E
:10E0100001AD04000800290001F0F4FE2B786371C3
:10E0200009B030BD10B5040084B0080002A901F0A9
:10E030001DFFE388022B01D004B010BD0A20684404
:10E04000FEF7DAFD6B461A7A5B7A12029B189BB2D6
:10E05000022BF1D16B461B7B6371EDE710B5040019
:10E060008AB002A80822FEF795FA7F2321780134AE
:10E07000994300220023009402A801F063F80AB03B
:10E0800010BDC04670B504000D0016008AB019001E
:10E0900002A80822FEF77EFA2178013433002A0014
:10E0A000009402A801F04EF80AB070BDF0B54746E2
:10E0B000CE4680B5050085B008001F000C00160094
:10E0C000FEF79AFA00239846082805D8404605B07E
:10E0D000C0BCB946B046F0BD0B336B44994603ABA8
:10E0E0003200009349463B00200001F045F84B46C2
:10E0F0002A781B789342E9D101225BB29046002B2B
:10E10000E4DB6B461A7B6B789A4205D001235A42B6
:10E110005341DBB29846D9E76B465A7BAB789A42BB
:10E12000F4D16B469A7BEB789A42EFD16B46DA7B5F
:10E130002B799A42EAD10023E9E7C0460378082008
:10E140007F2B00D90438704710B582B00191C48884
:10E150000B4923000A3B9BB28B420DD80134A4B279
:10E16000210AE3B2C480019811705370911CFEF72C
:10E1700053FD200002B010BD0A2300210A24F1E75C
:10E18000F4FF000070B5040002300D001600FEF729
:10E1900033FD2880000C68802278637812029B1877
:10E1A000338070BD00234170037083857047C04683
:10E1B000F0B557464E464546DE46E0B585B001937C
:10E1C0000EAB170004CB0E001978109B02929846F4
:10E1D0007E223823C254437804001A007D3A012A73
:10E1E00000D854E102206222A054373023540B009F
:10E1F0007D3B012B00D8C9E03A23E154373BA354BF
:10E200006B461B7A032219007D39012900D8D2E020
:10E21000A11838310B7062230132E254029B1B0AB1
:10E22000DBB219007D39012900D8D8E0A1183831B6
:10E230000B7062230132D2B2E25400239946029B52
:10E24000002B00D1E0E0622331009B463B004E46AC
:10E250004F469A468946019BDB5D19007D390129AD
:10E2600000D802E1292A00D9D2E0A11838310B7078
:10E2700059460132D2B26254FF2173400B40944997
:10E280005B005B5A360A5E40029B0137BB42E2D814
:10E290004B46B1461E004B46DBB257469A464B46AC
:10E2A0001B0A039300230193623399467D235B424B
:10E2B00053449B46DBB2012B37D9292A1FD90025AD
:10E2C00001E000280CD029003831521B43463800A9
:10E2D0006118B0474B46E25C2D189542F1D307D048
:10E2E000002005B0F0BCBB46B246A946A046F0BD32
:10E2F0004B460022E2545B46DBB2012B15D9514656
:10E30000A318383319704B4601210132D2B2E254BE
:10E31000019B0191002B1FD1039B9A467D235B42F9
:10E3200053449B46DBB2012BC7D8531CDBB2292BCD
:10E33000C5D87D20A1183831087020215046E31837
:10E340003833484018704B4601210232D2B2E254B1
:10E35000019B0191002BDFD062230025994601E04B
:10E360000028BDD029003831521B434638006118BF
:10E37000B0474B46E25C2D189542F1D3B0D1002353
:10E380004A46A354029B1804000CAAE70422032364
:10E3900002207D252018383005702020E3183833FE
:10E3A000414019706223E2546B461B7A19007D3993
:10E3B000012900D92CE77D20A118383108702020D0
:10E3C000A118393143400B7062230232E254029BA0
:10E3D0001B0ADBB219007D39012900D926E77D200F
:10E3E000A118383108702020511CC9B2611843406F
:10E3F00038310B7062230232D2B2E25400239946C4
:10E40000029B002B00D01EE700239A46039349E7A6
:10E4100053460025B2464E46B9461F0002E000288A
:10E4200000D15DE729003831521B4346380061189E
:10E43000B0475B46E25C2D189542F0D33B004F4657
:10E44000B14656469A46954200D049E75B460022BF
:10E45000E254029BBB4200D81AE7019B0022DB5D1D
:10E4600019007D39012900D9FCE6511CC9B22929BE
:10E47000CED87D25A018383005702020611838319D
:10E480005840087059460232D2B26254F4E6202253
:10E4900053403A2283546223373AC2547D203632A5
:10E4A000A0540A007D3A012A03D805225E3B7A383F
:10E4B0006FE73B22A154373AE2546B461B7A1A00AD
:10E4C0007D3A012A01D90422A2E6042273E7C0465C
:10E4D000D8990110F0B557464E46DE464546E0B5A0
:10E4E00085B0050092461F00039100F041FC2C23EB
:10E4F0002D22EB5CAE5C8146B34261D021D8013E57
:10E50000F41A0026E4B20F9B9C4224D81A00A319E7
:10E51000934201D9161BF6B2002C21D1002400F041
:10E5200027FC4B46C01A3B68181AC343DB17184038
:10E530003860200005B0F0BCBB46B246A946A046F4
:10E54000F0BD002E46D02A24E41A0F9B013EE4B20F
:10E55000F6B29C42DAD90F9B0026DCB2002CDDD04B
:10E560002C23A046E95C02310E9B4246039C6918AD
:10E57000009350463B68A0472C2304009B46E85C70
:10E580002A210019F3F7D6FE5B46E954002CC5D0CA
:10E590004445C4D1002EC2D00E9B02313200039CF0
:10E5A0006918009350460023A0475B460400E85CCE
:10E5B0002A210019F3F7BEFE5B464444E954AEE756
:10E5C0000023AB850F9B282BC5D929230221984610
:10E5D0000026C9E72924E41AE4B294E7F0B54E46D0
:10E5E0004546DE465746E0B52C252D2687B00491DA
:10E5F00005920393425D835D04009A4200D14CE191
:10E600002C239B462678072EFDD8C24BB6009B597B
:10E610009F465B462D27E35CE55D9846AB4200D103
:10E6200026E163199E782A21681C7D2E00D18DE198
:10E63000F3F780FEE1557E2E00D1CDE10723A686BB
:10E6400023700726E1E7238E658E9946AB422CD9CD
:10E650002D239A4622E0A3199F782A21701C7D2F32
:10E6600000D1E3E0F3F766FE5346E1547E2F73D00A
:10E67000039BFF215F55E28E658E13007B400B40AC
:10E68000A5495B005B5A120A5A400135238EADB290
:10E6900099466586E2869D4200D319E15B46E35CBC
:10E6A00098465346E65CB045D5D1A94500D015E162
:10E6B000062306262370A8E75B462D26E75CA55DAA
:10E6C000AF4200D1FEE063199B782A219846681C6E
:10E6D0007D2B00D14BE1F3F72DFE4346A1557E2B58
:10E6E00000D18CE147466678F61B73425E41734267
:10E6F00003261E40267086E700232E262D27A355CD
:10E700005B46E55DE35C9846AB4200D1B2E063193D
:10E710009B7899467D2B00D100E1A3552A21681CE6
:10E72000F3F708FE4B46E1557E2B00D1A2E0022311
:10E730000226237069E75B46E65C2D232D27E05C0B
:10E7400086422FD023182A2101309D78F3F7F2FD5D
:10E75000C8B2E0557E2DF3D101230126237054E782
:10E760005B462D27E65CE55DAE4200D172E06319A1
:10E770009B782A219846681C7D2B00D1B8E0F3F7DE
:10E78000D9FD4346E1557E2B00D136E146463302A2
:10E79000A68EF61800232370E38EB6B2A686B34287
:10E7A00000D19FE0002007B0F0BCBB46B246A946AE
:10E7B000A046F0BD5B462D27E35CE55D9846AB4285
:10E7C00048D063199E782A21681C7D2E00D1DFE095
:10E7D000F3F7B0FDE1557E2E00D10EE10022238E2D
:10E7E00036029B196286E286109A9BB22386934278
:10E7F0006AD9002300202370D5E75B462D27E35C10
:10E80000E55D9846AB4233D063199E782A21681C97
:10E810007D2E00D1CEE0F3F78DFDE1557E2E00D1A7
:10E82000DAE00423268623700426EEE6F3F782FD61
:10E83000CBB2984500D138E761188F78B01C2A21F7
:10E84000F3F778FD5346E1547E2F34D020235F4008
:10E85000FFB20DE701230193139B20000093059A5B
:10E86000129B0499FFF736FE00289BD02678CAE653
:10E870000223F0E704230193139B20000093059AE1
:10E88000129B0499FFF726FE0028EFD12E23E35CAC
:10E890007E2B00D086E72678B5E605230193139BEF
:10E8A000059A0093129BFFF715FEA25D635D9A42E5
:10E8B00000D177E7A4E6A94500D1F9E601230126B6
:10E8C0002370A2E60323C6E70523052623709CE6F2
:10E8D0009D4200D1ECE67E2F00D13DE74B465B1B0D
:10E8E0000233B8E72E23119AE35C1370208E5AE7A7
:10E8F000F3F720FDCBB29E42ACD061188E78A81CF5
:10E900002A21F3F717FDE1557E2E76D020235E40B5
:10E910003DE7C046B8990110D89901102A21681C1A
:10E92000F3F708FDCBB29845A4D061188B78A81CEA
:10E930009846A3552A21F3F7FDFC4346E1557E2B6B
:10E9400098D0202342465A40A255F0E6F3F7F2FC55
:10E95000CBB298458CD061188E78A81C2A21F3F789
:10E96000E9FCE1557E2E37D020235E4066E6F3F7C2
:10E97000E1FCCBB29F42A5D061188F78A81C2A2158
:10E98000F3F7D8FCA1557E2F39D020267740AAE690
:10E99000F3F7D0FCCBB2984500D15BE761188E78D5
:10E9A000A81C2A21F3F7C6FCE1557E2E25D0202392
:10E9B0005E4013E7F3F7BEFCCBB2984500D157E7B2
:10E9C00061188E78A81C2A21F3F7B4FCE1557E2E3D
:10E9D00002D020235E4024E702230193139B2000F2
:10E9E0000093059A129B0499FFF774FD002800D04C
:10E9F0003CE701230126237007E60123EDE703230B
:10EA0000EBE7C04630B50023150083B0012917D0CD
:10EA1000022918D0020209041A432D060A432A4388
:10EA2000FF241300100A110C204023400002214053
:10EA300009040343120E10060B43184303B030BD04
:10EA4000431CDBB2E6E70300803BDBB2E2E7C046F3
:10EA500030B50A0083B0002806D043B2002B1DDB7E
:10EA6000411E0123C9B201E00023002109021B0459
:10EA70000143120619431143FF240D000B0A2340E2
:10EA8000080C254020401B0200042B430343080EC2
:10EA90001902090A0006084303B030BD010080399D
:10EAA0000223C9B2E2E7C046002340220374835424
:10EAB000043283541C3283547047C046F8B5037C3B
:10EAC0000400002B09D006000025300006F016FCDB
:10EAD000237C01351036AB42F7D84423E35C002B8E
:10EAE0000BD02600002544274236300006F07AF984
:10EAF000E35D01350236AB42F7D84023E35C002BDF
:10EB00000BD02600002540271836300006F0B4FC54
:10EB1000E35D01352836AB42F7D86023E35C002B78
:10EB20000BD02600002560274836300006F0EEF9AD
:10EB3000E35D01351836AB42F7D8F8BD30B5047C3B
:10EB400083B0651C05742501401906F0CFFB012236
:10EB500001212000FFF756FFFF240300010A020CE9
:10EB6000214023400902224012040B43000E1343AC
:10EB70000006184303B030BDF0B585B00AAC267866
:10EB80004024055D6F1C0755AC006419E40018347F
:10EB90000019009606F030FC012202212800FFF740
:10EBA00031FFFF240300010A020C21402340090227
:10EBB000224012040B43000E13430006184305B015
:10EBC000F0BDC046442310B5C45C82B0621CC25480
:10EBD000230021335B00C01806F000F90022012158
:10EBE0002000FFF70FFFFF240300010A020C214061
:10EBF00023400902224012040B43000E1343000677
:10EC0000184302B010BDC04670B56024055D84B0E5
:10EC10006E1C06556C006419E40048340019089C09
:10EC2000009406F039F9002202212800FFF7EAFEDD
:10EC3000FF240300010A020C214023400902224064
:10EC400012040B43000E13430006184304B070BDBA
:10EC5000027C030000208A4201D90801181870477D
:10EC60000B004021415C02000020994204D9990028
:10EC7000C918C900183150187047C0464422825C38
:10EC8000030000208A4202D9213148001818704739
:10EC90000B006021415C02000020994204D9590018
:10ECA000C918C900483150187047C046F8B540230C
:10ECB000C35C0600002B0FD0050000244027183548
:10ECC00002E02835002806D0280006F0C9FEF35DD2
:10ECD0000134A342F5D8F8BD0120FCE7F8B50F00D8
:10ECE0000421160004001D00FDF770FC0123012221
:10ECF00039002A4320002375330000F057FA200022
:10ED0000FDF77AFC0021B0424941C8B2F8BDC046C7
:10ED1000F0B5C646050000B50F00042190461E0060
:10ED2000FDF754FC2800FDF767FC03248442A4414E
:10ED30006442032803D8200080BCB846F0BD434697
:10ED400032003900280000F041FA01221100337826
:10ED50001940934333702975EDE7C0460322130031
:10ED60000340024201D00132D31A18007047C04656
:10ED700010B584B069460120F1F7D2FA00980199E4
:10ED80000023074AF4F744FE029C2200E317801890
:10ED900059410023034AF3F7F3FA04B010BDC0460B
:10EDA00000CA9A3B40420F0010B584B0694601206A
:10EDB000F1F7B6FA009801990023054AF4F728FE06
:10EDC000029C2200E3178018594104B010BDC046D0
:10EDD00000CA9A3BF0B54546DE4657464E46E0B57A
:10EDE0000D000F0080462800B8378FB0797A0830C0
:10EDF000FFF736FF040006F03DFE002813D1B823CC
:10EE00002800EB5879689847002807D101200FB0F7
:10EE1000F0BCBB46B246A946A046F0BD200006F0B5
:10EE200029FE0028F2D02389606819009B46F3F779
:10EE300081FA04238146267B5B424B449E1BFA6881
:10EE4000043E9A46B3B20393D31AFB60E089594655
:10EE5000F3F770FA4B4689B24B4399462668042271
:10EE6000F11806A8F4F732FF4B46191D069B5246CF
:10EE700000937118002306A8FDF77AFBFA681300C7
:10EE8000083353452ED900230D21039A06A8FFF716
:10EE900025FFE38999465346059327896068390021
:10EEA000F3F748FA390006004846F3F743FA2368B7
:10EEB00088B29C4670430422604405A9F4F706FF1B
:10EEC0000121E08906F004FF0899079AE081521AAF
:10EED0004046FDF75FFB40462A000849FDF730FB3E
:10EEE000002094E702230D2192B206A8FFF7F6FE58
:10EEF000E3899946FB680833CEE7C046D5ED00109C
:10EF0000F0B587B01C000C9B02921A1D002305006F
:10EF1000019307330093280023000391FEF7D6FFE7
:10EF200001235840C0B20026A075002802D030004E
:10EF300007B0F0BD05AA02992800FFF705F905A959
:10EF40000600200001F016F86368A268A569E76969
:10EF50002000A1689A1AFDF71DFB3A002900200045
:10EF6000FDF7EEFAE3E7C046F0B5DE464E4645460D
:10EF70005746E0B5050093B0080A0791C1B22800D2
:10EF800008301E000692FFF76BFE07AB9B7804006B
:10EF9000012B0BD0002809D006F06CFD002813D1FE
:10EFA00028001E991D9B9847002808D100242000A6
:10EFB00013B0F0BCBB46B246A946A046F0BD200047
:10EFC00006F058FD0028F1D0E38927899846236888
:10EFD000390060689B46F3F7ADF981463900404639
:10EFE000F3F7A8F94B468FB25F43BA46DA440422DE
:10EFF00051460AA80393F4F769FE0A9A039B049208
:10F00000043B9946237B934277D30437BB4449465C
:10F010001C9A0F1F0832514605920AA80422FF1AB3
:10F02000F4F754FE0A9B4A46594600930AA8002367
:10F03000FDF79EFA059ABFB29446CC459B415B42D0
:10F040003A000D215B000AA8FFF748FE4B460993E2
:10F050002389606819009946F3F76CF9494607005F
:10F060004046F3F767F9236888B29C467843042248
:10F07000604409A9F4F72AFE0121404606F028FE63
:10F08000049B039A191D083AD21A0700594430000C
:10F09000FDF780FA1C9B07211A1D80235B029A4210
:10F0A0009B411A40E781002392B23000FFF716FE21
:10F0B0002800069909AAFFF747F8041E00D176E751
:10F0C00009A9300000F056FF7368B2683000B168DB
:10F0D0009A1AFDF75FFAC023079A3000EA50059AA2
:10F0E0000433EA501D9A0C3BEA501E9A0433EA504E
:10F0F00013492A00FDF724FA59E70121404606F09A
:10F10000E7FD23898046190060689B46F3F712F9F2
:10F11000824659464046F3F70DF95346276888B2B0
:10F120005843BA46011D8B468244042251460AA820
:10F13000F4F7CCFD0A9BBB440493237B67E7C046EE
:10F14000D5ED0010F8B5170005001E000C00FBF708
:10F150009DFE39002800FBF799FE64B232000121C0
:10F160002800FBF73BFF002C04DB04222800069953
:10F17000FBF7DCFCF8BDC046F8B5170004001E0024
:10F180000D00FBF799FE39002000FBF795FE3200D9
:10F1900001212000FCF718F82B787F2B04D80422DB
:10F1A00020000699FBF72EFDF8BDC04670B516008D
:10F1B00004001D00FBF76AFE31002000FBF766FE2D
:10F1C0002A0001212000FBF709FF70BD70B5160071
:10F1D00004001D00FBF770FE31002000FBF76CFE01
:10F1E0002A0001212000FBF7EFFF70BDF8B5CE46E5
:10F1F0004746042280B50D000400FBF797FC02226D
:10F200000600291D2000FBF791FC02220640A91DE3
:10F210002000FBF78BFC2900F6B2042206400831DF
:10F220002000FBF783FC297B06402000FBF72EFE25
:10F23000697B06402000FBF7FBFD6B7B304080467E
:10F24000002B09D1A98B2000FBF74EFE4346184046
:10F25000C0BCB946B046F8BD20002969FCF730F8BB
:10F260002B69002B18D02E0000271436002803D15C
:10F2700016E00836002813D03168200005F09AFD0A
:10F2800081467168200005F095FD4B4618402B69BA
:10F290000137C0B29F42ECD3434603409846D1E7C2
:10F2A00000239846CEE7C046F8B5CE46474604222E
:10F2B00080B50C000500FBF7A5FC02220600211D0D
:10F2C0002800FBF79FFC02220640A11D2800FBF747
:10F2D00099FC2100F6B20422064008312800FBF711
:10F2E00091FC210006400C312800FBF7E5FD2100D0
:10F2F00006400D312800FBF7B1FD637B0640002B73
:10F3000009D1210028001C31FBF7E8FE3040C0BCC9
:10F31000B946B046F8BD210028001031FCF7ECF8E2
:10F320002369012B03D90123AB750026E9E7002BE4
:10F330001FD02700002314379846002803D1F4E794
:10F3400008370028F1D0802239689200280005F0A3
:10F350003DFD8022814679682800920005F036FD47
:10F360004B46184001239C462369E044C0B29845AF
:10F37000E6D30640C5E7C046F8B5CE464746042268
:10F3800080B50D000400FBF7D1FB02220600291D09
:10F390002000FBF7CBFB02220640A91D2000FBF753
:10F3A000C5FBF6B20640297A2000FBF741FD2B7A17
:10F3B0000640B046002B04D14046C0BCB946B0461A
:10F3C000F8BD2000E968FBF77BFFEB68002B18D045
:10F3D0002E0000271036002803D116E0083600283A
:10F3E00013D03168200005F0E5FC814671682000EB
:10F3F00005F0E0FC4B461840EB680137C0B29F4275
:10F40000ECD3434603409846D6E700239846D3E71B
:10F4100070B50D0009780600FBF738FD041E06D014
:10F420002B78022B0DD0032B11D0012B09D0822376
:10F430009B003000E9180222FBF778FB2040C0B2A5
:10F4400070BD3000696805F0B5FC0400EFE72900E5
:10F4500030006A680831FDF741F90400E7E7C0466B
:10F460000B7870B506000C000E2B4ED8334A9B006B
:10F47000D3589F460431FFF7CBFF70BD0979FBF7E6
:10F4800005FD00281DD02379012B01D0022B3CD192
:10F490003000A16805F08EFCEFE70979FBF7F6FC78
:10F4A000051E04D02379022B39D0032B2FD08323C0
:10F4B0009B0002223000E118FBF738FB2840C0B265
:10F4C000DBE70020D9E70979FBF7E0FC051E0BD04C
:10F4D0002379022B03D0032B27D0012B04D130003A
:10F4E000A16805F067FC050083239B003000E15E06
:10F4F000FCF7DEF92840C0B2BFE70431FFF776FE23
:10F50000BBE70431FFF738FFB7E70120B5E721007B
:10F510003000A2680C31FDF7E1F80500C7E73000C4
:10F52000A16805F047FC0500C1E721003000A26892
:10F530000C31FDF7D3F80500D6E7C046D89B011083
:10F5400070B506000D00FBF7B7FC041E06D02B7843
:10F55000022B0DD0032B13D0012B09D082239B004B
:10F560003000E9180222FBF74DFB2040C0B270BD0D
:10F57000802230006968920005F028FC0400EDE765
:10F580008022290030002B1D92000831FDF7B8F8C9
:10F590000400E3E770B50C0009780600FBF748FCAF
:10F5A00023780500002B0AD13000217AFBF740FCBC
:10F5B000237A0540EDB2002B08D1280070BD300041
:10F5C000616805F0F7FB0540EDB2EDE73000E1685A
:10F5D00005F0F0FB0540F0E770B50C000968050088
:10F5E00005F0E8FB217906002800FBF721FC2379D0
:10F5F0000640F6B2002B09D12800217BFBF718FC4E
:10F60000237B0640002B0ED1300070BDA16828007E
:10F6100005F0D0FB217B06402800FBF709FC237B8B
:10F620000640002BF0D02800216905F0C3FB0640FE
:10F63000F6B2E9E7F0B5C6460C0000B50978060059
:10F64000FBF7F6FB237807000500002B0ED12827D7
:10F650003000E15DFBF7ECFBE35D0540EDB2002B14
:10F6600000D071E0280080BCB846F0BD3000616871
:10F67000FBF726FE6368002B70D000286CD03000AA
:10F68000A16805F097FB6368012B5AD9002863D065
:10F690003000E16805F08EFB6368022B51D9002829
:10F6A0005AD03000216905F085FB6368032B48D9E7
:10F6B000002851D03000616905F07CFB6268042AA3
:10F6C0003FD9002848D03000A16905F073FB63687A
:10F6D000052B36D900283FD03000E16905F06AFBE0
:10F6E0006368062B2DD9002836D03000216A05F03A
:10F6F00061FB6368072B24D900282DD03000616A94
:10F7000005F058FB6368082B1BD9002824D0300073
:10F71000A16A05F04FFB6268092A12D900281BD0A4
:10F72000082398460925A04401E0002814D0424649
:10F73000AB00D158300005F03DFB626801359542C1
:10F74000F3D33840C5B282E721003000E26A30319D
:10F75000FCF7C4FF054085E7002578E70540EDB2DA
:10F7600075E7C04670B50C0009780600FBF760FB32
:10F7700023780500002B0AD13000217AFBF758FBD3
:10F78000237A0540EDB2002B08D1280070BD30006F
:10F79000616805F00FFB0540EDB2EDE72100300098
:10F7A0000C31FFF747FF0540EFE7C04670B50C008E
:10F7B00009880500FBF798FBA17806002800FBF7F5
:10F7C00037FBA3780640F6B2002B19D12800A179A7
:10F7D000FBF72EFBA3790640002B1ED12800217BCE
:10F7E000FBF726FB237B0640002B24D12800217D3C
:10F7F000FBF71EFB237D0640002B2AD1300070BD95
:10F80000A1882800FBF770FBA17906402800FBF7D0
:10F810000FFBA3790640002BE0D0A1682800FBF77E
:10F820004FFD217B06402800FBF702FB237BF6B24D
:10F830000640002BDAD021692800FBF741FD217D2D
:10F8400006402800FBF7F4FA237DF6B20640002BB1
:10F85000D4D021002800A2691C31FCF73FFF0640EC
:10F86000F6B2CBE7F0B5C646022200B50D000600A1
:10F87000FBF75CF9A97804003000FBF7D9FAAB7804
:10F880000440E4B2002B03D1200080BCB846F0BD98
:10F89000290030000831FFF789FF2C239846070024
:10F8A000E95C3000FBF7C4FA4346EB5C0740FFB26B
:10F8B000002B01D13C40E7E730002A6B6B6BFBF774
:10F8C0003FFF07403C40DFE770B505000E00FBF747
:10F8D000F3FA041E06D033780E2B04D8484A9B0056
:10F8E000D3589F460024200070BD2800311DFFF72B
:10F8F00027FE0400F7E72800311DFBF7DDFA00289A
:10F90000F0D03379012B01D0022BECD180222800DA
:10F91000B168920005F05AFA0400E4E72800311DAE
:10F92000FBF7CAFA041E0ED03379022B4DD0032BFD
:10F9300009D13300802231002800083392000C31B5
:10F94000FCF7DEFE040083239B0002222800F1184E
:10F95000FBF758F90440E4B2C5E70422311D280042
:10F96000FBF750F931000400022208312800FBF7B0
:10F9700049F93100022204400A312800FBF742F91C
:10F980003100E4B204400C312800FBF767FA044070
:10F99000A9E72800311DFBF78FFA041E06D0337942
:10F9A000022B1AD0032B20D0012B16D083239B00CF
:10F9B0002800F118FBF7F6FF0440E4B293E72800B3
:10F9C000311DFFF771FC04008DE780222800B1682B
:10F9D000920005F0FBF90400B5E780222800B16829
:10F9E000920005F0F3F90400E0E7330080223100D3
:10F9F0002800083392000C31FCF782FE0400D5E7A2
:10FA0000149C011070B5022206000D00FBF7FAF8F5
:10FA1000A91C040002223000FBF7F4F82040C0B219
:10FA200070BDC046F8B5DE4657464E464546E0B581
:10FA30000D0009780700FBF729FA061E06D02B787F
:10FA4000062B67D00D2B16D0052B06D03000F0BC4E
:10FA5000BB46B246A946A046F8BD0823E95E380079
:10FA6000FBF726FF2A696B6906003800FBF768FE82
:10FA70000640F6B2EAE70823E95E3800FBF718FF14
:10FA8000E968060083463800FBF71AFCEB68002B98
:10FA9000EED000287DD00C239A46002398461033E0
:10FAA0009946AA44A94421E04B461B5D022B54D041
:10FAB00037D8002B3DD021000831042251443800B2
:10FAC000FBF734F843465B004344DB00EB180400CB
:10FAD000198B3800FBF708FA2040C0B201239C467E
:10FAE000EB68E044984511D2002852D043465C00B0
:10FAF0004444E4004B463800195DFBF7C7F9002881
:10FB0000D2D14346EA6801339A4242D85B46184054
:10FB1000C6B29BE738000823E95EFBF7C9FE060082
:10FB200094E7032B2DD154443800A16805F042F925
:10FB3000D4E721000831022251443800FAF7F6FFD9
:10FB400043465B004344DB00EB180400997D38001A
:10FB5000FBF79CF92040C0B2C0E721000831102219
:10FB600051443800FAF7E2FF43465B004344DB00B0
:10FB7000EB180400596A3800FBF7A2FB2040C0B222
:10FB8000ACE701239C46EB68E04418349845B1D3B8
:10FB90005CE700265AE7C046F0B5C646022200B52B
:10FBA00006000D00FBF72EF802228046A91C30004B
:10FBB000FBF728F8291D04003000FBF77DF9691DCB
:10FBC00007003000FBF778F943461C403C402040DA
:10FBD000C0B280BCB846F0BDF0B5C6460C0000B55A
:10FBE00009780500FBF752F9617806002800FBF759
:10FBF0004DF9A17806402800FBF71AF9A378F6B270
:10FC00000640002B0BD12800217AFBF711F9237A4B
:10FC10000640002B10D1300080BCB846F0BD6168B2
:10FC2000280005F0C7F8217A06402800FBF700F904
:10FC3000237A0640002BEED061892800FBF754F9A7
:10FC40008046A1892800FBF74FF94346270018405A
:10FC5000F989C4B22800FBF747F98046398A2800A1
:10FC6000FBF742F9434626401E400640D3E7C04614
:10FC700010B5FFF7BBFA10BDF8B5022206000C0064
:10FC8000FAF754FFA11C070002223000FAF74EFFDA
:10FC9000217905003000FBF7F9F8002808D0237916
:10FCA0003D40EDB20E2B04D8394A9B00D3589F46F5
:10FCB00000252800F8BD210030000831FFF7A8FB1F
:10FCC0000540F6E73000217AFBF7E0F80028EFD096
:10FCD000237A012B01D0022BEBD13000E16805F033
:10FCE00069F80540E5E73000217AFBF7CFF8071EF9
:10FCF0000BD0237A022B36D0032B06D12100300003
:10FD0000E2681031FCF7EAFC070084239B00022222
:10FD10003000E118FAF70AFF38400540C9E7300023
:10FD2000217AFBF7B3F8071E06D0237A022B20D0E6
:10FD3000032B24D0012B1CD084239B003000E15ED8
:10FD4000FBF7B6FD38400540B3E72100300008312D
:10FD5000FFF74CFA0540ACE7210030000831FFF70F
:10FD60000BFB0540A5E73000E16805F023F807002C
:10FD7000CBE73000E16805F01DF80700DCE7210063
:10FD80003000E2681031FCF7A9FC0700D4E7C04658
:10FD9000509C011070B5022205000E00FAF7C6FE55
:10FDA000B11C022204002800FAF7C0FE716804406A
:10FDB0002800FBF785FAE4B2204070BD70B502223E
:10FDC00006000D00FAF71EFFA91C022204003000F5
:10FDD000FAF718FF291D04403000FBF78DFBE4B251
:10FDE000204070BD70B5022205000C00FAF79EFE9F
:10FDF00002220600A11C2800FAF798FE3040C0B28B
:10FE000070BDC046F8B5CE46474680B506000D0029
:10FE1000FBF752F8691C80463000FBF74DF8291DAE
:10FE2000070004223000FAF7EDFE29000400022248
:10FE300030000831FAF7E6FE2900434681460222E7
:10FE400030000A311F40FAF7DDFE290080460C31F0
:10FE50003000FBF703F84B46FFB23C401C404346E2
:10FE60001C402040C0BCB946B046F8BDF0B5C646FF
:10FE7000022200B506000D00FAF7C4FE02228046F9
:10FE8000A91C3000FAF7BEFE291D04003000FBF764
:10FE900013F8691D07003000FBF70EF843461C40BD
:10FEA0003C402040C0B280BCB846F0BDF0B5C6466C
:10FEB000022200B50F000600FAF738FE0222804643
:10FEC000B91C3000FAF732FE397904003000FAF735
:10FED000DDFF797905003000FAF7D8FF43461C4072
:10FEE0002C400440397A3000FAF7A2FF3B7A050033
:10FEF0008046E4B2002B11D187239B009846F95C21
:10FF00003000FAF795FF4346FB5C0540EDB2002B4D
:10FF100014D12000284080BCB846F0BD3000397BA9
:10FF2000FAF7B4FF00250028E6D0390030000C3184
:10FF3000FFF796FA43461840C5B2DDE788239B00D9
:10FF40003000F918FFF76EFD0540E2E770B50222B8
:10FF500006000D00FAF7EAFDA91C02220400300099
:10FF6000FAF7E4FD291D04403000FFF735FEE4B246
:10FF7000204070BD70B5022205000C00FAF7D6FDD6
:10FF800002220600A11C2800FAF7D0FD3040C0B2C2
:10FF900070BDC04670B50E0009880500FAF7A4FFD1
:10FFA000B11C022204002800FAF7C0FD3179044098
:10FFB0002800FAF76BFFE4B2204070BD70B5060070
:10FFC0000C00FBF78BF80222A11C05003000FAF7A9
:10FFD00019FE211D05403000FAF76EFFEDB22840F2
:10FFE00070BDC04670B50E0009880500FAF77CFFA9
:10FFF000718804002800FAF777FF3179044028005F
:020000041001E9
:10000000FAF744FFE4B2204070BDC04670B5060068
:100010000C00FBF763F8A11C05003000FBF75EF84D
:10002000211D05403000FAF747FFEDB2284070BDB2
:10003000F0B5C64600B507000E00FBF7B7FD311D51
:1000400080463800FBF758FA3100050008313800C7
:10005000FBF7ACFD310004000C313800FBF74CFA23
:10006000434631001D402540054010313800FBF764
:100070009DFD3100ECB2143105003800FBF73CFA6D
:100080002540284080BCB846F0BDC046F8B5CE46F5
:1000900047460E0080B50C220500FAF747FD3100F7
:1000A000032281460C312800FAF740FDF17B040061
:1000B0002800FAF7EBFE316980462800FBF7E8FCE0
:1000C000716907002800FBF7FBF84B461C404346CC
:1000D0001C403C402040C0B2C0BCB946B046F8BD50
:1000E000F8B5CE4647460D0080B50C220600FAF75B
:1000F00089FD2900032281460C313000FAF782FD88
:10010000290004000F313000FAF7D6FE290080469E
:1001100010313000FBF74AFD290007001431300090
:10012000FBF7EAF94B461C4043461C403C4020404C
:10013000C0B2C0BCB946B046F8BDC046002806D023
:100140000068002802D084235B00C058704700205C
:10015000FCE7C046F0B504000E00150083B000288F
:100160001ED0006800281BD084277F00C359002BB5
:1001700016D0002917D0002A15D011300521FF30E4
:10018000F3F7AAFD2368286069602A003100D85976
:1001900004F08AF8061E08D00126300003B0F0BD36
:1001A000FA267600F9E70B26F7E705212A686B683F
:1001B000206800911130FF30F3F7BAFDEDE7C0463B
:1001C00070B58CB00500160006A818220C00F3F7D5
:1001D0007DFD002D26D02B68002B23D084225200D9
:1001E000985800281ED0002E1FD000236A46D371D5
:1001F0000022002302920393049205936B4632007F
:10020000073302A904F074F9051E10D16B46DB799F
:10021000002B0ED01822200006A9F3F757FD280066
:100220000CB070BDFA256D00F4E70B25F2E701254F
:10023000F0E7F625FF35EDE7002809D00368002B2D
:1002400006D0842252009858431E9841C0B270478D
:100250000020FCE70A2804D004DD0B2801D0CB28BD
:1002600004D170470028FCD00328FAD00120F8E719
:10027000020010B5014B12CB12C210BD8C9C0110B4
:10028000002804D04068431E9841C0B27047002047
:10029000FCE7C046F8B54546DE4657464E460023C5
:1002A0008046E0B543600068002854D04368994612
:1002B00003699A4600239B464369002B07D01430FC
:1002C00000F0B4F98346002848D143461868036B10
:1002D000002B0BD0283003F0DBFD002804D05B4658
:1002E000002B3ED0F9F772F843461868036A002BDA
:1002F0001FD0C1698269002937DD0024002501264D
:100300000027A000C058002820D05146C8474346C7
:10031000A4197D411B68D9699A691B6AA942F0DC5E
:10032000A94201D1A242ECD818005146C847434621
:1003300018685146C8474246002358461360536028
:10034000F0BCBB46B246A946A046F8BDA4197D4103
:10035000A942D6DCE4E700239B46ECE7F9F736F840
:10036000B3E7FFF777FF8346BCE70029DCD1002A1B
:10037000C3D1D9E7F0B54E464546DE465746E0B50F
:100380000C00050091461E009FB0002800DC96E09E
:100390000023002900D195E09A00A258002A00D13C
:1003A00090E001339D42F7D14B46002B00D189E00C
:1003B0001B68002B00D185E019AA904683CB83C22D
:1003C00003CB03C24046F8F7D5FF00287AD0002EB1
:1003D00078D033686427002B75D1434678211A6999
:1003E0000120DB689847071E306000D1BCE002A8FE
:1003F00003F09EF8380002A950222830F3F766FC7B
:10040000424633689C4683CA83C303CA03C361461A
:100410004846143100F030F9071E4CD13368994634
:10042000EB179A464B4652469D61DA611862002DE1
:1004300059D0002C57D0434604211A692800DB68A4
:1004400098474B461862336899469B461B6A002BB7
:1004500030D05346002B00DC90E000220023A94658
:100460000092019325000FE0220002CDF3F72EFC4D
:10047000009B019C012100225B18544100930194D0
:10048000A24528DD33689B46009A2868970007F04C
:10049000ADF85A46136A42469B46441C1169200037
:1004A0001268BB4490475A46336810601B6AD8599B
:1004B0000028D9D10A273000FFF7ECFE03E000291D
:1004C00000D171E70B2738001FB0F0BCBB46B24625
:1004D000A946A046F0BD009B019CA24501D19945CB
:1004E000D0D83368994628490A68531C013236D05F
:1004F0000B600022190073604B465869436A8161A2
:10050000C261013332D03023C35C002B06D13030BE
:1005100000F006F9071ECED133685869406B18AA5F
:1005200017A901F02DF9071EC5D1179B0137002B24
:10053000C1D131684B691A00586B283200F028FC91
:10054000071EB8D13368190058692831183003F0F4
:1005500051FB071EB7D0FFF77DFE0700ABE7012375
:1005600000220B600121C6E70A27ACE7243005F022
:10057000CFFB071E9FD133685869C4E7002BB2D167
:10058000002D00D069E7AEE75C79002000207047BD
:1005900084B0F0B597B01DAC051E1D916260A360DC
:1005A00040D003686426002B05D0300017B0F0BCA3
:1005B00008BC04B018472000F8F7DCFE002831D052
:1005C00011AE3300220083CA83C303CA03C3502081
:1005D000216923689847071E286025D0030007CEAD
:1005E00007C302A806CE06C302F0B2FF380002A974
:1005F00038221830F3F76AFB6A4620AB286842CBF2
:1006000042C2183021686268A36803F023FA061E0C
:10061000CBD021692868636898473000FFF71AFE3D
:100620000600C2E70B26C0E70A26BEE770B5040045
:1006300086B0002818D00368002B15D001AD2A0021
:1006400043CB43C203CB03C22800F8F793FE002834
:100650000AD02068183003F097FA061E08D12969DD
:1006600020686B68984700E00B26300006B070BD2C
:10067000FFF7F0FD0600F8E7F0B5C64600B5040048
:100680000D0094B0002843D00068002840D0F8F74F
:1006900071FE00283CD0002D3AD02B686426002B38
:1006A00004D0300014B080BCB846F0BD23680FAA57
:1006B00019009046C1C9C1C241C941C2502019693F
:1006C0001B6898470A26071E2860EAD003004646A2
:1006D00007CE07C3684606CE06C302F039FF3800CE
:1006E000382269461830F3F7F1FA29682068183182
:1006F000183003F013FA061ED3D0F8F74DFEF8F7C2
:1007000065FE2800FFF792FF002803D00600C8E727
:100710000B26C6E73000FFF79DFD0600C1E7C04687
:10072000002310B582B0041E019318D00D4801A912
:1007300002F044FC03000120002B01D002B010BDE8
:10074000019B002B02D01A78312A03D0022300200B
:100750002370F3E75B78002BF8D10133F7E70B2028
:10076000ECE7C046949C0110020010B5014B12CB7F
:1007700012C210BDBC9C0110F0B5574645464E460E
:10078000DE46E0B5ABB09846349F25AB04001800B8
:100790000E0015009A4605F03DFD002F00D1EEE059
:1007A0003800F8F7E7FD002800D1E8E0002E00D17E
:1007B000E5E0002D00D1E2E0002C00D1DFE063682D
:1007C0009B46642399465B46002B00D0D9E0434604
:1007D000002B00D1D3E04046FFF752FD06900028E1
:1007E00000D1D6E05B460022300024A9249303F018
:1007F00039F88146002800D0C3E02498002800D0B2
:10080000ECE0280006F0F2FE002800D0C4E07D4DA8
:100810000022280024A903F007F88146002800D010
:10082000AFE006902498002800D0DCE078203969F9
:100830003B68984781466060002800D1CBE00023E8
:1008400000228266C366026743670AA800F022F9A5
:100850000AA968224846F3F739FA43463800616826
:10086000236000F025F900285DD1280006F0BEFEC7
:100870002818013803782F2B00D1B9E0636804965B
:100880009946614B0395029380231B0101933B69B9
:1008900000937968BA68FB68386802F0B9FB4B4688
:1008A000586763682A009946236831001868283021
:1008B00003F046FC4B4698666368986E002835D076
:1008C00003F0EAFC079000282DD0636808209946C1
:1008D00039693B6898474B46D8666368DA6E934639
:1008E000002A23D008AB9946180005F0C5FB4A46FC
:1008F0005B4603CA03C353463A0043CA43C303CA11
:1009000003C36368DA6E26AB94466A4643CB43C2A0
:100910001B6860461360259B4246079905F0FEFB65
:100920008146002823D06368002B1BD0586F002815
:1009300003D07B68396998476368986E002802D0B5
:1009400003F014FC6368D86E002807D005F03EFC65
:1009500063683969D86E7B6898476368180039699D
:100960007B68984700232360636001339946069BA8
:10097000002B06D0280039697B68984701E00B23DB
:10098000994648462BB0F0BCBB46B246A946A046A5
:10099000F0BD65239946F4E72B782F2B00D137E77C
:1009A0001A4B0395029380231B0101933B6900932B
:1009B00038687968BA68FB6802F02AFB051E1DD00A
:1009C0000023002224A9249302F02EFF8146002850
:1009D00000D127E7CEE70A239946C8E702F094FF43
:1009E000C9239946CDE702F031FFCA239946BEE7F5
:1009F0006368049699460395054B44E70A23994694
:100A0000BFE7C046AC9C0110B49C0110B09C011023
:100A10004095011010B5002809D04368002B06D07E
:100A20009B6E002B03D00068FFF72AFC10BD00204E
:100A3000FCE7C046002807D04068002803D0806E3D
:100A4000002800D0806870470020FCE7002807D00D
:100A50004068002803D0806E002800D0C06870472E
:100A60000020FCE7002808D04068002804D0836EEE
:100A70005A1E93415B42184070470020FCE7C04675
:100A8000002804D04068002800D0806E7047002005
:100A9000FCE7C04610B5040068220021F3F710F906
:100AA0002000F8F75DFC01232000237510BDC0462F
:100AB00070B504000D00002813D0002911D0884221
:100AC0000FD0010014222800F3F700F928002100BC
:100AD000A38A5022AB8218301831F3F7F7F80020C0
:100AE00070BD0B20FCE7C04682B0F0B54E46DE4636
:100AF00057464546E0B591B01B931FAB1B780400E9
:100B00000E0099461A9200283BD0FFF7ABFF002851
:100B10002BD02000FFF78EFF0BAD07002000FFF762
:100B200095FF2B001AAA804613CA13C303CA03C336
:100B3000219B002B25D01B9B9A461E9B9B4602F0B7
:100B4000BDFB6A4608900DAB13CB13C20021079280
:100B50006B680B9A08A802F02DFC041E13D0F8F75E
:100B60001BFCF8F733FC0A2C00D00124200011B044
:100B7000F0BCBB46B246A946A046F0BC08BC02B0D9
:100B800018470B24F2E7099008A805F06DFA041E37
:100B900015D00A2800D00124002508A802F042FC44
:100BA00000283DD159460998D04759462800D047DA
:100BB0004B46002BDAD0672CD8D10134D6E709ABED
:100BC00005936B4607CD07C3079B300006CD06C3D0
:100BD0004246390008AB05F0D3F80025041EDCD1ED
:100BE000099D002209900AA9280002F04FFD002863
:100BF00010D10A9B002B18D1219B08A81D6002F080
:100C000011FC041E13D0F8F7C7FB0025F8F7DEFB34
:100C10000124C7E7F8F7C0FB0134F8F7D7FBBCE7BE
:100C2000F8F7BAFBF8F7D2FBBCE76724B5E75946FB
:100C30000998D04759460020D04797E7F0B51700EC
:100C400085B0083714006B463A008C46060023CA6C
:100C500023C3604663682268164902F0CBF93378F3
:100C600005002F2B21D023006A460C33701C42CB89
:100C700042C221686268A36802F0C2F96B460600AE
:100C800007CF07C3310022682800636802F0B2F979
:100C9000070021693000636898472800216963686C
:100CA00098473D00280005B0F0BD7378002BF9D0BF
:100CB000D9E7C046009D0110F0B5C64600B5060054
:100CC0000C0084B000280CD00800F8F753FB002873
:100CD00007D000232C4803A9039302F06FF9051EE7
:100CE00005D00025280004B080BCB846F0BD0398AC
:100CF0000378002BF5D00C239846A0446B4642465F
:100D000082CA82C321686268A36802F09DFA071E46
:100D1000E7D01E4803A9039502F050F9002809D036
:100D200000263000216963689847380021696368AC
:100D30009847D7E703980378002B1CD06B464246B0
:100D400042CA42C321686268A36802F07DFA061EA7
:100D5000E6D022003900FFF771FF0500002DE0D03A
:100D6000280002F045F90028DBD1280021696368DA
:100D700098470025D5E7300022003900FFF75EFFD5
:100D800000260500EAE7C0460C9D0110249D0110D5
:100D9000F0B5C646002300B582B006000F001E481D
:100DA00001A99046019302F009F90124051E04D01F
:100DB000200002B080BCB846F0BD1849019806F08A
:100DC000C9FB041E0BD143460190002B1CD01448D4
:100DD00001A902F0F3F8002805D00124E8E7434612
:100DE00000241D70E4E70F49019806F0B3FB43426D
:100DF00058414346390018703000FFF75DFF002866
:100E000004D043465860D3E70B24D1E743461C780F
:100E1000013C63425C41CBE7C49C0110D89C0110AB
:100E2000E09C0110F89C0110002806D00068002802
:100E300002D084235B00C05870470020FCE7C04606
:100E400070B58CB00500160006A818220C00F2F749
:100E50003DFF002D1FD02B68002B1CD08422520098
:100E60009858002817D0002E1ED000236A46D37150
:100E70006B463200073302A903F066FA051E0DD057
:100E80000A2800D001251822200006A9F2F71EFF2B
:100E900028000CB070BD9625AD00F4E76B46DB79F9
:100EA000002BF0D1014DEEE70B25ECE759020000D5
:100EB00010B5002813D00368002B10D08420400008
:100EC000185800280BD000290CD0002A0AD003F0B3
:100ED000A5FA002802D0022800D0012010BD9620DB
:100EE0008000FBE70B20F9E7002809D00368002BFE
:100EF00006D0842252009858431E9841C0B27047D1
:100F00000020FCE7F0B504000F0015001E00A5B09E
:100F100000282BD00268002A28D0C023D358002BE9
:100F200024D0002925D0002D25D002A802F0A6FB50
:100F3000402202A92800F2F7C9FE4F216A46002389
:100F4000521813702268C033D0584F222B0039003A
:100F500000966A4403F01CFC00280ED16B464F2219
:100F60009B181B78002B0BD025B0F0BDC82040008B
:100F7000FAE70B20F8E714ADD7E7FFF76BF9F3E7D3
:100F80009220FF30F0E7C046002805D00068002816
:100F900001D0C023C05870470020FCE7002808D0CB
:100FA0000368002B05D0C0229858431E9841C0B258
:100FB00070470020FCE7C04610B50800F8F722FA99
:100FC00010BDC04610B50800F8F742FA10BDC04683
:100FD00010B5037A0C00002B06D00521F2F77CFE39
:100FE00020606160002010BD0800F8F70BFAFAE7F6
:100FF000F8B5060010000D001400F8F7BBF9002842
:101000003CD0022E4AD024D8002E39D0002D35D025
:10101000002C33D000262B0022002E706E60AE60B4
:10102000EE602E61143383CA83C303CA03C3102046
:101030002169236898472861002842D000230022B4
:1010400002604360204B0672EB60012300202B708E
:1010500015E0032E12D1002D10D0002C0ED000234D
:101060006B60AB602B612B00143307CC07C306CC3D
:1010700006C3164B0020EB602E7000E00B20F8BD7D
:10108000002DFBD02E706E60AE60EE602E611435C8
:101090000ECC0EC500200CCC0CC5F0E7002DEDD019
:1010A000002CEBD000236B60AB602B612B00143362
:1010B00007CC07C306CC06C3054B0020EB602E709F
:1010C000DDE70A20DBE7C046D10F0110C50F011094
:1010D000B90F0110030010B500280BD0002909D06A
:1010E00002780120002A04D0DA68002A01D01869A9
:1010F000904710BD0B20FCE782B0F8B50C9D041E94
:101100000692079324D01430F8F734F900281FD042
:10111000002D1DD0099B002B1ADB0B9B002B17DC2D
:1011200013D0A2686068002A35D00300002103E0D4
:1011300001312833914210D01E68AE42F8D11E6AA8
:101140000D9FBE42F4D1012003E00A9B002BE8D0A2
:101150000B20F8BC08BC02B0184701318B005918AD
:10116000C900626AE3699847002812D0A7686060E6
:10117000BE00F619F60086193000182235600830D6
:1011800006A9F2F7A3FD0D9B013733620020A7608B
:10119000DFE70A20DDE72821E3E7C046F8B5CE46C1
:1011A000474606000D00914680B500283AD014301D
:1011B000F8F7E0F8002835D0002D33D0B368984612
:1011C000002B0DD077689C0038004444E4003C19A3
:1011D0002838283C836AAB4204D02830A042F9D199
:1011E000012020E0836C2830A04227D04B45F1D16C
:1011F0000500283528222900F2F768FD2800A542BD
:10120000F6D14446013CB460002C10D0A10009196D
:101210003800726AF369C9009847002816D07060D8
:10122000002000E00B20C0BCB946B046F8BD380035
:10123000716AB369984700207460F4E74B45CFD1D9
:101240004446013CB460002CE0D1F0E70A20EAE714
:10125000F0B5D6464F4680B50600150087B0002988
:1012600008D00378023B012B41D907B0C0BCBA4675
:10127000B146F0BD136804A91868FFF72BFF0028DA
:10128000F3D1286805212030F2F726FD04002868F4
:10129000894628300521F2F71FFD824628680F0095
:1012A00018300521F2F718FD33780290023B0391C4
:1012B000012B39D9049A059B9F425EDD994502DCDA
:1012C000D3D19442D1D90298039980185941052469
:1012D000020028680B0028300094F2F711FD049AF0
:1012E000059B286800942030F2F70AFDBDE71368DB
:1012F00004A91868FFF7EEFE0028B6D1049B059AF2
:101300001343B2D0286805212830F2F7E5FC02002B
:101310000B0004980599121A8B4105212868009149
:101320003030F2F7EDFCA0E7049B059A13439CD004
:10133000052428680023002230300094F2F7F8FCDE
:10134000030006000F000B4300D18EE7049A059BB3
:1013500002980399921BBB4112184B4128680094D4
:101360002830F2F7CDFC049A059B2868921BBB41FC
:1013700020300094F2F7C4FC77E79F4201D19245F8
:101380009CD82868083004F05DFF6EE7014B1868B0
:101390007047C046449D0110F0B5C64600B5AAB0DE
:1013A00033AB040018000D0017009846F7F7E2FF72
:1013B00000285ED0002C5CD0002D5AD0319B002B31
:1013C00057DB23686426002B04D030002AB080BC91
:1013D000B846F0BD280008A9FFF77CFE061EF4D130
:1013E00006AE30001695179704F046FE18AB06CEF1
:1013F00006C30BA804F00EFF6A460DAB43CB43C2F5
:1014000039000B9A0C9B18A804F03EFE061EDCD196
:10141000169B1B78012B2ED030983199329B1A9352
:10142000309A319B1C921D93002200232292239319
:10143000089A099B1E921F9312184B415820694627
:1014400020922193382300220918CA54424625AB22
:1014500083CA83C303CA03C3434650201969339B1D
:1014600098472060002825D0502216A9F2F72EFCBC
:10147000ABE70B26A9E710AF3B70012200231292C5
:10148000139301225242D317149215930E4B11322B
:1014900012A9684604930594F2F718FC2800109AE4
:1014A000119BFFF729FE071EB6D018A804F08EFE88
:1014B0003E008AE718A804F089FE220028000249AD
:1014C000FFF76CFE0A2680E751120110F0B5C64600
:1014D00000B504008AB000285CD00368002B56D009
:1014E000BFF35B8F38229B5CBFF35B8F002B46D131
:1014F000036808A91868FFF7EDFD051E40D1099B98
:10150000089A002B41DB0521206800912030F2F77A
:101510000FFC049005912368BFF35B8F1B69BFF339
:101520005B8F2068052128309846F2F7D5FB06002E
:1015300020680F0018300521F2F7CEFB02900391CE
:10154000029A039BB6185F41089A099B069207937B
:10155000BB4223DC20D005232068009332003B00EF
:101560002830F2F7CDFB4346002B09D004980599AB
:10157000089A099B121A8B412000C04700E0174DC2
:1015800028000AB080BCB846F0BD0125F8E7C825A0
:10159000AD00F5E70B25F3E7B242DCD9029A039BD5
:1015A0001100194302D1069E079FD4E7012252423F
:1015B000D31706980799801BB94180185941029AA0
:1015C000039BF0F7DDFE0122002380185941029AA7
:1015D000039BF2F71DFA36184F41BCE721030000C8
:1015E000F0B5C64600B504000D0082B0002832D028
:1015F0000368002B32D000292DD0BFF35B8F382237
:101600009B5CBFF35B8F002B0AD1036869461868A7
:10161000FFF760FD804600280AD0124B984202D1A5
:10162000002398462B70404602B080BCB846F0BDFF
:10163000206805212830F2F74FFB009B019C012612
:101640007642F717C01AA14136184F410B003B43B1
:10165000DB0F2B70E7E70B239846E4E7C8239B00DA
:101660009846E0E72103000070B504000E0082B048
:10167000002823D00368002B22D000291ED0BFF3FE
:101680005B8F38229B5CBFF35B8F002B14D1036808
:1016900069461868FFF71EFD051E0AD1206805215E
:1016A0002830F2F719FB009B019CC01AA141306061
:1016B0007160280002B070BD034DFAE70B25F8E712
:1016C000C825AD00F5E7C04621030000002807D07B
:1016D0000068002803D0C368002B01D00830704791
:1016E0000020FCE770B50D0014001E00C2B00028F9
:1016F00016D0002A14D06A4601AB02F043F8002845
:1017000018D1009B002B03D10023236042B070BD91
:10171000072B07D0062B26D817499A008A589746D8
:101720000B20F3E7FF2DEFD92360002EEED0FE2330
:101730003360EBE7FEF78EFDE8E706232360002E1B
:10174000E4D0019B3360E1E705232360F7E704233E
:101750002360F4E703232360F1E702232360EEE72D
:1017600001232360EBE78021044A490002A801F02D
:101770003BFD0120CAE7C046A89D0110489D01100D
:1017800070B504000D001600002808D005F02EFFEB
:10179000330001002A002000FFF7A4FF70BD0B20DA
:1017A000FCE7C04610B5040034220249F2F78EFA75
:1017B000200010BDC49D0110002804D0006B431E02
:1017C0009841C0B270470020FCE7C046F8B5CE464D
:1017D0004746040080B5002800D1A5E0036B002631
:1017E000002B00D198E0D86B03F0CEF9061E00D094
:1017F00097E0256B002D00D18EE00027EB6C206870
:101800009846AB6D676099462F60002803D0190099
:10181000C047256B2760A868002805D04946C04707
:101820000023256BAB606B60AB6DA068984600230E
:10183000EF6C9946E360EB60002807D04146B8475B
:101840004B46256BA360AB6DEF6C9846002368692F
:1018500099462B61002807D04146B8474B466B613B
:10186000256BAB6DEF6C9846002320696361994648
:101870002B64002807D04146B8474B46256B2361AF
:10188000AB6DEF6C98460023A069E3619946AB61AC
:10189000002804D04146B8474B46256BA361286A0F
:1018A000002805D04146B8470023256B2B62EB6129
:1018B0000027EB6C206A9846AB6D676299466F62B1
:1018C000002803D01900C047256B2762E86A00286A
:1018D00005D04946C0470023256BEB62AB62002769
:1018E000EB6CA06A9846AB6DE76299462F630028BF
:1018F00003D01900C047256BA762A86B002805D04C
:101900004946C0470023256BAB636B63EB6C280033
:10191000A96D9847002323633000C0BCB946B04688
:10192000F8BDE126B60064E70B26F5E770B50400C4
:101930000800002C20D0236B002B21D000291BD0C5
:1019400019686568A94219D24D1C1D6023688D0075
:101950005851002A00D01160FFF716FB002809D06B
:1019600042680020236B9B685A51226B53680133F5
:10197000536070BD0120FCE70B20FAE70248F8E74E
:10198000E1208000F5E7C0468603000070B5041E24
:1019900000D17EE0036B002B00D17CE000680028C2
:1019A00007D0636800219A00F2F78AF90022236BBE
:1019B0001A60A068002807D0E36800219A00F2F7B7
:1019C0007FF90022236BDA60A069002807D0E36961
:1019D00000219A00F2F774F90022236B9A61206AC1
:1019E000002807D0636A00219A00F2F769F9002203
:1019F000236B5A62A06A002807D0E36A00219A008C
:101A0000F2F75EF90022236B1A632069002807D0E1
:101A1000636900219A00F2F753F90022236B1A64DC
:101A20009868002807D05A6800219200F2F748F918
:101A30000022236B5A605869002807D01A690021D8
:101A40009200F2F73DF90022236B1A61186A002810
:101A500007D0DA6900219200F2F732F90022236BF5
:101A6000DA61D86A002807D09A6A00219200F2F75A
:101A700027F90022236B9A62986B0025002806D074
:101A80005A6B00219200F2F71BF9236B5D6328006B
:101A900070BD0B25FBE7E125AD00F8E7F0B5454645
:101AA00057464E46DE46E0B58846050016001F0044
:101AB00083B0002800D192E1046B002C00D190E1AA
:101AC000226DE36C9346A26D019392460022426020
:101AD00091462260002900D1C5E08C0052462100C9
:101AE0000068D8472860002800D1D7E022000021F4
:101AF000F2F7E6F843466B602B6B4A4698465A600D
:101B0000986852462100D847434698602B6B9B68E3
:101B10009846002B00D1BAE0220000211800F2F70D
:101B2000CFF82C6B236DE26C9946A36D9846002389
:101B3000EB60E360002E00D0B8E0A868002805D074
:101B4000414690472C6BAE60A36D98460023F61972
:101B50002361002E00D0BFE06069002806D0E36C4E
:101B60004146984766612C6BA36D9846E36C9A4694
:101B7000236D994600236B612364002F00D0BDE0E4
:101B80002869002809D04146D0472C6B2F61E36CAF
:101B90009A46236D9946A36D984600260C9BEE61EC
:101BA000A661002B00D0C4E0A869002804D04146FB
:101BB000D0470C9B2C6BAB61206A002805D04146B6
:101BC000D04700232C6B2362E3610026E36CA76DF2
:101BD0009946236D6E6298460D9B6662002B00D17C
:101BE000C7E09C003A002100286AC047286200280C
:101BF00054D022000021F2F763F80D9B3A006B628B
:101C00002B6B21009A469E62D86AC0475346D86221
:101C10002B6BDE6A002E00D101E122000021300092
:101C2000F2F74EF82C6B0026E36CA76D9946236DF6
:101C3000EE6298460E9B2663002B00D0ACE0A86AAB
:101C4000002804D03900C8470E9B2C6BAB62A06BF8
:101C5000002800D1DAE03900C84700222B6B0020B1
:101C60009A635A631BE00068002804D051469847E5
:101C700043462C6B2B60A068002800D152E7019BE3
:101C80005146984700232C6BA36063604AE7019B91
:101C900051462868984743462B606B600A2003B082
:101CA000F0BCBB46B246A946A046F0BDB4004246D1
:101CB0002100A868C847A8600028EFD022000021B2
:101CC000F1F7FEFF2C6BEE60A36DF619984600232A
:101CD0002361002E00D13FE7B60042463100606923
:101CE000236D98478046606100287DD03200002136
:101CF000F1F7E6FF2C6BA36D984637E7BC00424630
:101D000021002869C84728610028C7D00026220082
:101D10000021F1F7D5FF2C6B6F61E36C9A46236DC0
:101D20009946A36DEE6198460C9BA661002B00D1ED
:101D30003AE79C0042462100A869C847A8610028EC
:101D4000ACD022000021F1F7BBFF2F6B0C9B424669
:101D5000EB612100FE61386AC8472B6B38621E6A4E
:101D6000002E55D0220000213000F1F7A9FF2C6B86
:101D70002BE7286A002804D03900C8470D9B2C6B3C
:101D80002B62E06A002800D14DE73900C8470023E4
:101D90002C6BE362A36246E79C003A002100A86A2C
:101DA000C047A862002800D178E722000021F1F79F
:101DB00087FF0E9B3A00EB622B6B21009A465E6315
:101DC000986BC047534698632B6B9E6B002E2DD0AB
:101DD000220000213000F1F773FF00205FE70B20A5
:101DE0005DE7E12080005AE72B6BA868996DDB6CFA
:101DF00098474346EB60AB602B6B2869996DDB6CB1
:101E0000984743460A206B612B6148E7002046E76C
:101E1000A8694146D0470A20AE61EE613FE7286AD3
:101E20003900C8470A202E626E6238E7A86A390076
:101E3000C8470A20AE62EE6231E7C046F0B5D6462A
:101E40004F464646C0B584B010AD04002800884611
:101E500091469A46F7F78EFA00286AD0002C68D08F
:101E6000266B6427002E06D0380004B0E0BCBA46CA
:101E7000B146A846F0BD0F9B002B5AD01800FEF7C4
:101E8000FFF900285FD05C2029692B689847206300
:101E900000285AD05C220021F1F712FF276B0F9B1C
:101EA000BE607B643B007E607E613E613E62FE619F
:101EB000FE62BE62BE637E63483307CD07C306CDB4
:101EC00006C30E9B0D999C460C9B61449C46434661
:101ED00061445B004944C9180F9B1868283002F020
:101EE00047FE236BF863D86B002824D00E9B4A462C
:101EF00002930D9B414601930C9B20000093534697
:101F0000FFF7CCFD071EAFD0236B002B1FD10025A0
:101F10000023002200212000029501950095FFF783
:101F2000BDFD206B00289FD0C36C816D9847256351
:101F30009AE70B2798E7012702F026FE0028E6D053
:101F4000E127BF00E3E765278EE70A278CE7D86B18
:101F5000F2E7C04670B504000800002C20D0236BC7
:101F6000002B21D000291BD0D968E568A94219D2DD
:101F70004D1CDD60A3688D005851002A00D011600F
:101F800004F06EF9002809D042680020236B5B69D9
:101F90005A51226B13690133136170BD0120FCE7B4
:101FA0000B20FAE70248F8E7E1208000F5E7C04699
:101FB0008603000070B504000800002C25D0236BB8
:101FC000002B26D0002920D0196C6569A9421ED2A9
:101FD0004D1C1D6425698B005851002A00D01160EA
:101FE000FFF774FB002600280DD0226BE368156C08
:101FF000013B5D1904F034F900280DD0236B4168D2
:102000005A69AD00A950300070BD0B26FBE7034EA6
:10201000F9E7E126B600F6E70126F4E786030000BB
:1020200070B504000800002C20D0236B002B21D0B9
:1020300000291BD09969E569A94219D24D1C9D61FF
:10204000A3698D005851002A00D01160FEF776F880
:10205000002809D042680020236B1B6A5A51226B6A
:10206000D3690133D36170BD0120FCE70B20FAE78F
:102070000248F8E7E1208000F5E7C046860300004B
:1020800070B504000800002C20D0236B002B21D059
:1020900000291BD0596A656AA94219D24D1C5D629C
:1020A000236A8D005851002A00D01160FEF7BCFE53
:1020B000002809D042680020236BDB6A5A51226B4A
:1020C000936A0133936270BD0120FCE70B20FAE7AD
:1020D0000248F8E7E1208000F5E7C04686030000EB
:1020E000F0B5DE4657464E464546E0B58DB0041E77
:1020F0000592049300D142E1056B002D00D11FE150
:102100004368002B16D1E368002B13D16369002BC1
:1021100010D1E369002B0DD1636A002B0AD1E36A69
:10212000002B07D1A9480DB0F0BCBB46B246A9466A
:10213000A046F0BD049B002B00DCECE0059A2B6C64
:102140009246049A9146002B00D130E100220026ED
:10215000934600272A002169B500485900282CD051
:10216000E36851699B199B005B589C46002B09D082
:102170001369980098466346435043460133136100
:10218000236958590122924B524208A90892099397
:10219000FFF76AFA8F4B984200D1CBE00028C2D1FA
:1021A000099B089A994502DC05D1924503D99946C5
:1021B000012392469B46226B136C012000213618A6
:1021C0004F41002F01D1B342C5D81500059B049A99
:1021D000134300D0B9E000220023089209930A9229
:1021E0000B9308AE2B002A0029000296EE6B281DE7
:1021F00034351C33283210310196009502F01EFB55
:10220000236B81461A6C002A1DD002AA9446002234
:1022100017250026904665442269B700D05900284A
:102220000DD0434629002B70FFF7DAF9002800D0C3
:1022300079E72B78002B01D12269D351236B1A6CDB
:102240000136B242E8D80222484690437BD1666804
:102250000022002E03D10CE00132B24209D09D6869
:1022600091006D58002DF7D1276801327D50B242A0
:10227000F5D1E6680022002E03D10CE00132B24213
:1022800009D05D6991006D58002DF7D1A768013222
:102290007D50B242F5D1E6690022002E03D10CE058
:1022A0000132B24209D01D6A91006D58002DF7D15C
:1022B000A76901327D50B242F5D1666A0022002E34
:1022C00003D10CE00132964209D0DD6A91006D58CD
:1022D000002DF7D1276A01327D509642F5D1E66A8A
:1022E0000022002E03D10CE00132B24209D09D6BD6
:1022F00091006D58002DF7D1A76A01327D50B2428E
:10230000F5D14B46022B00D00DE75B46002B00D0E9
:1023100009E7022007E7002B03D1059B002B00D023
:102320000CE72B6C002B36D0012252429246284AF1
:1023300091460BE7002322695351226B136C3CE753
:10234000E1208000EFE60120EDE6002A19DD4E468F
:102350005746002E01DA00270026002331001E4ACE
:102360003800F0F70DF80023089009911A4A31005F
:102370003800F0F705F808AE0A920B9332E70B200D
:10238000D1E6002A02D1059B002BE0D15B46002656
:10239000002BDCD126E70023049A9B46059B1343C0
:1023A00000D118E701235B429A46094B9946002A5F
:1023B00002DD00239B46CAE7002A02D1059B002BC1
:1023C000F7D1002300269B460CE7C046850300009A
:1023D000FFFFFF7F2103000000CA9A3B70B5040095
:1023E0000D001600002838D00068002835D0FDF711
:1023F00023FF00282DD02368181DFDF71DFF00289E
:1024000027D020680830FDF717FF002821D020686A
:102410000C30FEF7C3FD00281BD020681030FEF7FB
:10242000BDFD002815D0002D19D0002E17D0320088
:1024300029002068FDF7C4FE00280DD00A280BD023
:10244000F638FF3843425841064B404218400130AD
:1024500002E0F6F7BBFF034870BD0248FCE70B2023
:10246000FAE7C0463608000070B504000E001500FB
:1024700000282FD0006800282CD0FDF7DDFE0028B2
:1024800024D02368181DFDF7D7FE00281ED0206831
:102490000830FDF7D1FE002818D020680C30FEF778
:1024A0007DFD002812D020681030FEF777FD00284F
:1024B0000CD0002E10D0002D0ED020682A00310044
:1024C0000830FDF747FE431E984102E0F6F77EFF15
:1024D000024870BD0148FCE70B20FAE7360800000F
:1024E00070B504000E001500002839D000680028DF
:1024F00036D0FDF7A1FE00282ED02368181DFDF769
:102500009BFE002828D020680830FDF795FE0028A3
:1025100022D020680C30FEF741FD00281CD0206836
:102520001030FEF73BFD002816D0002E1AD0002DEB
:1025300018D020682A0031000830FDF741FE00283D
:102540000DD00A280BD0F638FF3843425841064BCD
:1025500040421840013002E0F6F738FF024870BDF3
:102560000148FCE70B20FAE73608000070B50400CC
:102570000E001500002839D00068002836D0FDF77D
:102580005BFE00282ED02368181DFDF755FE00289D
:1025900028D020680830FDF74FFE002822D02068A0
:1025A0000C30FEF7FBFC00281CD020681030FEF732
:1025B000F5FC002816D0002E1AD0002D18D0206867
:1025C0002A0031000430FDF7FBFD00280DD00A2859
:1025D0000BD0F638FF3843425841064B4042184072
:1025E000013002E0F6F7F2FE024870BD0148FCE758
:1025F0000B20FAE73608000030B504000D0091B05A
:10260000002836D00068002833D0FDF715FE0028DA
:102610002AD02368181DFDF70FFE002824D020685B
:102620000830FDF709FE00281ED020680C30FEF7A8
:10263000B5FC002818D020681030FEF7AFFC002849
:1026400012D0002D17D0206800236A4629000C30D4
:10265000FEF758FC00280AD09223FF3398420CD092
:102660000A2804D0012002E0F6F7B0FE044811B0B9
:1026700030BD0348FBE70B20F9E70248F7E7C04607
:102680003608000037080000F8B505000C001700F8
:102690001E00002866D000295ED0086800285BD0A4
:1026A000FDF7CAFD002859D02368181DFDF7C4FDA9
:1026B000002853D020680830FDF7BEFD00284DD01B
:1026C00020680C30FEF76AFC002847D020681030E4
:1026D000FEF764FC002841D022682800C53221683A
:1026E000FF32FFF79DFC002837D1216828000A003F
:1026F000C932FF320431FFF793FC00282DD1216845
:1027000028000A00CD32FF320831FFF789FC00288B
:1027100023D1216828000A00D132FF320C31FFF7A3
:1027200005F9002819D1216828000A00D532FF32A6
:102730001031FFF7FBF800280FD1002F04D0E2235F
:1027400022685B00D3583B60002E06D0E823226845
:102750005B00D358336000E00448F8BDF6F736FE5E
:102760000248FAE7E1208000F7E7C046360800009B
:10277000F0B54F464646D6460C00C0B51D000600D3
:102780001700002800D18FE000297FD008680028BA
:102790007CD0FDF751FD002800D17DE02368181D95
:1027A000FDF74AFD002800D176E020680830FDF7EB
:1027B00043FD002800D16FE020680C30FEF7EEFBEF
:1027C000002869D020681030FEF7E8FB002863D0AD
:1027D000002F67D0002D65D0089B002B62D0099B8D
:1027E000002B5FD00A9B002B5CD0E82223685200AC
:1027F000995872688A4253D9EA2040001858824298
:102800004ED9E22252009A589246F269524547D96F
:10281000E42464001C59A446A24241D9E624640081
:102820001C59A046A2423BD9326880008058B66944
:10283000814650468400604680008059A4598446F1
:102840004046800080591E0089008A580C36921B31
:1028500051424A413A701A00494610328A1A51428E
:102860004A411C1B2A70624254416146089A147006
:102870001A1D8A1A51424A4108330999C31A0A702B
:102880005A4253410A9A0020137000E00848E0BC05
:10289000BA46B146A846F0BDF6F798FD0448F6E7FB
:1028A0000120F4E70B20F2E7E1208000EFE7C046CB
:1028B0003608000070B504000D001600002839D05D
:1028C0000068002836D0FEF70FFB00282ED02368C2
:1028D000181DFEF709FB002828D020680830FEF7F5
:1028E00003FB002822D020680C30F5F71FFE0028DB
:1028F0001CD020681030F5F719FE002816D0002DE6
:102900001AD0002E18D0320029002068FEF798FA5D
:1029100000280ED00A280CD0084B9C466044434245
:102920005841074B40421840013002E0F6F74EFD97
:10293000034870BD0248FCE70B20FAE7A7FDFFFF44
:102940009808000070B504000D001600002831D072
:10295000006800282ED0FEF7C7FA002826D023688A
:10296000181DFEF7C1FA002820D020680830FEF7B5
:10297000BBFA00281AD020680C30F5F7D7FD0028E4
:1029800014D020681030F5F7D1FD00280ED0002DAE
:1029900012D0002E10D0320029002068FEF788FAED
:1029A000002806D0022804D0012002E0F6F70EFD30
:1029B000024870BD0148FCE70B20FAE798080000C8
:1029C00070B504000E00150000283AD000680028F9
:1029D00037D0FEF789FA00282FD02368181DFEF79C
:1029E00083FA002829D020680830FEF77DFA0028F5
:1029F00023D020680C30F5F799FD00281DD0206801
:102A00001030F5F793FD002817D0002E1BD0002DB5
:102A100019D020682A0031000830FEF711FA00288A
:102A20000ED00A280CD0094B9C46604443425841C2
:102A3000074B40421840013002E0F6F7C7FC04485B
:102A400070BD0348FCE70B20FAE7C046A7FDFFFF77
:102A50009808000070B504000E00150000283AD058
:102A60000068002837D0FEF73FFA00282FD02368EF
:102A7000181DFEF739FA002829D020680830FEF723
:102A800033FA002823D020680C30F5F74FFD0028DA
:102A90001DD020681030F5F749FD002817D0002E12
:102AA0001BD0002D19D020682A0031000430FEF719
:102AB000C7F900280ED00A280CD0094B9C46604468
:102AC00043425841074B40421840013002E0F6F7BC
:102AD0007DFC044870BD0348FCE70B20FAE7C046C4
:102AE000A7FDFFFF9808000070B504000E00150058
:102AF000002832D0006800282FD0FEF7F5F9002812
:102B000027D02368181DFEF7EFF9002821D0206890
:102B10000830FEF7E9F900281BD020680C30F5F7E3
:102B200005FD002815D020681030F5F7FFFC0028BF
:102B30000FD0002E13D0002D11D020682A003100B4
:102B40000430FEF7B5F9002806D0022804D0012091
:102B500002E0F6F73BFC034870BD0248FCE70B209F
:102B6000FAE7C0469808000070B505000C00160092
:102B7000002851D000290CD00868002809D0FEF7A1
:102B8000B3F9002805D02368181DFEF7ADF9002819
:102B900001D1234870BD20680830FEF7A5F9002850
:102BA000F7D020680C30F5F7D9FC0028F1D0206868
:102BB0001030F5F7D3FC0028EBD022682800DD3276
:102BC0002168FF32FFF75CFA0028E3D12168280072
:102BD0000A00E132FF320431FFF752FA0028D9D15E
:102BE000216828000A00E532FF320831FFF748FA71
:102BF0000028CFD1216828000A00E932FF321431C1
:102C0000FFF7D8F90028C5D1002EC3D0EE232268E3
:102C10005B00D3583360BDE7E1208000BAE7C046CF
:102C200098080000F8B505000C0017001E000028E9
:102C30005CD000290CD00868002809D0FEF754F9B0
:102C4000002805D02368181DFEF74EF9002801D191
:102C50002948F8BD20680830FEF746F90028F7D06B
:102C600020680C30F5F77AFC0028F1D0206810308D
:102C7000F5F774FC0028EBD0002F3AD0002E38D0A6
:102C8000069B002B35D0079B002B32D0F420F0227E
:102C90002468400020582B6A2D6980005200455955
:102CA000A258EE209200D158F22240002058520043
:102CB0008000C058A258001B9200D258434258418D
:102CC000231DC91A4B42594123000833D21A5342DB
:102CD0005A41069B387031701A7023001433EB1A76
:102CE0005A425341079A00201370B2E7E120800056
:102CF000AFE70B20ADE7C046980800000220704700
:102D00000320704704207047062070470520704755
:102D1000C3B210B5062B0BD8042909D883001B18A1
:102D2000044A5B189B009B58002B01D0984700E099
:102D3000002010BDF89D0110020030B5034B32CBCE
:102D400032C232CB32C232CB32C230BD849E01108D
:102D500010B5040084B0002811D001001022093100
:102D60006846F0F7B3FF22006068694640321030D1
:102D7000FFF77AFB041E04D1200004B010BD0B2421
:102D8000FAE7F6F723FBF7E7031E0CD0806800286C
:102D900008D002689A600022027202628284DA68B5
:102DA0000260D86070470020FCE7C046002809D0C8
:102DB000002907D0C368994209D10B68C3608368B2
:102DC0000B60816070471A68914203D01300002B9A
:102DD000F9D1F7E70A681A6083680B608160F1E750
:102DE00070B50D00002812D0002910D0C468002C46
:102DF00003D10AE02468002C07D02000102229000B
:102E0000093004F0DDF80028F4D1200070BD002462
:102E1000FBE7C04600280BD0C068002803D106E0BD
:102E20000068002803D00823C3568B42F8D17047AE
:102E30000020FCE700280BD0C068002803D106E082
:102E40000068002803D00823C356032BF8DD704721
:102E50000020FCE700280DD0C068002803D108E05E
:102E60000068002805D0816A9142F9D1C16A99426F
:102E7000F6D170470020FCE700280DD0C06800287C
:102E800003D108E00068002805D0016C9142F9D117
:102E9000416C9942F6D170470020FCE700280DD024
:102EA000C068002803D108E00068002805D0816DC3
:102EB0009142F9D1C16D9942F6D170470020FCE7EB
:102EC00000280BD0C068002807D0202202E000684C
:102ED000002802D0835C002BF9D070470020FCE76B
:102EE00000280BD0C068002807D0232202E0006829
:102EF000002802D0835C002BF9D070470020FCE74B
:102F0000F0B504000D0085B0002813D0466801AF6D
:102F10000C2200213800F0F7D3FE210030003A00E7
:102F2000283110303D70FFF70DFD041E04D1200044
:102F300005B0F0BD0B24FAE7F6F748FAF7E7C0460C
:102F400030B5040091B000281AD006AD2800FFF774
:102F5000F3FE210000231022093168462B70F0F7A0
:102F6000B5FE6B4601222100079301236068089299
:102F7000099358312A001030FFF7B6FD11B030BD6B
:102F80000B20FBE782B070B58AB004000D000E92F2
:102F90000F9300280FD001AE3000FFF7CDFE2000C8
:102FA000320010300EA93570FFF79EFD0AB070BCDC
:102FB00008BC02B018470B20F8E7C04610B50C005B
:102FC00000280DD0002906D003F0D0FC002804D042
:102FD0002060002010BD0348FCE7034B2360F9E7A5
:102FE0000248F7E7C49E0110E0A20110A89E01105C
:102FF0000020704782B000200092019302B0704719
:1030000084B0002001910292039304B07047C0463F
:103010000FB470B582B009930C9B0690079108928B
:10302000002B29D006A8F6F7A5F9002824D00DAB6F
:10303000002100200C9A0093019300F0F1F80500A4
:10304000431C19D00B9B461C9E4201D91E005D1EDD
:1030500030000A99069B9847041E0DD03100019B51
:103060000C9A00F0DDF8002802DB0023635504E031
:1030700020000A99079B98470024200002B070BCEA
:1030800008BC04B01847C046F0B5DE4657464E4669
:1030900045460400E0B587B0009008008A4699468E
:1030A000A046029204F0A2FA002301905146404645
:1030B0009B4604F047FC002700251026041E23D061
:1030C0000135AF4211D24B46BF191A6958469B6869
:1030D000B9009847002800D182E073009E19802330
:1030E0005B039E4200D91E008346009AAB005B44FE
:1030F000A21A043B1A60019B51469846A0444046E0
:1031000004F020FC041EDBD1404604F06FFA434675
:10311000009A9A1A14180494002D3DD0029804F0D5
:1031200065FAA446019A8246831A6B436344059369
:10313000581C4B4619691B689847039000284FD0CC
:103140005B4600991A680700F0F7C0FD5B461B68F4
:103150005E469C46A84601236744380002995246C1
:103160001D00F0F7B3FD3368019C9C46009B64444E
:1031700057441919A84529D0736838001C1B220030
:10318000F0F7A4FD3F1904366B1CA845E5D80023D1
:10319000039A059953540CE04B46200019690130FD
:1031A0001B689847031E039003D01800009904F091
:1031B00015FA4B46584619695B689847039807B05B
:1031C000F0BCBB46B246A946A046F0BD049B380001
:1031D0001A1BF0F77BFD0023039A05995354E8E787
:1031E00000230393E5E7C0460CB400B583B004ABFD
:1031F00004CB0193002A0BD0002807D0002907D068
:10320000F2F77CF803B008BC02B018470029F7D0E9
:1032100003F01CFB1623036001204042F2E7C04686
:1032200010B5002A08D0002804D0002904D0F2F7F5
:1032300065F810BD0029FAD003F008FB16230360DF
:1032400001204042F5E7C04684B0F8B5051E07915D
:103250000892099314D004F0C9F9471C06000B9991
:103260003800079B9847041E05D03A002900F0F764
:103270002DFD0023A3552000F8BC08BC04B018475E
:103280000024F8E782B0F8B505000E000692079317
:10329000002810D04F1C38000A999047041E05D012
:1032A0003A002900F0F712FD0023A3552000F8BCD6
:1032B00008BC02B018470024F8E7C0460022024BC1
:1032C00000201A607047C0462C7B0020F0B5D6461F
:1032D0004F46464605000C00C0B5002868D002687D
:1032E00003E0D368A34208D91C00002AF9D11F20AB
:1032F000E0BCBA46B146A846F0BD9368A3424CD0A4
:10330000166A002C3BD08023DB059C424ED2936989
:10331000A70010683900320098469847002845D029
:103320002B683200186039005868C047031E3DD032
:103330002D68AA6868609246A2422BD22968DE19DD
:103340008C46B146910040188046604600264A46A9
:10335000401890427641002E04D16246D6190022D0
:10336000B0451CD35346E21A960032000021F0F714
:10337000A7FC320000214046F0F7A2FC0AE01068EA
:1033800031005769B8472B68310058681C60B8474E
:103390002D686C600020AC60AAE70020A8E76046BA
:1033A00042505A5004318F42F9D1F3E70A209FE787
:1033B0000B209DE782B0F8B504000E00069207933B
:1033C00000282AD007681E25002F04D02800F8BC4A
:1033D00008BC02B0184706A8F5F7CCFF00281CD09F
:1033E00024200A99069B98472060002817D0076080
:1033F00047608760C76006AB103026CB26C006CB7F
:1034000006C031002000FFF761FF051EDED00A99DB
:103410002068079B98472760D8E70B25D6E70A2541
:10342000D4E7C046F0B54F46D6464646C0B5071E5F
:1034300040D00468002C3BD0A368002B27D000218B
:10344000002588462268AE00905900281CD0636988
:1034500001359946236A19009A46C84742462368AF
:1034600051469A5163689859C847424663689A51D1
:10347000E368013BE3603C68A3689D4207D2226891
:10348000AE0090590028E2D101359D42DBD30021E6
:103490003800FFF71BFF041E04D138684369016A36
:1034A00098473C602000E0BCBA46B146A846F0BD53
:1034B0000024F7E70B24F5E7F8B54E464546DE460F
:1034C00057468846E0B51600002823D003689B467F
:1034D000002B21D000291DD05B461B689A465B4615
:1034E0009B689946002B15D000245346A700DD5950
:1034F000002D0CD0280004F079F83200864200D26A
:1035000002002900404604F09FF800280BD0013447
:10351000A145EAD100239B465846F0BCBB46B246C3
:10352000A946A046F8BD5B465B68DB599B46F3E7BE
:1035300010B50400103000F00BF8002200232260C8
:10354000636000232000A360A364E36410BDC04651
:1035500010B5040038220021F0F7B2FB2000103033
:1035600000F006F801235B422000E36010BDC04676
:103570000023037043607047F0B585B00292039357
:10358000029E039F02293AD836D00023214AF0F741
:103590003FFA012204000D001F4B5242121BAB41A7
:1035A0009F422CD832D036196F410C9C0D9D0B993F
:1035B0000A9802291CD818D00023164AF0F728FAD6
:1035C000020001200B0014494042801A99418D42AB
:1035D0000ED818D012196B4110007B407040184370
:1035E00043425841C0B205B0F0BD0C4B9842E3D9FC
:1035F0000122094B5242EFE7084B9842C5D90126F8
:10360000054F7642D1E78442E4D9F1E79642CAD920
:10361000F5E7C04600CA9A3BFFFFFF7F047DC12546
:1036200030B585B002920393029C039D022917D8FE
:1036300013D000230E4AF0F7EBF9020001200B0033
:103640000C494042801A99418D4209D80CD0121978
:103650006B411000190005B030BD074B9842E8D906
:10366000012004494042F6E78442F0D9F8E7C04619
:1036700000CA9A3BFFFFFF7F047DC12510B50400FF
:1036800040220021F0F71CFB200010BDF8B5CE460B
:10369000474604000D00160080B5002819D0002907
:1036A00017D003F0A3FF00280DD023782F2B12D0C2
:1036B00002232B60002E0AD0002300203360C0BC00
:1036C000B946B046F8BD01232B60002EF4D100208E
:1036D000F5E70B20F3E7431EE15C002220272F29AA
:1036E00035D0A15C0B00BB43413B192B0BD95F29A3
:1036F00009D02F390A2906D904232B60002EE6D0E1
:1037000000203260DBE701329042EAD1611E894637
:103710001B490123884604218C4603E0591C9A4228
:103720001BD90B009842F9D04946C95C2F29F5D125
:10373000E15C2F291ED04746795C67460F42EDD0E9
:1037400006222A60002EC2D033600020B7E7033281
:103750002A60002EBBD03360F7E7F72A03D8002396
:1037600000202B60ABE707232B60002EAFD0EF3398
:103770003360EAE705222A60002EA8D03360E4E730
:1037800089A3011070B50D0014001E00C2B00028FE
:103790001ED0002A1CD0012902D103782F2B12D071
:1037A000694601AAFFF772FF00280FD1009B002B8A
:1037B00007D0072B05D0062B29D819499A008A581B
:1037C0009746F52D06D800230020236042B070BD37
:1037D0000B20FBE707232360002EF7D0ED33336087
:1037E000F4E706232360002EF0D0019B3360EDE761
:1037F00005232360F7E704232360F4E70323236012
:10380000F1E702232360EEE701232360EBE7802149
:10381000044A490002A8FFF7E7FC0120D6E7C046AA
:10382000309F0110E09E011070B504000D001600DD
:10383000002808D003F0DAFE330001002A0020003F
:10384000FFF7A0FF70BD0B20FCE7C046072803D898
:10385000024B8000C05870470148FCE7F4A00110FB
:103860004C9F0110F0B5C64604000F00904600B50D
:10387000002836D0002934D003F0B8FE00232021E0
:10388000002824D0E55C2A00303A092A10D92E00FD
:103890008E43413E192E0BD95F2D09D002223A608A
:1038A0004246002A00D01360002080BCB846F0BD1C
:1038B00001339842E6D10423124922788A5C190028
:1038C0001140134217D1FF280DD83960ECE70133BE
:1038D0003B604346002BE7D00023424600201360A4
:1038E000E3E70B20E1E73B604346002BDCD0FE23FF
:1038F00042461360D8E7013B3B604346002BEBD1C7
:10390000D2E7C04689A30110042803D8024B8000E7
:10391000C05870470148FCE700A2011014A1011033
:103920000300406800280DD042685A60002A01D088
:10393000002111601A684260002A00D01060002245
:10394000026018607047C0460B68002B01D04A68BF
:103950005A604A68002A00D0136003688B4208D07E
:1039600043684B60002B00D0196000230B6041605E
:1039700070470260F4E7C046F8B5CE4647460400FB
:103980000D0080B5002804D00068F6F7C7FB0028BA
:1039900005D101242000C0BCB946B046F8BD63681B
:1039A000002BF6D0002DF4D02868F6F7B7FB0028DE
:1039B000EFD06E68002EECD06768E2243869A4006E
:1039C00003599C46A8239B00984663466246197893
:1039D0005B7892781B020B43120413436246D17842
:1039E000404409063269194302F074F8E4230200E6
:1039F00038699B0098460159C358F6F709FB3869A6
:103A000003599C46A8239B00994663466246197851
:103A10005B7892781B020B43120413436246D17801
:103A20004844090632691943F8F782FE434602000A
:103A30003869C3580159F6F7EBFA4342584144003C
:103A40002800F6F7B5F9A5E7014B18687047C0469E
:103A50002CA2011084B070B584B0040009AD0991A6
:103A60000A920B93002807D02800F5F783FC002862
:103A700002D0A668002E05D00B2004B070BC08BC94
:103A800004B0184700220023226063601E4B1B68AD
:103A90000193A3602300203307CD07C306CD06C3DF
:103AA0001A4B02AD2800E361E660FFF761FD2300D9
:103AB000103306CD06C3164D03222800154926767D
:103AC000F6F79AF82800FFF72BFF00281AD0124AC1
:103AD00083681178636319745168D56859611069F6
:103AE00051699268DD619A6118625962FBF75CF96D
:103AF00003F0E4FA03F0ECFA636B98620028F9D063
:103B00000020BAE70120B8E72CA20110AC9C0110FC
:103B10003C79002054710020B079002070B5040079
:103B20000D00002826D0002924D08068002805D068
:103B3000134B196803F00EFD00281DD1AB680B2054
:103B4000002B00D070BD382221002800F0F7BEF80D
:103B50000C48FFF7E5FE002810D083686B63626BAA
:103B60001033103213CA13C313CA13C312680020D0
:103B70001A60E7E70B20E5E70C20E3E70120E1E727
:103B80002CA201103C79002010B504008EB0002852
:103B900026D02030F5F7EEFB002821D0A0680028C1
:103BA00005D0124B196803F0D5FC00281CD1104831
:103BB0000168002916D0636B02E04968002911D022
:103BC0008A689342F9D1FFF7BFFE6846FFF7C0FC51
:103BD000382269462000F0F779F800200EB010BDB9
:103BE0000B20FBE70120F9E70C20F7E72CA20110DE
:103BF0003C790020F0B54646D6464F46C0B5050094
:103C00000E0082B0002800D1E3E0002900D1E0E0FE
:103C1000436B002B00D1DCE07D4B80681B6898462D
:103C2000002805D0190003F095FC002800D0D6E04C
:103C30002B686C68336074604346B360EB680027A0
:103C4000B364744B0122994618007349F5F760FF7D
:103C5000724C042220007249F5F7A6FF48466773AC
:103C6000FFF75EFE002800D1B6E010238468686B81
:103C70009A46C36982699C46436A017C0193036A40
:103C8000A244504600936346F8F752FFFA23E3221A
:103C90009B009200A3500432A350703BE3180C3AEF
:103CA000A3500432A3505F4B4246E7505E4B5F493E
:103CB000E7505F4B5F48E7500433E750DA239B003F
:103CC000E2500433E7500122F464F5F7FDFE0522CB
:103CD00059495A48F5F7D4FE0A2259495948F5F787
:103CE000ABFE012258495948F5F75EFE01225849BA
:103CF0005848F5F77DFE0F2257495848F5F730FF31
:103D0000032257495748F5F777FF04225649574889
:103D1000F5F796FF042256495648F5F7B5FF0022FD
:103D2000696BF06CF5F72AFE804600285AD16B6B60
:103D3000A6279A6AA2239B00E1181833E5182800E9
:103D4000F9F71CF9220028004B49F9F741F9002244
:103D500028004A49F9F736F9002228004849F9F7BE
:103D60003DF9002228004749F9F73EF9E521BF0057
:103D7000E25B89000423920061182800F9F78EF9AC
:103D8000DD239B00E050E25B3F4992006118042371
:103D90002800F9F74DF9DE239B00E0502800F9F7E1
:103DA00067F9E0239B00E050384B2800E118E25B04
:103DB000F9F720F9DF239B00E0502800F9F78CFF8A
:103DC000002818D0404602B0E0BCBA46B146A8462A
:103DD000F0BD0B239846F5E701239846F2E70C2344
:103DE0009846EFE75046F8F7F9FE21004846FFF7FE
:103DF000ABFDF764E6E75046F8F7F0FE21004846D1
:103E0000FFF7A2FD4346F36401239846DAE7C04674
:103E10002CA20110DC790020D8280020F4790020A1
:103E2000803E00209415000098150000D8710020F5
:103E30009C15000068790020805F00200C7A00202B
:103E4000A01F00209879002010280020CC790020A5
:103E5000D81E00209C7000207C720020547A002024
:103E6000547100203C79002020740020DC7A00206E
:103E7000D47000201875002089640110816401103D
:103E800039650110ED650110940B000094130000DA
:103E900070B50026174B05001C68C06C002C0CD0B8
:103EA000A36864681A698242F8D11833180000F0D8
:103EB0005DF90600E86C002CF2D1002816D0E22350
:103EC0009B00C358997801394B1E99410A234942F6
:103ED0001940A8239B009C466044F9F7D5FEE86C86
:103EE000F5F7F6FEE86C1030F8F778FE00233000A6
:103EF000EB6470BD68790020F0B5CE46474680B5CA
:103F0000050085B02A480F001600FFF709FD041EC2
:103F100047D084682A69274BA5616661D05A411C45
:103F2000D1520221F8F760FE234B20613C22190098
:103F300038009846F6F7D6F800282ED01F4B64229A
:103F4000190030009946F6F799F8002825D0A823E3
:103F5000E1269B009C4606232869B60087590293F8
:103F60004B460193434600937B783978BA781B021D
:103F70000B43F978120413430906194322696B694C
:103F80006044F8F753FCE323020028699B00C35800
:103F90008159F6F73DF8002803D12000F5F722FFFC
:103FA0000024200005B0C0BCB946B046F0BDC046F4
:103FB000547A002096150000D8740020647A0020FE
:103FC000F8B5866904000125002E22D0A823E22539
:103FD0009B009C463069AD00475960447B78397836
:103FE000BA781B020B43F9781204134309061943EC
:103FF0002269F8F79DFBE423020030699B00C35857
:104000004159F6F705F84342584145002000F5F7BD
:10401000E9FE2800F8BDC046F0B54746CE4680B55B
:1040200006000F0090461D0083B0002B6DD03F4866
:10403000FFF776FC002868D08468EB6C25002361CC
:10404000FFF702FD2C239946A1444B46A061E46191
:104050003000236203F0CAFA421C18353C2A51D8BA
:1040600031004846EFF732FE68239946A1444B469B
:104070003800636203F0BAFA421C3C2A42D8390085
:104080004846EFF723FE2A4B2269D05A411CD152F1
:104090000121F8F7A9FD60613B782F2B3CD17B789B
:1040A000002B39D1234B3C219946234A3300484603
:1040B000F1F710F9E1272069BF00C2594346944641
:1040C000A82292009046062201924A460092624639
:1040D00056781178927836020E43120416436246DF
:1040E000D1789BB20906626931434044F8F76AFB14
:1040F000E323020020699B00C358C159F5F788FFEC
:10410000002803D12800F5F7EBFD0025280003B0B7
:10411000C0BCB946B046F0BD064B3C219946074AA3
:104120003B0048460096F1F7D5F8C3E768790020D0
:1041300094150000EC7A002034950110B49C011015
:1041400010B503000C001100002C0DD02278002ABD
:104150000AD0002908D00A780020002A03D02000C5
:104160009A6CFFF759FF10BD0020FCE7F0B5C6467A
:10417000070000B5002822D00068002805D0414B78
:10418000196803F0E7F9002819D17D68002D16D0D1
:104190003D4B00261C68002C16D08023984601E079
:1041A000002C11D04346A1686468CB589D42F7D1DA
:1041B00038008431F5F768FB06000128F0D10126AC
:1041C000300080BCB846F0BD304B1C68002C0DD0D0
:1041D000A16864680B6A9D42F8D138007C3100F018
:1041E00043FA06000128EAD0002CF1D1284B1C68C4
:1041F000002C0DD0A16864688B6F9D42F8D1380007
:104200007C3100F0C9F906000128D8D0002CF1D18A
:10421000204B1C68002C0DD0A16864688B6F9D42F8
:10422000F8D138007C31FFF7A7FB06000128C6D083
:10423000002CF1D1E2242869A40003599C46A8234C
:104240009B00984663465A7819789B7812020A4375
:104250001B041A436346D9784044090611436A692E
:10426000F8F766FAE423020028699B00C358015955
:10427000F5F7CEFE002800D102263800F5F730FD14
:104280009EE7C0462CA20110987900200C7A0020ED
:10429000CC7900209C70002043681869DA239B00C9
:1042A0009C4660447047C046F0B5C64600B5040061
:1042B00000680E0015008AB0002805D0214B19684F
:1042C00003F048F900283BD164686369A76F9B68D5
:1042D00098474368300098461B699847A822030016
:1042E0009200944638690093226902AB216F6044C2
:1042F000FAF706FE002328606B60002815D04346BD
:1043000030009B6802A998477223E35C012B0ED012
:10431000A8239B009C463869616F6044F9F732FB23
:1043200000200AB080BCB846F0BD0120F9E7A82300
:104330009B009C4638696044F8F7D4FE0020F0E703
:104340000C20EEE72CA20110F0B54746CE4680B512
:10435000050000680C0090461E0089B0002805D0BA
:10436000274B196803F0F6F8002847D1002E01D03A
:10437000002333706B689946F5F7CCFD4846F5F796
:104380009BFD071E38D0856820001E4B1E4AEB5847
:10439000AA5863621D4B2262EB5C032223741C4B00
:1043A0001130E918EFF792FC20001A4B0C22E918A3
:1043B0001430EFF78BFC4B465B699B689847812371
:1043C000290044681B01EA5868461031F8F7E2F802
:1043D0004146E36868469847390004000E48FFF7F5
:1043E000B3FA002E00D0347001206040C0B209B092
:1043F000C0BCB946B046F0BD0120F8E70C20F6E796
:104400002CA20110380800003C080000370800000A
:104410003408000028080000F4790020F0B5474671
:10442000CE4680B5050000680C00170091B000284A
:1044300005D02E4B196803F08DF800284AD16D681D
:10444000611CAB6F03229846636902AE0693236931
:1044500005A807932378F373EFF738FC211D0C228E
:104460003000EFF733FC6B69DB689847436838002E
:1044700099461B69984743461C69A8239B009C46A4
:1044800018300090644408AB20002A69296FFAF7BD
:1044900037FD03000120002B04D111B0C0BCB94688
:1044A000B046F0BD310008A8FBF7F0FD4B463800E0
:1044B0009B6808A998477223EB5C012B0CD04346FC
:1044C0001869A8239B009C46696F6044F9F75AFA63
:1044D0000020E2E70C20E0E743461869A8239B0090
:1044E0009C466044F8F7FEFD0020D6E72CA20110A0
:1044F000F0B54746CE4680B50400006888461700F0
:104500001D0089B0002805D0204B196803F022F85F
:10451000002839D1002D01D000232B706368994603
:10452000F5F7F8FC4846F5F7C7FC061E2AD04146C9
:104530008468174BE3181A685B680A624B624B4643
:104540005B69DB68984743682100984681231B011B
:10455000E25868461031F8F71DF8434639006846BE
:10456000DB689847310004000A48FFF7EDF9002D99
:1045700000D02C7001206040C0B209B0C0BCB94668
:10458000B046F0BD0120F8E70C20F6E72CA20110A0
:1045900028080000F4790020F8B5CE46474604000C
:1045A0000D0080B5002804D00068F5F7B7FD00289D
:1045B00005D101242000C0BCB946B046F8BD6368EF
:1045C000002BF6D0002DF4D02868F5F7A7FD0028C1
:1045D000EFD06E68002EECD06768E2243869A40042
:1045E00003599C46A8239B00984663466246197867
:1045F0005B7892781B020B43120413436246D17816
:10460000404409063269194301F064FAE4230200C8
:1046100038699B0098460159C358F5F7F9FC386989
:1046200003599C46A8239B00994663466246197825
:104630005B7892781B020B43120413436246D178D5
:104640004844090632691943F8F772F843460200F4
:104650003869C3580159F5F7DBFC4342584144001F
:104660002800F5F78BFBA5E7F0B5D6464F46464642
:1046700004000D00C0B5002804D00068F5F74EFD19
:10468000002806D101242000E0BCBA46B146A84665
:10469000F0BD6368002BF5D0002DF3D02868F5F746
:1046A0003DFD0028EED06C68002CEBD0E226276A96
:1046B000B600386983599C46A8239B0098466346F8
:1046C000624619785B7892781B020B4312041343FD
:1046D0006246D178404409066269194301F0FAF94B
:1046E000E423020038699B0098468159C358F5F7C6
:1046F0008FFCE069FFF764FC236A186983599C46C4
:10470000A8239B0099466346624619785B789278A5
:104710001B020B43120413436246D1784844090636
:1047200062691943F8F704F8236A814618698359C6
:104730009C46A8239B009A466346624619785B789C
:1047400092781B020B43120413436246D178504403
:10475000090622691943F7F7EBFF43468246386999
:104760004A46C3588159F5F753FC4346040038695B
:104770005246C3588159F5F74BFC002C06D0002453
:10478000002803D02800F5F7DFFA7CE70224F9E7D8
:10479000F0B5040000680F00150089B0002805D0AE
:1047A000244B196802F0D6FE002841D1002D22D0FA
:1047B000002364682B70F5F7ADFB2000F5F77CFB58
:1047C000061E20D08122836812019A5810331900E6
:1047D0006846F7F7DFFEA3693900DB68684698474B
:1047E000040031001448FFF7AFF82C70012060403E
:1047F000C0B209B0F0BD6468F5F78CFB2000F5F796
:104800005BFB051E01D10120F3E78123A9681B0191
:10481000CA5868461031F7F7BDFEA36939006846EB
:10482000DB689847290004000348FFF78DF8DDE7AF
:104830000C20DEE72CA20110F4790020F0B5DE4652
:1048400057464E464546E0B589B005008B46914631
:104850001F00149C002A00D14FE1002C12D010221E
:10486000B94904A8EFF732FA102204A96846EFF715
:104870002DFA20686168A268E368FEF77DFE0028D3
:1048800000D144E101235B429846F5F743FBAF4B6F
:104890001C68002C07D023000022AD4998685B6893
:1048A0004254002BFAD14B46002B12D01968002934
:1048B0000FD05B68A64A9A469446002301205646CC
:1048C0009A0092596646926F013312699055994247
:1048D000F5D1002F12D0396800290FD07B689C4A8F
:1048E0009A4694460023012056469A0092596646FD
:1048F000926F0133126990559942F5D1002D12D073
:10490000296800290FD06B68914A9A469446002383
:10491000012056469A0092596646126A013312697E
:1049200090559942F5D1002C29D0002223009246BF
:10493000874A99685B68885C5044C1B28A46002BFC
:10494000F7D1002966D0434601330DD04046EFF73A
:10495000A3F880465046EFF799F8011C4046EFF760
:104960007AF8EFF7BBF88046794B9A465346A06831
:10497000C35C002B00D0ACE06468002CF6D14B4641
:10498000002B00D197E01B68002B00D193E000239F
:104990000024984643469B009A464B4652465B6825
:1049A0009858F5F789FA00286DD001239C464B46AC
:1049B0001B68E04401244345ECD8002F15D03B6828
:1049C000002B12D00023984643469B0099464A4646
:1049D0007B689858F5F770FA002861D001239C464F
:1049E0003B68E04401244345EED8002D25D02B68D8
:1049F000002B22D00027BB00984642466B6898588F
:104A0000F5F75AFA002811D02B680137BB426CD950
:104A10000124F0E7A8239B009C46A0680021604485
:104A2000F8F77AFF6468002CF4D1A8E742466B6877
:104A3000013798502B68BB42DDD85B46002B18D05D
:104A40005B461D68002D14D00022002703E00132D0
:104A50001960AA420DD05946496893008C466344B8
:104A60001868017C0029F2D001320C000774AA42B8
:104A7000F1D1002C2BD0002009B0F0BCBB46B246CF
:104A8000A946A046F0BD4B4652465B6898500123AC
:104A90009C464B461B68E044434500D97AE78CE7C7
:104AA0004A467B68985001239C463B68E044984501
:104AB00000D289E799E7002F3DD03B680024002B06
:104AC00000D07FE7002D92D15B46A342B8D10220EF
:104AD000D2E7A8239B009C4641466044F8F734FF88
:104AE0006468002C00D041E749E75B46002BC2D048
:104AF0001D680124002DA7D1BDE7002F00D0ACE632
:104B0000002800D0A9E6002900D0A6E6B3E70FCC24
:104B1000FEF786FD00230F4AEDF74AFC002902DD6F
:104B20000D488046B1E60029FBD180231B06984240
:104B3000F7D30948F5E7002D10D02B680024002B8F
:104B400000D057E7C0E7C04630A20110DC79002052
:104B5000A415000040420F00FFFFFF7F5B46002BC3
:104B6000B5D000241D68A54200D06DE7022083E780
:104B700010B50448FEF7D4FE002801D0806810303C
:104B800010BDC046DC7A00200200094810B501685B
:104B9000002903D10AE04968002907D08B68103347
:104BA0009A42F8D1FEF7D0FE002000E0012010BDAF
:104BB000DC7A0020074B10B51B68002B07D09868E3
:104BC000A8239B009C466044F8F782FA10BD0020A1
:104BD0000021FBE7DC790020F8B5CE4647460668A1
:104BE000040080B530000D0002F0B4FC030020008A
:104BF000002B18D0104B00201B689E4213D1676811
:104C00003B689846002B0ED0BB68002499464B4663
:104C1000A6002900985902F09DFC002807D0013415
:104C2000A045F4D10020C0BCB946B046F8BD3B69F0
:104C30009B599847F7E7C0467C160020F0B5C6465A
:104C4000040000B5002839D000F066F8051E22D017
:104C500026001836300000F091F8051E3ED02700DF
:104C60008037380000F0A0F8051E29D0E0239846D0
:104C7000A044404600F098F8051E1BD1200000F02B
:104C80006DF8300000F08EF8380000F091F84046E2
:104C900000F08EF80EE0200000F060F820001830E0
:104CA00000F080F82000803000F082F82000E03032
:104CB00000F07EF8280080BCB846F0BD0025F9E77A
:104CC000200000F04BF8300000F06CF8380000F0E5
:104CD0006FF82000E03000F06BF8EBE7200000F008
:104CE0003DF83000DCE7C04610B5041E0DD000F0E2
:104CF00035F82000183000F055F82000803000F022
:104D000057F82000E03000F053F810BD431E9841E2
:104D1000C0B270477047C04670B5041E14D000F092
:104D200027F8051E08D026000836300001F0F0FCF8
:104D3000051E0BD0280070BD200000F01DF82000DB
:104D4000083001F0FFFCF5E70025F3E7200000F054
:104D500013F8300001F0F6FCECE7C04610B5041E75
:104D600005D000F009F82000083001F0EBFC10BD80
:104D7000431E9841C0B270477047C04600280DD00E
:104D800000220023026043608260C36002614361CD
:104D90000022034B8261C361012070470020FCE7C1
:104DA0000000F03F7047C046431E9841C0B27047B4
:104DB0007047C04670B5050008000C0002F016FCF4
:104DC0002100421C2800F7F75FFC70BD00B583B0DE
:104DD00001ABF7F76BFC03B000BDC04601235B429B
:104DE0000380704701235B420380704770B5040065
:104DF00000880D0000F074FF0300C00F002B00DAE4
:104E0000258070BDF0B5CE4647460C0080B50D89B3
:104E100083B00F68060029006068EDF78BFA8046C2
:104E200033684146D81BEDF785FA0130290080B27E
:104E3000EDF780FA43468DB26B431D00FB18190055
:104E4000042201A89946EEF741FF019B9846237D75
:104E5000002B17D143460120032B0ED929004246CF
:104E6000083130003369043A7918F7F78BFB3000CA
:104E700022000849F7F764FB002003B0C0BCB94624
:104E8000B046F0BD00230422484601A90193EEF785
:104E90001DFFDFE7054E0110F0B54F46D6464646EA
:104EA000C0B582B01D0003810A9B07000361002387
:104EB00089469246016042600375002D1CD0002493
:104EC000984603E03B6899467B689A46434629002A
:104ED00020000193EDF72EFA50468EB22900EDF72F
:104EE00029FA70430422484401A9EEF7EFFE013489
:104EF0003D89A4B2A542E5D801235B42FB6002B024
:104F0000E0BCBA46B146A846F0BDC046F0B5C646BC
:104F100000B50589060082B0002D1AD000240027B4
:104F2000290070680197EDF705FA804629002000F6
:104F3000EDF700FA434688B25843336804229C4692
:104F400001A96044EEF7C2FE01343589A4B2A5423E
:104F5000E6D801235B42F36002B080BCB846F0BDE6
:104F6000F0B54546DE4657464E46E0B504000D0016
:104F700083B0018980891700984600F0A9FE2900B6
:104F80000600A08900F0ACFE00280FDB00262900F7
:104F9000E08900F0A5FE002800DAE581300003B0CA
:104FA000F0BCBB46B246A946A046F0BD2900300081
:104FB00000F096FE0028E9DB236938009847814617
:104FC0000121A08900F084FE4B46002B01D18542CF
:104FD00060D026892368310060689A46EDF7AAF907
:104FE000834631002800EDF7A5F95B468EB25E439B
:104FF00053460422991901A8EEF768FE019B002B85
:10500000C4D1301D424639005044EEF75FFE43469E
:105010002789606839000193EDF78CF939000600A3
:105020002800EDF787F9236888B29C467043042274
:10503000604401A9EEF74AFE01230C9A13704B4617
:10504000002BA3D0A7890121380000F041FE26895A
:1050500023683100070060689846EDF76BF98146D8
:1050600031003800EDF766F94B468EB25E43434699
:105070000422991901A8EEF729FE019B002B00D10B
:1050800084E7301D236940449847022808D001284E
:10509000D9D07BE74A460C9BA58101261A7076E79A
:1050A000012674E7F0B5DE464E4645465746E0B564
:1050B00085B001920400009188468089012100F0AA
:1050C00007FE2589814629006068EDF733F929003C
:1050D00007004846EDF72EF98DB27D43266804227D
:1050E000711903A8EEF7F2FD039B9B46002B2BD012
:1050F000B2460435AA44504623699847051E2BD072
:10510000A5890121280000F0E3FD2389050019008D
:1051100060689846EDF70EF9414606002800EDF765
:1051200009F989B24E4327680422B91903A8EEF79A
:10513000CDFD039B002B07D0301D236938189847FD
:10514000022826D00128DCD0002005B0F0BCBB46E8
:10515000B246A946A046F0BD5A4651464046F7F72A
:1051600019FA2689606831000395EDF7E3F83100FC
:1051700005004846EDF7DEF8236888B29C46684390
:105180000422604403A9EEF7A1FD4B460120A38150
:10519000DBE700232689606831000393EDF7CAF846
:1051A000310007004846EDF7C5F8236888B29C46F1
:1051B00078430422604403A9EEF788FD5A46019B18
:1051C000009ED21A534419003000F7F7E3F930007B
:1051D00022000349F7F7B4F90120A581B5E7C046DD
:1051E000054E011070B511000400C089150000F0D3
:1051F00077FD002800DAE58170BDC046F0B5454670
:10520000DE4657464E46E0B585B0019183890400DD
:1052100098460389002B24D003AB404601279946CA
:1052200003E0BE421DD9A0890137B9B200F050FD9C
:105230002689050031006068EDF77CF88246310070
:105240002800EDF777F8534689B2594323680422C2
:105250009C4648466144EEF739FD039B002BE0D1A4
:10526000A8464246019B01211A804046E58900F08C
:1052700033FD0100280000F02FFD8246002832D0C7
:1052800000239B4603AB00259946019BA9B21888D1
:1052900000F01EFD23890700190060689846EDF7AD
:1052A00049F8414606003800EDF744F8236889B212
:1052B0009C467143042248466144EEF707FD039B78
:1052C000002B05D101335A46AB4013439BB29B469A
:1052D0000135AA45D9D8584605B0F0BCBB46B24600
:1052E000A946A046F0BD00239B46F4E70373436044
:1052F00001235B4201608260C3817047037B43608E
:1053000001235B42C3817047F0B5050083B040685C
:105310000E001700F9F722FD6B68A9689C46002370
:105320006044821991425B41DCB2914202D220007A
:1053300003B0F0BD0023009029683800F7F718F992
:105340006B689C4666446E60F1E7C046F0B5C646A1
:10535000040000B59846007B63680F009842AD4199
:1053600016006D42834203D8280080BCB846F0BDC9
:105370000121E08900F0ACFC4346E08118802368FD
:105380003B6063683360237B6360EDE7F0B5C6463E
:105390000C0000B50B8982B005000F686068190029
:1053A0009846ECF7C7FF06002B683100D81BECF7D6
:1053B000C1FF0130414680B2ECF7BCFF89B24E43D9
:1053C0000422B91901A8EEF781FC019A237B043A63
:1053D000D21A08339B19F91828002B69F7F7D2F86D
:1053E000280022000349F7F7ABF8002002B080BC88
:1053F000B846F0BD8D530110F0B5CE4647461E00AD
:1054000080B583B00AAB1B780500884691460160E1
:10541000426006810373002E1BD0002404E02A683A
:105420002B7B90466A689146310020000193ECF78F
:1054300081FF48468FB23100ECF77CFF78430422AD
:10544000404401A9EEF742FC01342E89A4B2A642E1
:10545000E5D8012201200023064952424042A861BA
:10546000E961EB812A612B8403B0C0BCB946B04628
:10547000F0BDC046FFFFFF7FF0B50689050083B091
:10548000002E19D000242B7B310068680193ECF7C3
:1054900051FF310007002000ECF74CFF2B6888B269
:1054A0009C4678430422604401A9EEF70FFC0134C6
:1054B0002E89A4B2A642E6D8012201200023054984
:1054C00052424042A861E961EB812A612B8403B01A
:1054D000F0BDC046FFFFFF7FF0B5DE4657464E46A3
:1054E0004546E0B595B0079203910589C38906004A
:1054F000290040689A46ECF71DFF03008346043BF1
:1055000002933368290050469946ECF713FF5B4637
:1055100089B259430B1D4B44042249440CA80693FD
:10552000EEF7D4FB0C9B00270493337B00249846B2
:10553000002D1BD033004646984629002000ECF78A
:10554000F9FE5B4689B25943042249440CA8EEF7A0
:10555000BDFB0C9BB34201D10137BFB20134A4B2F1
:10556000A542EAD143463C00B0461E00049D0421FA
:105570002800F7F715F8AC4684446346039D04936E
:10558000029B65449D4200D8E6E0039A337B944633
:10559000029A6344934200D8C7E0434695B2EB1A9F
:1055A000043B9BB25C4305930893039B9C4200D24F
:1055B000CAE0049B0433934200D3F7E0049B043D0C
:1055C000ED1A039BADB20599581BECF7B3FE002909
:1055D00000D1E8E0013083B203930891BB4200D9C7
:1055E000B2E0002B00D125E10BAB99465B460027CA
:1055F0005446AB46099301E0059B9B46338970688E
:1056000019009A46ECF796FE804651462000ECF7CA
:1056100091FE434689B24B43984635680422E91807
:105620004846EEF753FB4346191D69180B9B029D34
:1056300000932A0000230CA8F6F79AFF5A4600238D
:105640000D210CA8F9F74AFB0B95338970681900F6
:105650009846ECF76FFE414605002000ECF76AFE25
:10566000336888B29C466843042249466044EEF79A
:105670002DFB2000012100F02BFB0137039BBFB263
:105680000400BB42B8D1099B82469B4637897068AB
:105690003900ECF74FFE390005005046ECF74AFEA2
:1056A00089B24D433468042261194846EEF70EFB77
:1056B0000B9B291D6118029A00930CA80023F6F792
:1056C00057FF089C0223A2B20D210CA8F9F706FB94
:1056D000A446337B7068043363440B9335892900F7
:1056E000ECF728FE290004005046ECF723FE33684F
:1056F00088B29C466043042249466044EEF7E6FACD
:105700005A46049B083AD21A191D069B079C9C46D0
:1057100020006144F6F73EFF200032004749F6F7CB
:105720000FFF53460120F3810FE00121F08900F0C3
:10573000CFFA31890400708A00F0CAFA0100200013
:1057400000F0CEFA002850DD002015B0F0BCBB46BA
:10575000B246A946A046F0BD3189708A00F0B8FA79
:105760000100504600F0BCFA0028EDDC0C953789AA
:1057700070683900ECF7DEFD390004005046ECF7A4
:10578000D9FD88B260433368042218180CA9EEF7DB
:105790009DFA049B079800932A0000230699F6F7C8
:1057A000E7FE0120D1E783B2039317E701215046BA
:1057B00000F08EFA34893368824621007068994679
:1057C000ECF7B8FD804621005046ECF7B3FD4346A8
:1057D00089B259430B1D4B44042249440CA806933B
:1057E000EEF774FA0C9B0493E8E63589706829009B
:1057F000ECF7A0FD804629002000ECF79BFD434616
:105800008DB25D43039B317B9A468A445346376889
:1058100004220CA978190C93EEF758FA337B291D52
:1058200007980093524600237918F6F7A1FE01204D
:10583000F4818AE70BAB994628E7C0468D530110E7
:10584000F0B5D6464F464646C0B5040082B08846FD
:10585000008A012117001E0000F03AFA30802389E7
:105860000500190060689A46ECF764FD81465146D0
:105870002800ECF75FFD4B46226889B29446424609
:1058800059430B1D63441360236804229C4601A8FE
:105890006144EEF71BFA019B28003B60E18900F0B0
:1058A0001FFA002806DD002002B0E0BCBA46B1466F
:1058B000A846F0BD237B3A689A42F4D9618A208ACF
:1058C00000F00AFA23898342EDD03088E3892082F0
:1058D000984201D00120E7E7012100F0F9F9E081C9
:1058E0000120E1E7D0B50400018A408A16001F00BC
:1058F00000F0F6F9002806DB01220020104B52428E
:10590000A261E361D0BD2022A35C002B09D100205D
:105910000133A35464220023B6185F41A661E761F6
:10592000F0E7E269BA4203DC04D1A269B24201D9CC
:105930000020EFE7202201330120A354EAE7C0460C
:10594000FFFFFF7F408A7047F0B54E4657464546F9
:10595000DE46E0B51D002123C35C04000E001700E5
:10596000994683B0002B10D02B88984601214046E1
:1059700000F0AEF92880218A00F0B2F900280CDD91
:1059800021230022E25400239946484603B0F0BC8C
:10599000BB46B246A946A046F0BD2B886068984633
:1059A000238919009B46ECF7C5FC824659464046C0
:1059B000ECF7C0FC5346226889B2944659430B1D4C
:1059C00063443360236804229C4601A86144EEF7D7
:1059D0007DF9019B3B60227B9A42C7D0D5E7C04648
:1059E000F0B5D64646464F460400C0B5100082B01A
:1059F0008846012100F070F9618A00F06DF9824655
:105A000000281FD000260121608A00F061F9278953
:105A1000237B05003900608260680193ECF78AFC03
:105A2000814639002800ECF785FC4B4688B2584384
:105A3000236804229C4601A960440136EEF746F92A
:105A4000B245E0D841464B1E994121230022E15442
:105A5000013BE25402B0E0BCBA46B146A846F0BDF4
:105A600010B5018A408A00F03BF943425841C0B268
:105A700010BDC046F0B5CE46474680B50589060044
:105A800083B0002D24D00368290040689946ECF7C4
:105A900051FC00248046002729002000ECF74AFC36
:105AA000434689B259430422494401A8EEF70EF94E
:105AB000337B019A934201D10137BFB20134A4B2C2
:105AC000AC42E9D1380003B0C0BCB946B046F0BD25
:105AD0000027F7E770B594B002920592002206AC59
:105AE00000230391A27101220500A3802273E381A8
:105AF000A3820A9301930833009328000CAB0F3262
:105B0000F8F7E4F90026002802D1300014B070BD87
:105B1000059922002800F8F717FB210006000CA8C1
:105B2000FAF714FAF1E7C046F0B54746CE4680B51D
:105B300097B01D0020AB1B8807000C00160098468C
:105B4000002D04D017B0C0BCB946B046F0BD1EABA6
:105B500004CB0EA806921F9A07929B788A689946F2
:105B60004B6889689A1AF6F715FDE269A1690EA8D3
:105B7000F6F7E6FCE369002B0ED04A461D75072AAE
:105B800064D0082A28D0062A0DD001221A753100C7
:105B90002000F6F757FDD5E74A46072A56D0082ACF
:105BA0001AD0062AF3D18822BD58002D11D08C239B
:105BB000FB58823A029307AB9A700EAB42460093B1
:105BC0003800069B07990196A847B4230122FA548E
:105BD000E369002BD9D1DAE7A4257A59002AF8D055
:105BE000129B08A90EA89946FAF77AFA002801D163
:105BF000E369EEE7129B0EA804934B46049A9B1AA6
:105C0000F3189BB29946109B0493049A0F9B049936
:105C10009A1A0593F6F7BEFCE269A1690EA8F6F799
:105C20008FFCA8230822FB583800029307AB9A7018
:105C30004B4601930EAB424600937D5908AB079942
:105C4000A847B4230122FA54E369C2E7AC257A5984
:105C5000002A08D0129B08A90EA89946F9F7D2FE8F
:105C6000002804D1E369A2689219A260B1E7129BEF
:105C70000EA804934B46049A9B1AF3189BB29946BC
:105C8000109B0493049A0F9B04999A1A0593F6F7B4
:105C900081FCE269A1690EA8F6F752FC02AB1A7EFC
:105CA0005B7E12029B18B0220721BA589BB2029267
:105CB00007AA91704A4601920EAA00923800424605
:105CC0007D590799A847B4230122FA54CAE7C04670
:105CD000401880B27047C046401A80B27047C04634
:105CE0000300884212D009D301208B4205D98022BB
:105CF0005B1A1202934200DD023870470A1A8020B4
:105D000000028242F0DA01204042F6E70020F4E788
:105D1000002330B583B0041E00931DD06946174898
:105D2000FDF74CF903000120002B01D003B030BD7A
:105D3000009D002D12D02A780020002AF6D02800DD
:105D4000002201A9019301F06BFF051E08D0431C3E
:105D50000CD000202560E9E70B20E7E70020E5E70D
:105D6000019B1B78002BF4D00120DFE700F06EFDD3
:105D70000368222BEDD10120D8E7C04658A20110BC
:105D8000F0B54E46DE4657464546E0B504000E00E7
:105D900091469B468DB0002800D1AEE0002900D18D
:105DA000ABE0002A00D1A8E05B46002B00D1A4E0C4
:105DB0001B9B002B00D1A0E000220BA900F05AFA97
:105DC000071E00D09AE00B9B002B00D0A2E000221F
:105DD00030000BA9FDF746FD002800D096E00B9B94
:105DE000002B00D098E0002248460BA9FDF71CFDCF
:105DF000002800D08AE00B9F002F00D008E17B2113
:105E0000200001F047FB237805002F2B00D185E00F
:105E10007E2B00D0B8E0484601F0E8FB012800D115
:105E20000EE18A4A631C05934B46039380231B01B2
:105E300001931A9B0292009316981799189A199B2E
:105E40000496FDF7E5F88246002800D1E2E0002D37
:105E500000D1BCE07B218046504601F01BFB0500D1
:105E60005B460994B3464446089707932CE03200FA
:105E70002900774801F0E8FBC846002865D16A464A
:105E800018AB83CB83C228003100169A179BFDF70D
:105E9000F9F9051E00D1CBE001004246200016AB07
:105EA000FDF7F2F81A990400179B2800984750460E
:105EB0001A99179B9847002C00D1ABE07B2120005A
:105EC00001F0E8FAA2460500002D00D1A7E07D21EF
:105ED000200001F0DFFA471B7E1C320029005D48DC
:105EE00001F0B2FB00282ED0320029005A4801F000
:105EF000ABFB0028BBD1C846C1E70B2738000DB06B
:105F0000F0BCBB46B246A946A046F0BDFAF7A2F9DE
:105F10000700F3E76727F1E7C927EFE70023A0466B
:105F20009A4600289CD16A4619AB03CB03C22000D5
:105F3000189B1699179AFDF787F91B9B1860002884
:105F4000DCD10A37DAE7D84699E707987A1E691C48
:105F5000FDF7B2FA8046002891D11B9A5446106092
:105F60006A46B24618AB43CB43C25146169A179BBA
:105F70002800FDF787F91A99179B984720001A996E
:105F8000179B98476927B9E70023A0469A4600283F
:105F900000D065E7484601F029FB012854D02F4B7B
:105FA000029380234A461B0101931A9B039200939C
:105FB00016981799189A199B0494FDF729F88246A8
:105FC0005346002B26D052461B9B1A6096E7534639
:105FD0001B782F2BF7D0484601F008FB012831D061
:105FE0001E4B0293802355464A461B0101931A9B80
:105FF000179903920093189A199B16980495FDF728
:1060000007F804001A995046179B9847A246D7E70D
:10601000CA2773E700231B9A0A2713606EE75346CB
:10602000089F099C002BD2D123782F2BCBD0B1E72E
:106030001B9B50461D601A99179B98470A275DE7DE
:10604000074AEFE6074BCCE7064BA9E768A2011029
:1060500080A2011070A2011078A20110B49C01105E
:106060003095011040950110431E98410A2340428B
:1060700098430B307047C046020010B5014B12CB5D
:1060800012C210BD8CA2011082B0F0B587B001AC75
:106090000D9323000C920CAA05000E0083CA83C343
:1060A00003CA03C32000F3F765F9002829D0002DA7
:1060B00027D06B686420002B1ED1002E21D0300029
:1060C000FAF7DEF800281ED01C20216923689847C3
:1060D000071E68601FD03068283000F0DFFA386093
:1060E00068680668002E10D00123037108300ECCBA
:1060F0000EC00CCC0CC0002007B0F0BC08BC02B035
:1061000018470B20F8E76520F6E721696368984790
:1061100001206E60F0E70A20EEE7C04682B0F0B5DD
:106120004746CE4680B587B001AD0F932B000FAC2C
:1061300006008846170007CC07C3280006CC06C314
:10614000F3F718F9002828D0002E26D073686420B1
:106150009946002B19D1002F1FD03800FAF790F87C
:1061600000281CD01C2029692B689847041E7060E9
:1061700023D04346002B14D003604B46037100200C
:1061800008340ECD0EC40CCD0CC407B0C0BCB9464B
:10619000B046F0BC08BC02B018470B20F5E76520FC
:1061A000F3E73868283000F079FA206074682768CF
:1061B000002F04D001232371E1E70A20E5E7200046
:1061C00029696B68984701207760DEE7F8B5041EFF
:1061D0001DD0406800280ED00368C6688769002B70
:1061E0000BD002790025002A09D13900B0470023DD
:1061F00063602800F8BD0025FBE70025F5E71800DF
:1062000000F060FA431E984105006068EDE70B2539
:10621000EFE7C04670B586B06D46094C0600280011
:10622000F3F79EF8230007CD07C306CD06C333005E
:1062300007CC07C3300006CC06C306B070BDC0460D
:106240009074002010B5002808D04368002B05D0BA
:10625000186800F04DFA431E984110BD0B20FCE772
:10626000002804D04068002800D000687047002053
:10627000FCE7C046F0B54E464546DE465746E0B51B
:1062800004000D00160083B0002828D0002926D075
:1062900001F0ACF9002814D0237878499C46624676
:1062A00004238A5C13420DD1431E9846E35C2F2BD6
:1062B0002CD12D3B2B60002E26D04346002033608E
:1062C00006E001232B60002E1ED000230020336047
:1062D00003B0F0BCBB46B246A946A046F0BD0B20B9
:1062E000F6E757468A5C174232D0002D30D0002B9B
:1062F0002ED0009E5A1EB2422AD14D460922019E3E
:106300002A60002E00D033600020E1E7042292468C
:106310001C32002393462A001D00914600930196EB
:10632000E25C1700303F092FDBD917005E46B74308
:10633000413F192FD5D95F2A0AD02F2A41D07E2A72
:1063400035D07B2A47D07D2A5ED1002D31D0002563
:1063500001339842E4D14A46A94615004A46019EB7
:10636000002A4AD1624601207E2A5CD00427A94631
:10637000350000221E00BC464346A84604E0013218
:10638000471CB04234D238009342F8D0A75C2F2F7C
:10639000F5D16546275CCF5D3D42F0D04D4646467F
:1063A00004232B60002EAFD03060002090E7002B3C
:1063B000CED04D46019E783A2A60002EA4D033609C
:1063C000A2E7002DC4D04D46019E273A2A60002E38
:1063D0009AD0336098E7002D07D04D46019E733A5E
:1063E0002A60002E90D033608EE701250093AFE73E
:1063F0004D46002300202B606AE705232B60002E0A
:1064000082D0009B33607FE74A46A9464946150083
:10641000019E0822002900D1053A2A60002E00D1F1
:1064200072E7336070E70427BC462F000022250086
:10643000B1461C004346B84606E0012A11D001329D
:10644000471CA04217D238009342F8D0AF5C2F2FE0
:10645000F3D166462F5CCF5D3E42F0D045464E46B6
:106460009EE7454607234E462B60002E00D14BE7A2
:10647000002032602CE74546BBE7C04689A30110E7
:1064800082B002B07047C046F0B5C64600B594B0C1
:1064900012931AAB20CB13911E88234B1B68002B41
:1064A0002DD04C216A4652184E2011886A46121887
:1064B000107802E05B68002B21D09C68A28A8A4297
:1064C000F8D1A27D8242F5D12100482230316846C0
:1064D000EDF7FCFB2000A26AE36AF3F78FFC071ECE
:1064E0000DD0836832001900280010319846F4F767
:1064F00089FB002807D139000C48FDF725FA14B0B4
:1065000080BCB846F0BD4246094BD450043BD6503F
:10651000FEF750FB074B0522434418605960822365
:1065200041461B01CA54EAE70C7A0020F4790020A6
:106530001408000018080000F0B54746CE4680B5A4
:1065400095B01D001CAB80CB13911B889846224B45
:106550001968002903D121E0496800291ED08C6800
:10656000208B9042F8D12100482228316846EDF76F
:10657000ADFB2000226A636AF3F740FC061E0DD0D3
:10658000836842461900380010319946F4F73AFB07
:10659000002808D131001148FDF7D6F915B0C0BC6C
:1065A000B946B046F0BD4A4641460D4BD450043B77
:1065B000D1500C4B4B4407CD07C307CD07C3FEF7A3
:1065C000F9FA094B03224B4418605960822349466B
:1065D0001B01CA54E2E7C046CC790020F4790020C0
:1065E000140800002808000018080000F0B547460D
:1065F000CE4680B595B013911CA980C91D000B88AB
:106600009846214B1968002903D121E049680029E7
:106610001ED08C68208B9042F8D12100482228316E
:106620006846EDF753FB2000226A636AF3F7E6FB46
:10663000061E0DD083684246190038001031994675
:10664000F4F7E0FA002808D131001048FDF77CF992
:1066500015B0C0BCB946B046F0BD4A4641460C4BE9
:10666000D450043BD15000220A4B4B445A601D6069
:10667000FEF7A0FA084B04224B44186059608223AD
:1066800049461B01CA54E3E79C700020F4790020BE
:1066900014080000280800001808000070B5050064
:1066A0000748FDF73DF9002809D0002384682374CA
:1066B000E561FDF7C9F960612000A461143070BD87
:1066C000187500200200094810B50168002903D19F
:1066D0000AE04968002907D08B6814339A42F8D140
:1066E000FDF732F9002000E0012010BD18750020F0
:1066F00010B5041E04D00068F3F710FD002801D186
:10670000012010BD0122636800201A74F9E7C04619
:1067100010B5040086B0002811D001A8F2F720FEC1
:1067200001200599019B98472060002807D000238D
:106730000370012063600133A36006B010BD002028
:10674000FBE7C04610B5040086B0002810D00368EF
:10675000002B0FD08368002B1ED001A8F2F700FE9B
:10676000029B059920689847002323606360A3601B
:1067700006B010BD4368002B1AD18368002BF7D0F8
:10678000114B51221B680121DB68104800F0A2F870
:1067900001204042EEF72AFE0B4B4C221B680121E0
:1067A000DB680B4800F096F801204042EEF71EFE31
:1067B000054B4E221B680121DB68064800F08AF871
:1067C00001204042EEF712FE8816002034A301108B
:1067D00094A20110E4A20110030010B50A000349BD
:1067E0000868190000F004F810BDC04688160020A3
:1067F00010B5514300F02AF9041E0ED00300083BE7
:106800005A6803239A43043A242A15D80300132A0A
:1068100005D800221A605A609A60200010BD00213D
:106820000833016041601B2AF3D98160C160242ACA
:1068300006D003001033ECE70021EDF741FAECE756
:106840000300016118334161E3E7C046014B18685A
:106850007047C04688160020F0B5C64600B51C003B
:1068600086B016000C9B6643984601AB0393012348
:10687000050017000191029605960493002802D0A6
:10688000836B002B20D043460C229A5E80239B0111
:106890001A4207D1134342469381526E0C4B134068
:1068A000424653664146280003AA01F01DFC002819
:1068B00005D005983900301AEBF73CFD04002000A4
:1068C00006B080BCB846F0BD01F0B6FADBE7C046C2
:1068D000FFDFFFFFF0B5C64600B51D001B4B86B0BD
:1068E0001B681600984601AB0393012304934346AB
:1068F0004E430F001400019002960596002B02D023
:106900009B6B002B1DD00C23EA5E80239B011A4257
:1069100005D11343AB816A6E0D4B13406B662900A2
:10692000404603AA01F0E0FB002805D00598390095
:10693000301AEBF7FFFC0400200006B080BCB8461C
:10694000F0BD404601F078FADDE7C0468816002029
:10695000FFDFFFFF030010B50A00034908681900B4
:1069600000F010F810BDC0468816002000B5044B9A
:1069700083B0010001AA186800F004F803B000BD5C
:1069800088160020F0B54F464646D646C0B590461C
:1069900007000E0001F050F91D4B1D689946002DAF
:1069A0000AD033783400002B04D12FE0637801340F
:1069B000002B0AD03D2BF9D1380001F03FF900201F
:1069C000E0BCBA46B146A846F0BDA41B2868002822
:1069D000F2D02200310000F037FE002805D12B68EC
:1069E0001A191B5D92463D2B04D0686804350028B7
:1069F000EFD1E1E74B461B683800ED1A4346AD1076
:106A00001D6001F01BF950460130D9E70024DDE795
:106A1000C81E002000B583B001AAFFF7B3FF03B082
:106A200000BDC04610B5034B0100186800F00EF819
:106A300010BDC0468816002010B5034B0100186831
:106A400001F070FA10BDC04688160020F0B54E4621
:106A50004546DE465746E0B50D000B35060083B0CF
:106A6000162D22D8102900D9B2E000F023FB102502
:106A700018230220CC4FFB181A005C68083A944295
:106A800000D1B5E0032362689A431300E268A1686D
:106A9000CA6091600122E318596830000A435A60C5
:106AA00000F00AFB2000083095E007239D4300D545
:106AB0008EE0A94200D98BE000F0FCFAFC235B00D9
:106AC0009D4200D2A1E1680A00D18BE0042800D9E0
:106AD00074E138239846A80980443930C100B24F88
:106AE00079184C680839A1420ED003239C4604E073
:106AF000002ACBDAE468A14206D062466368934379
:106B00005A1B0F2AF4DD40463A003C690832944291
:106B100000D178E003236168994389460B00491B43
:106B20000F2900DD75E17A613A610029B2DA80222D
:106B30009200914500D310E15909DA0801238B40F6
:106B4000D2007968D2190B4391687B60E260A16042
:106B50009460CC60012182109140994259D80B4237
:106B600005D103229043490004300B42FBD003239C
:106B70009846C3009946B944CC4682466346DC68D1
:106B8000A44507D126E1002A00DB2FE1E468A445F3
:106B900000D11FE14246636893435A1B0F2AF2DD7E
:106BA00001208046611905436560A068E5680837E3
:106BB000C560A86040461043F960B9604860CF6086
:106BC00030008F60E25000F077FA2000083002E0D9
:106BD0000C230020336003B0F0BCBB46B246A9468C
:106BE000A046F0BD80213F2340209846890076E7EB
:106BF000DC680230A34200D044E73A003C69083226
:106C0000944200D086E701217B688210914099422E
:106C1000A5D90323BC6862689A439146954203D87C
:106C2000531B0F2B00DD8AE023004B445F4A019386
:106C30005F4B93469A4612681B68EB18013200D1ED
:106C400036E15C4A944663441B0B1B0300933000FF
:106C5000009900F00DFC03008046013300D1F3E001
:106C6000019B834200D9EDE0524600985268030030
:106C70009446514663444B6001991A00414500D146
:106C80004BE15B461B68013300D150E1434601995B
:106C90005B1A9A1853465A600723424641461A40E7
:106CA0000192194200D10DE108239846881A424BFF
:106CB0000099804441449B1A5B1A1B051B0D0091EF
:106CC000300019009B4600F0D3FB431C00D14AE181
:106CD0004346C01A03005B440093534652465B6828
:106CE00001215B44536042464046BA60009A0A4321
:106CF0004260BC4200D11EE14A460F2A00D81CE186
:106D000007200C3A8243606801400520114361600E
:106D1000A118486088600F2A00D92FE142464446F6
:106D200052685146C96A994201D25146CB625146D6
:106D3000096B994200D389E051460B6386E001223A
:106D4000290013431143651961603000BD606B6019
:106D500000F0B2F9200008303DE75A0A042A6BD946
:106D6000142A00D9BEE011005C325B31D200082346
:106D70005B429C46BA18944463469A68032398463B
:106D8000944500D197E0434651689943494502D95B
:106D900092689445F7D1D3689C467B686146A260AF
:106DA000E1608C60D460D5E6C01A0020B81A0020DB
:106DB000A46900200F10000008100000142852D908
:106DC000542800D996E06E239846280B80446F30F3
:106DD000C10084E608239B46073BDC449B46DA441B
:106DE00043465246134200D0C8E64CE00122E31865
:106DF000596830000A435A60E368A268D3609A6019
:106E000000F05AF920000830E5E62B00E8080833C6
:106E100030E6012360191D43656078613861C26006
:106E200082601A004B460A4342603000E15000F095
:106E300043F920000830CEE69A0911003932383182
:106E4000D20094E7BC4260D0BC68626803239A43D6
:106E5000531B954202D80F2B00DD70E7300000F085
:106E60002BF90020B7E65B23984680445C30C100D4
:106E700035E608235B429C46E1444B469B6801385B
:106E80004B4500D097E043460342F2D17B688B43E9
:106E90007B604900994200D9BBE6002904D1B8E6DD
:106EA000042294464900E2440B42F9D0504660E681
:106EB00010330093CBE68910023B8B4079680B437B
:106EC0007B606BE7009B300043445B421B051B0D5E
:106ED00019009B4600F0CCFA431C00D0F8E60023D2
:106EE0009B46FAE6542A2AD81A0B11006F326E31EB
:106EF000D2003CE7AA235B0098422AD8DD3B9846A3
:106F0000E80B80447830C100E9E553465B68009A9D
:106F10009C46534662445A60B3E6090500D0B0E689
:106F20000200BC684A4401310A436260F9E65B46EC
:106F300042461A60B0E64446F3E641608EE7AA2175
:106F400049008A4224D8DA0B110078327731D20016
:106F50000DE71A4B984224D87C239846A80C80440D
:106F60007D30C100BBE5009A019B94464246083B38
:106F700063449B1A009300239B46AEE62100300039
:106F8000083100F0CFFF5346BC685B686268C8E612
:106F90000A498A420BD89A0C11007D327C31D2000A
:106FA000E5E6FE217E237F209846890097E5FE22B4
:106FB0007E219200DBE67B686BE7C046540500004B
:106FC00030B5032A0CD903000B439B0719D1036882
:106FD0000C68A34215D1043A04300431032AF6D8D0
:106FE000551E002A0BD0002303E05A1C9D4206D0F8
:106FF0001300C25CCC5CA242F7D0101B00E0002062
:1070000030BD551EEFE7C046F0B588420AD98B184F
:10701000984207D2531E002A03D0CA5CC254013BD7
:10702000FBD2F0BD0F2A0BD80500561E002AF8D05F
:107030000023CC5C1A00EC5401339642F9D1F0E7FE
:1070400003270D003E0005430C0003002E402F4295
:107050002BD11500103D2D09AC462F013F18256896
:107060001D6065685D60A5689D60E5681034DD6041
:107070001D001033BD42F2D165460F230C240135AB
:107080002D01491913404519144211D08C59AC51A6
:1070900004369C1B032CF9D8043B9B0801339B004E
:1070A000ED18C91803231A40BFE70500561EBFE7B5
:1070B0001A00BAE77047C0467047C0460022034B2B
:1070C0001B68A83318605A607047C04688160020B5
:1070D000094B10B51C68094AA83420686168084B40
:1070E000ECF796FC01220023801859412060616072
:1070F0004800400810BDC046881600202D7F954CE2
:107100002DF45158030010B50A000349086819000E
:1071100000F004F810BDC04688160020F0B55746B0
:107120004546DE464E46E0B50C000700904683B06B
:10713000002900D1A8E045460B35FFF7BBFF162D0F
:1071400070D810251023A84570D82600083E716815
:1071500003220800904381460096984200DB77E0C6
:10716000C24A301893469268824200D1CAE042680F
:1071700001900092012292465046009A8243019863
:1071800094468346DC44624650465268024200D030
:1071900071E00320009ACB4682439446E3449B452A
:1071A00050DA52460A4211D103213268B21A92468D
:1071B00052688A436146511849448B46994200DB24
:1071C00078E04A4493469A4200DB78E04146380032
:1071D000FFF73CFC8046002820D07368B44600933B
:1071E00001230099020099430B00083A634493423B
:1071F00000D1F7E04A46043A242A00D9F7E0030018
:107200002100132A00D9C8E00A681A604A685A6047
:107210008A689A602100380000F084FE3800FFF789
:107220004BFF07E007239D432B1E8CDA0C233B60AA
:1072300000239846404603B0F0BCBB46B246A94680
:10724000A046F0BDD946019AD3689268D3609A608F
:107250004B465B1B0F2B1CD801214A4673680B4021
:10726000134373604E447368194371603800FFF72D
:1072700023FFA046DEE70842A8D103213268B21AF4
:10728000924652688A439CE71100FFF7DFFB804675
:10729000D0E70120726871190240034315437560FD
:1072A0004B604E447368083118437060380000F03A
:1072B00039FEDBE7019AD3689268D3609A6053463F
:1072C0005246DB6892685646D3609A604A46043A52
:1072D0000836242A6BD83300132A09D9534621686B
:1072E00099606168D9601B2A00D98EE00834103398
:1072F0002268D9461A6062685A60A26834009A60AF
:107300005646A5E75068032290430D3282469446C4
:10731000CA44AC44E24552DACA0700D556E73168A0
:10732000721A0321924652688A4310180100494498
:1073300000918C4500DD44E753465246DB68926875
:10734000D3609A6008234A465344043A9846242A54
:1073500075D8132A08D95346216899606168D960A5
:107360001B2A71D80834103322681A6062685A6088
:10737000A2689A60534659195B469960009B380091
:107380005A1B01231A434A605246526813401D4358
:1073900053465D60FFF790FE4CE72168016061682D
:1073A00041601B2A27D82100083308312CE721002F
:1073B00030003400FFF728FED946564648E75B46C2
:1073C0000098A0464119996053465A1B01231A435D
:1073D0004A6041680B401D43456038000091FFF74B
:1073E0006BFE27E703225B689343994430E7210053
:1073F000FFF70AFE0EE7A1688160E168C160242AF8
:107400000CD0210010331031FEE6A1681961E1684B
:107410005961242A0BD01034183369E722692100FE
:10742000026102006069183118335061ECE622698C
:107430009A61524661692033D161183458E72100BE
:107440001800FFF7E1FD95E7A1681961E16859614E
:10745000242A02D01034183386E722699A615246F2
:1074600061692033D16118347EE7C046C01A00201C
:10747000002370B5064D040008002B60EDF766FF91
:10748000431C00D070BD2B68002BFBD02360F9E7B4
:10749000DC690020CAB2F0B5002A35D00324830786
:1074A0002DD1FF2529400D0229430D040D4329004C
:1074B0000468264E61408B198B43A119A143244EC9
:1074C0000B43334211D14168204F0C00CB196C4063
:1074D0008B43E119A1430B4304303342F3D00378CB
:1074E000002B05D09A4204D001300378002BF9D14B
:1074F0000020F0BD9342FCD001302042D1D003786F
:10750000002BF7D10020F4E7830708D0032202E024
:107510000130104203D00378002BF9D1E9E702686B
:107520000A4B0B49D31893430B4206D14268074BD1
:107530000430D31893430B42F8D00378002BD8D0F3
:1075400043780130002BFBD1D3E7C046FFFEFEFE9F
:1075500080808080024670B50A4392072AD11E4D72
:10756000EE0104C808C9541B9443344017D0D0B26C
:10757000D9B2401A2106014310D190B299B2401AF3
:10758000210401430AD110021902000A090A401A13
:107590002102014302D1100E190E401A70BD9A4209
:1075A000DFD010BA19BA884201D9012070BD00207D
:1075B000C04370BD02780B7801300131002A09D038
:1075C0009A4207D102780B7801300131002A01D0AC
:1075D0009A42EFD0D01A70BD0101010103000A7870
:1075E00001311A700133002AF9D1704710B58307B1
:1075F0000AD00300032102E001330B4205D01A78C0
:10760000002AF9D1181A10BD030019680C4A0D4C54
:107610008A188A4322420FD15968094A04338A18CA
:107620008A43224208D15968054A04338A188A439A
:107630002242F1D000E001331A78002AFBD1E1E7C1
:10764000FFFEFEFE8080808030B5002A26D0030039
:107650000B439B0724D1032A22D9164D0BE0043A91
:10766000002A1BD0144C1C199C432C4216D1043008
:107670000431032A14D903680C68A342EFD00478BC
:107680000D78AC4213D1012306E0C45CCD5CAC4262
:107690000DD10133934201D0002CF6D1002030BD32
:1076A00004780D78A54202D1012AECD1F6E7601BDF
:1076B000F5E7C04680808080FFFEFEFEF0B5DE4626
:1076C0004E4645465746E0B59C4C8346A544884601
:1076D00014001E00012B00D82AE101200125B44628
:1076E00000210122012306006D4205E0190001225C
:1076F0005E1B8B189C450DD96019E75C805C874246
:10770000F4D300D188E001220D0001318B1801264D
:107710009C45F1D80123009666469C46023B99465B
:1077200048460021A94601220500023306E05A1B03
:107730009446190001228B189E420DD9A018E75CCF
:10774000405D8742F3D86CD0012301220D00013146
:107750009C468B189E42F1D82B004D4601336A1C83
:1077600092469A4202D862469A460092FFAA02AB1B
:107770000C3240C39A42FCD101256D42002E0DD03F
:107780002300A446751E371960191A78C11A920091
:1077900002AC0133A1509F42F7D16446009B524690
:1077A0002000E118FFF70CFC002869D100235246A5
:1077B000994601339B1A0193330000274E469946A0
:1077C0005B46D819435D02AA9B00D358002B2CD0EE
:1077D000002E04D0009A934201D24B469B1A0026F9
:1077E000FF1843464A469B1ABB42E9D280215846BD
:1077F00009011143404400F0C1FE804443464A461B
:107800009B1ABB42DCD200204D4B9D44F0BCBB46D2
:10781000B246A946A046F0BD964200D185E00132AD
:1078200067E762457ED0013285E75346B24506D20E
:10783000330004E0E15CC25C91421BD10133AB42F6
:10784000F8D35346D446013BB24504D809E05A1E4A
:10785000B34213D013005A1C9446E15CC25C9142BF
:10786000F5D001366645CFD8009B4A469C46D61ACD
:107870006744B6E7019A94466744B0E7B446F0E738
:107880005346F31A53454BD3013352460193012318
:107890009B1A009380231B0199463300002746461C
:1078A00098465B46D819435D02AA9B00D358002B2B
:1078B00018D0DF194346F31A9F42F2D95B46494676
:1078C00098194346194300F059FE43463618F31AF7
:1078D0009F4298D85B46D819435D02AA9B00D358B3
:1078E000002BE6D15346AA4503D30AE00133AB424D
:1078F00007D2E15CC25C9142F8D0009A944667449A
:10790000D7E75346013B03D27EE7013B00D27BE73A
:10791000E15CC25C9142F8D0019B9C466744C9E798
:107920005346B1E78918012205E701228919E0E6EB
:107930000123009300239A4618E7C046F4FBFFFF9B
:107940000C040000F0B5CE46474680B50E0009781D
:107950000500040091B0002950D07078002800D1B3
:1079600089E0B778002F4FD0F378002B00D189E061
:107970003279002A58D03000FFF738FE8021890084
:1079800007000143280000F0F9FD874263D8FE2F6D
:1079900000D989E0C01B804640226846791CA84473
:1079A000ECF78EF9002F0FD0BA1994463F2233001E
:1079B0009146F8B2301849466C461A780A40C11A06
:1079C0000133A1546345F6D12C003F256A46013CA2
:1079D000E35D2B40D05C2418A04503D23DE04C442D
:1079E000A0453AD36A46E35D31002B40D35C2000CA
:1079F0003A009946FFF7E4FA0028F0D1200011B0D0
:107A0000C0BCB946B046F0BD090400232A78014342
:107A100000E00500002A1ED01B041343681C6A788E
:107A20009942F6D16C1EE9E72A78002A13D00002A9
:107A3000084339041B060143194309BA002301E036
:107A400099421DD02C001B02013513432A78002ACD
:107A5000F6D1994214D00024D0E74346D819DB5D13
:107A6000002BF8D08021090100F088FD80444445B6
:107A7000ACD90024C2E72800FFF70CFD0400BDE7E5
:107A8000033CBBE70906000401433F022A7839435F
:107A900000E00500002ADED013431B026A78681C50
:107AA0009942F6D1AC1EA9E701003B003200280044
:107AB000FFF704FE0400A1E7F0B54E46DE46574648
:107AC00045468346E0B588461E0091460B000820D7
:107AD000474F83B01A0014780133395D1D00084206
:107AE000F8D12D2C5FD0002301932B2C33D0002E06
:107AF0000ED0102E5CD0012031004042EAF71AFC73
:107B00000700012031004042B246EAF713FC06E0CC
:107B1000302C59D00A2305219A460A26354F0022D7
:107B200000202300303B092B07D9113B192B03D927
:107B30002300613B192B11D80A339E420EDD002A27
:107B400023DBB84221D81ED05246504301221818D8
:107B50002C780135E5E72C78951CC8E7002A17DB5F
:107B6000019B002B00D040424B46002B04D0002A42
:107B700016D14B4642461A6003B0F0BCBB46B24633
:107B8000A946A046F0BD8B42DEDD01225242DFE76E
:107B900022235A46012013604B464042002BEBD073
:107BA0006B1E9846E5E71C780123951C01939EE720
:107BB000302C04D120222B789343582B09D010234A
:107BC0000F219A460C4FAAE720222B789343582B7B
:107BD00007D110236C780F219A461026064F0235E4
:107BE0009DE7082307219A460826044F97E7C046D9
:107BF00089A3011099999919FFFFFF0FFFFFFF1F3C
:107C000010B5FFF759FF10BD10B504001300034A6B
:107C100010680A002100FFF74FFF10BD88160020F2
:107C200010B504001300034A10680A002100FFF792
:107C300043FF10BD881600207047C0467047C046FD
:107C40000020704710B5024900F0E8FB10BDC046A7
:107C50003987011000207047F0B5D6464F4646469A
:107C6000304BC0B5C363B823002403229B00C4502B
:107C700004334568C2500833C218043BC2500600A2
:107C8000042328006C662C606C60AC60EB602C6197
:107C90006C61AC61082200215C30ECF711F8224BDA
:107CA000224F9A462B62224BEF6299466B62214B20
:107CB000ED61AB62B568984628001F4B6C662C607E
:107CC0006C60AC60EB602C616C61AC6108220021DF
:107CD0005C30EBF7F5FF53462B624B466B62434635
:107CE000EF62AB62ED61F568144B2800EB606C66E7
:107CF0002C606C60AC602C616C61AC61082200216E
:107D00005C30EBF7DDFF53462B624B466B6243461C
:107D1000AB620123EF62ED61B363E0BCBA46B146EA
:107D2000A846F0BD457C0110D98401107185011071
:107D300005850110458501100900010012000200AF
:107D400070B568254A1E55430E0029007431FEF7B0
:107D50007DFE041E09D000232A00036046600C301B
:107D60000021A0606832EBF7ABFF200070BDC04679
:107D7000F0B5C646284B07001E6800B5B36B002B54
:107D80002DD0B8239B009C46042398466644736814
:107D9000B468013B03D51DE06834013B1AD30C22C3
:107DA000A55E002DF8D120001C4B0822002165663D
:107DB00025606560A560E36025616561A5615C3053
:107DC000EBF77EFF256365636564A564200080BCD6
:107DD000B846F0BD3568002D05D02E00D7E730003D
:107DE000FFF73AFFCDE7D62138004900FEF72EFE17
:107DF000041E0DD04346D0220560250043600C30A0
:107E00000021A0605200EBF75BFF34602E00BEE75C
:107E10000C2330603B60D9E78CA401100100FFFF08
:107E200010B5034B0349186800F0F8FA10BDC046BE
:107E30008CA4011039870110836B10B5002B01D180
:107E4000FFF70AFF10BDC0467047C0467047C046E6
:107E50007047C0467047C04610B5034B03491868C9
:107E600000F0BCFA10BDC04688160020417C01100D
:107E700010B5034B0349186800F0B0FA10BDC046B6
:107E800088160020557C0110F8B50C000500FFF79E
:107E900011F9204FBB685E6803239E431E4B341BC1
:107EA0009C466444240B013C113324039C4207DBB1
:107EB00000212800FFF7DCFABB689B19984204D028
:107EC0002800FFF7F9F80020F8BD28006142FFF70D
:107ED000CFFA431C0DD00122BB68361B16435E60EF
:107EE0000E4B28001A68141B1C60FFF7E5F80120F0
:107EF000EAE700212800FFF7BBFABA68831A0F2BC4
:107F0000DEDD07490968401A0449086001210B4376
:107F10005360D5E7C01A0020EF0F0000A8690020C9
:107F2000B81A0020F0B5C64605000C0000B50029BF
:107F30004FD0FFF7BFF8210008394C680126220016
:107F40000320B2438F187B68834362489846836856
:107F5000BB426AD043467B6026421ED108239C4622
:107F60000C688444091B12198C6864454FD0CB6897
:107F7000E3609C604346FC186468344211D1BB68DE
:107F8000554C4244A34200D17EE0FC68DC60A36013
:107F9000012313434B608A5006E0FC1864683442A6
:107FA000EDD016434E603A6080239B009A4213D274
:107FB0005409D3080122A2404468DB0022434260F6
:107FC00018188368C8608B608160D9602800FFF74B
:107FD00073F880BCB846F0BD530A042B3ED8940910
:107FE000260039343836E40004192368083C032796
:107FF0009C4242D05868B843904202D99B689C4248
:10800000F8D1DC68CC608B60A160D960DEE74346C4
:10801000F8184068304257D1FB68B86842441643AC
:10802000C36098604E608A50D0E7130043442642F4
:1080300006D10A68891A8C689B18CA68E260946045
:1080400001221A434A60254A816012689A42BDD8CB
:10805000234B28001968FFF717FFB7E7142B07D940
:10806000542B1AD8140B26006F346E36E400BBE78D
:108070001E005C335B36DC00B6E70122B610B2406E
:10808000466832434260BDE7D9609960CB608B603F
:10809000012313434B608A5098E7AA246400A3424B
:1080A00005D8D40B260078347736E4009CE70D4CD5
:1080B000A34205D8940C26007D347C36E40093E777
:1080C000FE247E26A4008FE7330013434B603A6002
:1080D0007CE7C046C01A0020C81A0020BC1A002045
:1080E000A469002054050000F0B5DE464546574619
:1080F0004E46E0B5936883460C00904683B0002B53
:1081000023D08B891A0728D50A69002A25D0424630
:1081100016689A072DD50027AC4B00259946BA461C
:10812000002D58D02B004D4500D9A84B524658463B
:10813000E169676AB847002858DD43469B68824476
:108140002D1A181A43469860EAD1002003B0F0BCFB
:10815000BB46B246A946A046F0BD2100584600F0F5
:1081600033FA002800D02DE14246A38916689A0709
:10817000D1D4DA0742D4002200279146002F25D01F
:1081800080229200A568134200D180E0AA46BD4239
:1081900000D9AFE09022D200134200D0BBE02068AB
:1081A00052464946FEF730FFA3685D1BA5603D00BF
:1081B000002723685344236043469B68A9445D1B02
:1081C00043469D60C1D0A389002FD9D1326877681A
:1081D00091460836D2E7336875689A4608369FE7B5
:1081E0002100019800F084FB00282FD00C22A35E10
:1081F000402201201343A3814042A7E7002300222D
:10820000B14600271E005B46002092460193002FD6
:1082100027D000282FD03300BB469F4200D99B4671
:10822000206822696369904204D9A2689D18AB4511
:1082300000DD9EE05B4561DC656A5246E1690198BC
:10824000A847051ED2DD0120761BC9D043469B6896
:10825000AA447F1B5D1B43469D6000D175E7002F3C
:10826000D7D14B461B689A464B465F6808239C460D
:10827000E144002FF5D03A000A21504600F0F2F810
:10828000002800D195E053460130C61AC3E72068A4
:108290002369984216D863699A46BB4212D84C4B60
:1082A00038009F4200D94B485146EAF71BF8534625
:1082B000656A43434A465846E169A847051E95DD6D
:1082C0007F1B79E7BD4200D93D002A004946FEF7F1
:1082D0009BFEA36822685B1B5219A3602260002BDF
:1082E000EED12100584600F003FB002800D07DE7C6
:1082F0007F1B61E73D00BA46206851E75A46514668
:10830000FEF782FE5A46A3685D469B1AA360236867
:108310005B44236097E7606922682169551A42002F
:108320001218D00F8218681C5210C019924601957D
:10833000904201D9824602005B0529D511005846BA
:10834000FEF784FB051E37D0019A2169EBF7BEFCCE
:10835000A389214A134080221343A3815246019BE3
:108360002561E818D31A3D00BA4620606261A36017
:1083700016E751462A00FEF747FE236821005B19E5
:108380000198236000F0B4FA002800D15BE72DE7E4
:108390005846FEF7C3FE051EE0D121695846FFF797
:1083A000C1FD80225946A3899343743A1BB20A60E7
:1083B0001EE77B1C1E002FE70C235A4613600C227D
:1083C000A35E15E701204042C0E6C04600FCFF7FE7
:1083D000FEFFFF7FFFFFFF7F7FFBFFFFF0B5C6467D
:1083E000B8238846002600B59B00C7187B68BC6888
:1083F0005D1E0CD4A389012B06D90E22A35E013386
:1084000002D02000C04706436834013DF2D23F68E5
:10841000002FEBD1300080BCB846F0BDF8B5474620
:10842000CE4680B5B827804689460026BF0047441F
:108430007B68BC685D1E0DD4A389012B07D90E2271
:10844000A35E013303D021004046C8470643683489
:10845000013DF1D23F68002FEAD13000C0BCB946DF
:10846000B046F8BD70B5CCB283070DD0531E002ABC
:108470000FD0032504E00130284206D0013B08D389
:108480000278A242F7D170BD1300032B0CD8002B49
:1084900001D10020F7E7C31802E001308342F8D091
:1084A0000278A242F9D1EEE7FF2529400D022943C7
:1084B0000D04074E0D43026806496A405118914366
:1084C0003142E8D1043B0430032BF4D8DFE7C04647
:1084D00080808080FFFEFEFE70B50C000E25495F97
:1084E00000F0FCFA002803DB236D1B18236570BD28
:1084F000A389024A1340A381F9E7C046FFEFFFFFBB
:1085000000207047F8B50C001F000C23C95E050061
:108510001600CB050AD40A4B320019402800A1816D
:108520000E23E15E3B0000F03BF8F8BD0E23E15E58
:108530000022022300F01CFA0C23E15EEBE7C046A8
:10854000FFEFFFFF70B50C000E25495F00F010FA39
:10855000431C06D08023A2895B011343A3812065BD
:1085600070BDA389014A1340A381F9E7FFEFFFFF24
:1085700010B50E23C95E00F095F810BD10B50300CC
:108580004418002903D109E001339C4204D01A7831
:10859000002AF9D1181A10BD201AFCE70020FAE7CA
:1085A00070B50400080011001A000023054D2B606F
:1085B000ECF7F8FE431C00D070BD2B68002BFBD0FD
:1085C0002360F9E7DC690020354B70B505001868B9
:1085D0000C00002802D0836B002B21D00C23E25E1C
:1085E000A389190723D5216900292BD0D80708D5DD
:1085F0000020A06060694042A0610020002908D0EE
:1086000070BD00209D0700D46069A0600020002993
:10861000F6D11B06F4D540231A43A2810138EFE7B7
:10862000FFF70AFC0C23E25EA3891907DBD4D90605
:108630002DD55B0716D4216908231A43A28193B272
:108640000029D3D1A02080268000B6001840B04277
:10865000CCD02100280000F09FF90C23E25E2169B4
:10866000A389C3E7216B00290AD023004033994234
:1086700004D02800FFF756FC0C23E25E002323639E
:1086800024239A430023216963602160D4E70923EE
:108690002B60402301201A43A2814042B0E7C0462C
:1086A00088160020002370B5064D040008002B60DA
:1086B000ECF78AFE431C00D070BD2B68002BFBD06A
:1086C0002360F9E7DC69002070B50C00050000F0BC
:1086D0006FF8E36A0600002B04D02800E169984790
:1086E00000281EDBA3891B0620D4216B002908D09B
:1086F00023004033994202D02800FFF713FC0023E7
:108700002363616C002904D02800FFF70BFC0023D1
:108710006364FFF799FB0023A381FFF797FB300009
:1087200070BD0126A38976421B06DED5280021698B
:10873000FFF7F8FBD9E7C04670B505000C1E08D05E
:10874000002802D0836B002B0AD00C22A35E002BE2
:1087500001D1002070BD21002800FFF7B5FFF9E727
:10876000FFF76AFB0C22A35E002BF2D0F3E7C046B2
:1087700070B5041E0AD00D4B1D68002D02D0AB6BE6
:10878000002B0AD00C22A35E002B01D1002070BD6B
:1087900021002800FFF798FFF9E72800FFF74CFBBE
:1087A0000C22A35E002BF1D0F2E7C0468816002011
:1087B000F0B5C6460C0000B5A28980460C23C95E00
:1087C00013074CD4802362681B010B43A381002A4A
:1087D00066DDA66A002E3ED042464146156800225C
:1087E0000A609AB2DB0460D4012300224046E169AA
:1087F000B047431C68D0A289A66A530706D56368B0
:10880000C01A236B002B01D0E36BC01A00230200B7
:10881000E1694046B047431C49D143461B68002BE1
:1088200045D01D2B01D0162B57D1A3892F4A1340B9
:10883000A38100236360236923604346216B1D608D
:10884000002908D023004033994202D04046FFF768
:1088500069FB00232363002080BCB846F0BD266975
:10886000002EF8D0236826609D1B0023920700D1BC
:108870006369A360002D04DCEDE736182D1A002D86
:10888000E9DD2B0032004046E169676AB8470028FD
:10889000F3DC40220120A38940421343A381DBE79C
:1088A000E26B002A00DD94E7D5E7206DA5E7A389F8
:1088B0000E4A13400022626022691BB2A38122602B
:1088C000DB04BAD52065B8E743461B68002B00D10E
:1088D00091E71D2B06D0162B04D04022A389134309
:1088E000A381B9E7434600201D60B5E7FFF7FFFF0E
:1088F00070B504000D00002802D0836B002B09D056
:108900000C22AB5E0020002B03D029002000FFF7D3
:108910004FFF70BDFFF790FAF2E7C04670B5041E36
:108920001AD0104B1D68002D02D0AB6B002B0AD063
:108930000C22A35E0020002B00D170BD2100280076
:10894000FFF736FFF9E72800FFF776FA0C22A35E5F
:108950000020002BF1D0F1E7034B04491868FFF722
:108960005DFDEAE7881600208CA40110F188011053
:1089700070B50400080011001A000023054D2B609B
:10898000ECF726FD431C00D070BD2B68002BFBD0FC
:108990002360F9E7DC690020F0B5C64600B58B8995
:1089A00005000C0096B09A0709D5230043332360D5
:1089B00023610123636116B080BCB846F0BD0E226E
:1089C000895E002929DB6A4600F09CF8002823DB39
:1089D000F023019F1B021F40264B80269C466744C4
:1089E0007B425F418023DB009846360141462800E8
:1089F000FEF72CF800281CD080221F4BEB63A389C4
:108A00002060134342461BB2A38120616261002FA4
:108A10001ED13343A381CEE7A38900271B0612D5BD
:108A200040239846280041460026FEF70FF800280C
:108A3000E2D10C22A35E9A05BDD403229343022205
:108A40001343A381B1E78023DB0098460026CDE7DE
:108A500028000E23E15E00F069F8002802D10C2204
:108A6000A35ED6E70322A3899343012213431BB2DB
:108A7000CFE7C04600E0FFFF457C011070B50C0059
:108A80001E000E23C95E150096B0002915DB6A464C
:108A900000F038F8002810DBF022019B120213408E
:108AA0000D4A8020944663445A42534133608023E8
:108AB000DB002B60000116B070BD0C22A35E00220B
:108AC00032601B0603D5402300202B60F3E7802390
:108AD000DB0000202B60EEE700E0FFFF70B5040034
:108AE000080011001A000023054D2B60ECF748FC2C
:108AF000431C00D070BD2B68002BFBD02360F9E72E
:108B0000DC690020002370B5074D04000800110047
:108B10002B60ECF761FC431C00D070BD2B68002B70
:108B2000FBD02360F9E7C046DC690020002370B564
:108B3000064D040008002B60ECF752FC431C00D0EB
:108B400070BD2B68002BFBD02360F9E7DC690020A7
:108B5000F8B5C0460000000001B40248844601BCDC
:108B6000604700BFD102002001B40248844601BC26
:108B7000604700BF3102002001B40248844601BCB6
:108B8000604700BF3D0F002001B40248844601BC8D
:108B9000604700BF3D0F002001B40248844601BC7D
:108BA000604700BFC100002001B40248844601BCF8
:108BB000604700BFA101002001B40248844601BC07
:108BC000604700BF0501002001B40248844601BC93
:108BD000604700BFA10C002001B40248844601BCDC
:108BE000604700BFE90B002001B40248844601BC85
:108BF000604700BF9503002001B40248844601BCD1
:108C0000604700BF450C002001B40248844601BC07
:108C1000604700BF510C002001B40248844601BCEB
:108C2000604700BF110C00205D2100108921001059
:108C3000D5220010B13C00105D2A0010613B0010ED
:108C4000FD210010A5210010C5210010D921001020
:108C5000A5130010E1210010851700102521001038
:108C6000E90F0010FD020010155D001079A1001041
:048C70006DA40010DF
:108C78004D6963726F2D524F53206167656E742082
:108C88006E6F7420666F756E640000007069636FA4
:108C98005F6E6F6465000000667832395F666F72D8
:108CA80063650000696D752F6461746100000000E0
:108CB8000A2A2A2A2050414E4943202A2A2A0A00F1
:108CC8004E6F207370696E6C6F636B732061726591
:108CD80020617661696C61626C6500004E6F207579
:108CE8007365722049525173206172652061766103
:108CF800696C61626C650000FFFFFFFFFFFFFF7F8B
:108D0800486172647761726520616C61726D2025BB
:108D18006420616C726561647920636C61696D655A
:108D280064000000486172642061737365727400A6
:108D38004F7574206F66206D656D6F727900000045
:108D480052656C6561736500626F6F74325F77326C
:108D58003571303830000000322E312E31000000DD
:108D6800636F6D7065746974696F6E5F7069636F46
:108D7800000000004D617220323920323032350057
:108D880005005250DE65F468C4C201100600525056
:108D98005422A29D7C8D011006005250861C0302AD
:108DA800688D011006005250BBFF3CB6748D01104F
:108DB80006005250ABB36053608D0110060052504C
:108DC800E182887F508D011006005250D3F0754221
:108DD800488D0110666E6900666E692B0000000000
:108DE8006E616E00666E692D0000000098480010E4
:108DF8004E4800104E480010904800104E48001091
:108E08004E4800104E4800104E4800104E480010C2
:108E18004E4800104E480010884800104E48001078
:108E2800804800104E4800104E4800107848001046
:108E38004A4A0010AA4800103E4A0010AA480010EA
:108E48005A4A0010AA480010AA480010AA48001060
:108E5800AA480010AA480010AA480010AA48001002
:108E6800A0480010AA480010AA480010AA480010FC
:108E7800AA480010AA480010A0480010A04A0010F4
:108E88000A4800100A4800100A4800100A48001052
:108E98000A4800100A4800100A4800100A48001042
:108EA8000A4800100A4800100A4800100A48001032
:108EB8000A4800100A4800100A4800100A48001022
:108EC8000A4800100A4800100A4800100A48001012
:108ED8000A4800100A4800100A4800100A48001002
:108EE8000A4800100A4800100A4800100A480010F2
:108EF8000A4800100A4800100A480010CE4C00101A
:108F08006C4A0010CE4C00100A4800100A480010A5
:108F18000A4800100A4800100A4800100A480010C1
:108F28000A4800100A4800100A4800100A480010B1
:108F38000A4800100A4800100A4800100A480010A1
:108F48000A4800100A480010524900100A48001048
:108F58000A4800100A4800100A4800100A48001081
:108F68000A4800100A4800100A4800100A48001071
:108F780052490010B44A001052490010CE4C00105B
:108F88006C4A0010CE4C00100A48001052490010DC
:108F98000A4800100A4800100A4800100A48001041
:108FA8000A48001052490010DE4B00100A48001011
:108FB8000A480010204B00100A48001052490010BF
:108FC8000A4800100A48001052490010000000002A
:108FD800000000000000F03F0000000000002440F6
:108FE80000000000000059400000000000408F40D1
:108FF800000000000088C34000000000006AF8403C
:109008000000000080842E4100000000D01263415F
:109018000000000084D797410000000065CDCD41D5
:109028000000000069570010000000006D57001094
:1090380079570010A5570010A15700100000000034
:10904800050F2100011C100500DF60DDD88945C728
:109058004C9CD2659D9E648A9F00000306A6000171
:10906800000000000A00000000000306A600080037
:10907800020002009C001400030057494E55534259
:109088000000000000000000000080000400010053
:109098002800440065007600690063006500490007
:1090A8006E00740065007200660061006300650070
:1090B800470055004900440000004E007B00620054
:1090C80063003700330039003800630031002D0099
:1090D80037003300630064002D0034006300620031
:1090E80037002D0039003800620038002D003900A3
:1090F800310033006100380066006300610037000A
:109108006200660036007D000000000055534220D2
:10911800737464696E202F207374646F7574000013
:109128000600525053B4F4A11491011052617370A7
:109138006265727279205069000000005069636F9F
:1091480000000000426F6172642043444300000045
:109158005265736574000000090254000301008021
:109168007D080B000202020000090400000102024F
:10917800000405240020010524010001042402063E
:1091880005240600010705810308001009040100F1
:10919800020A0000000705020240000007058202DB
:1091A8004000000904020000FF000105120110023E
:1091B800EF0201408A2E0A000001010203010000AB
:1091C800000000003491011044910110C87A002079
:1091D8004C91011058910110556E68616E646C6570
:1091E800642049525120307825780A00657020257E
:1091F8003032582077617320616C72656164792020
:10920800617661696C61626C6500000043616E277C
:109218007420636F6E74696E756520786665722058
:109228006F6E20696E6163746976652065702025AC
:109238003032580080630010E06400102C65001084
:10924800B8640010CA640010A86400101E640010FE
:10925800CE630010C26300108668001070680010AA
:1092680096640010A86800109664001054680010F6
:1092780040680010966400102A6800103A670010D1
:1092880096640010266B0010186B00100C6B001011
:109298009664001096640010F66A0010186B0010AF
:1092A800966400109664001096640010966400108E
:1092B800966400109664001096640010A66A001068
:1092C800860D0020860D0020680D0020DC0D002092
:1092D800EC0E0020000F0020D00D00200000000040
:1092E800FD7000106D71001091710010DD7100109B
:1092F800857200106D73001000000000000000006F
:1093080069740010C5740010E1740010097500102C
:109318000D58001031760010000000000000000019
:10932800010000000A000000010200000000000027
:109338000000000000000000000000000000000025
:109348000000000000000000000000000000000015
:109358000000000000000000000000000000000005
:1093680000000000000000000000000000000000F5
:10937800A6850010A6850010B2850010AA850010E9
:10938800AA85001090850010908500109085001027
:10939800B6850010DA850010AE85001078860010BA
:1093A8007886001048860010A4860010A486001055
:1093B800548600105486001054860010CE86001083
:1093C8002886001048860010CA890010DC89001021
:1093D800F0890010128900100A8A0010EA8800102B
:1093E800EA880010EA880010248900106A890010B1
:1093F800C28900102A8F00102A8F0010408F001099
:109408000E8F00100E8F0010E08D0010E08D001000
:10941800E08D0010848F00106C8F0010568F0010A4
:109428000000000000000000000000000000000034
:109438000000000000000000000000000000000024
:109448000000000000000000000000000000000014
:109458000000000000000000000000000000000004
:1094680000000000000000000000000000000000F4
:1094780000000000000000000000000000000000E4
:1094880000000000000000000000000000000000D4
:1094980000000000000000000000000000000000C4
:1094A8000000000000000000010000000A000000A9
:1094B80001020000000000000000000000000000A1
:1094C8000000000000000000000000000000000094
:1094D8000000000000000000000000000000000084
:1094E8000000000000000000000000000000000074
:1094F8000000000000000000726F7369646C5F7404
:10950800797065737570706F72745F6D6963726F6F
:10951800787263656464735F630000003A3A000020
:10952800257325732573257325732573257300000B
:109538005F00000064647300257325730000000059
:109548007274000073656E736F725F6D736773007A
:10955800726F7369646C5F74797065737570706F1E
:1095680072745F696E74726F7370656374696F6E1D
:109578005F635F5F6765745F6D6573736167655F80
:10958800747970655F737570706F72745F68616EFF
:10959800646C655F5F73656E736F725F6D7367731D
:1095A8005F5F6D73675F5F496D750000726F736908
:1095B800646C5F74797065737570706F72745F6DC9
:1095C8006963726F787263656464735F635F5F6712
:1095D80065745F6D6573736167655F747970655FE6
:1095E800737570706F72745F68616E646C655F5FCD
:1095F80073656E736F725F6D7367735F5F6D7367AB
:109608005F5F496D75000000726F7369646C5F7409
:10961800797065737570706F72745F696E74726F4C
:109628007370656374696F6E5F6300001096011054
:1096380000950110020000004C95011034960110AD
:1096480050960110A810002058950110B4950110EB
:1096580073656E736F725F6D7367735F5F6D73674A
:1096680000000000496D750068656164657200005E
:109678006F7269656E746174696F6E006F72696587
:109688006E746174696F6E5F636F76617269616E23
:1096980063650000616E67756C61725F76656C6FFB
:1096A8006369747900000000616E67756C61725FB0
:1096B80076656C6F636974795F636F7661726961EF
:1096C8006E6365006C696E6561725F616363656C8A
:1096D80065726174696F6E006C696E6561725F6155
:1096E8006363656C65726174696F6E5F636F7661E1
:1096F8007269616E63650000589601106C960110DE
:109708000700000040010000BC100020B9A10010B3
:10971800C1A1001073656E736F725F6D7367733AE2
:109728003A6D7367000000007374645F6D7367734C
:1097380000000000726F7369646C5F747970657300
:109748007570706F72745F696E74726F7370656331
:1097580074696F6E5F635F5F6765745F6D65737370
:109768006167655F747970655F737570706F727427
:109778005F68616E646C655F5F7374645F6D736767
:10978800735F5F6D73675F5F466C6F617433320040
:10979800726F7369646C5F74797065737570706FDC
:1097A80072745F6D6963726F787263656464735F06
:1097B800635F5F6765745F6D6573736167655F7429
:1097C8007970655F737570706F72745F68616E64CD
:1097D8006C655F5F7374645F6D7367735F5F6D73F0
:1097E800675F5F466C6F617433320000109601103A
:1097F800009501100200000030970110F497011045
:1098080010980110941200203C97011098970110AD
:109818007374645F6D7367735F5F6D7367000000D7
:109828001898011090970110010000000400000032
:10983800A812002081A4001089A400104865616462
:10984800657200007374616D700000006672616D6E
:10985800655F6964000000001898011044980110C1
:109868000200000014000000F0120020ADA4001057
:10987800B5A400107374645F6D7367733A3A6D73BF
:10988800670000006275696C74696E5F696E746563
:109898007266616365735F5F6D73670054696D65B8
:1098A800000000006E616E6F736563008C98011094
:1098B800A49801100200000008000000C413002052
:1098C80079A6001081A600106275696C74696E5FD4
:1098D800696E74657266616365733A3A6D736700A1
:1098E80067656F6D657472795F6D7367735F5F6DC0
:1098F800736700005175617465726E696F6E000060
:10990800780000007A00000077000000E898011055
:10991800FC980110040000002000000070140020D2
:1099280075A700107DA70010566563746F72330029
:10993800E898011030990110030000001800000099
:109948006C150020A1A70010A9A7001067656F6D0E
:10995800657472795F6D7367733A3A6D7367000067
:10996800FFFD0000A0D20010A0D200109CD500106E
:10997800A0D200108CD5001020D5001016D50010EC
:10998800A0D20010A0D200103CD40010BAD300100E
:109998006AD30010A0D20010A0D20010A0D20010EC
:1099A800CED2001058524345010F0000FFFE0000C0
:1099B80036E70010F8E60010B8E60010FAE70010E5
:1099C800B4E7001046E6001012E6001060E7001049
:1099D8000000C1C081C1400101C3C003800241C26F
:1099E80001C6C006800741C70005C1C581C440043F
:1099F80001CCC00C800D41CD000FC1CF81CE400EEF
:109A0800000AC1CA81CB400B01C9C009800841C8FE
:109A180001D8C018801941D9001BC1DB81DA401A6E
:109A2800001EC1DE81DF401F01DDC01D801C41DC3E
:109A38000014C1D481D5401501D7C017801641D66E
:109A480001D2C012801341D30011C1D181D040107E
:109A580001F0C030803141F10033C1F381F240326E
:109A68000036C1F681F7403701F5C035803441F43E
:109A7800003CC1FC81FD403D01FFC03F803E41FEEE
:109A880001FAC03A803B41FB0039C1F981F84038FE
:109A98000028C1E881E9402901EBC02B802A41EA6E
:109AA80001EEC02E802F41EF002DC1ED81EC402C3E
:109AB80001E4C024802541E50027C1E781E640266E
:109AC8000022C1E281E3402301E1C021802041E07E
:109AD80001A0C060806141A10063C1A381A240626E
:109AE8000066C1A681A7406701A5C065806441A43E
:109AF800006CC1AC81AD406D01AFC06F806E41AEEE
:109B080001AAC06A806B41AB0069C1A981A84068FD
:109B18000078C1B881B9407901BBC07B807A41BA6D
:109B280001BEC07E807F41BF007DC1BD81BC407C3D
:109B380001B4C074807541B50077C1B781B640766D
:109B48000072C1B281B3407301B1C071807041B07D
:109B58000050C190819140510193C053805241926D
:109B68000196C056805741970055C195819440543D
:109B7800019CC05C805D419D005FC19F819E405EED
:109B8800005AC19A819B405B0199C05980584198FD
:109B98000188C04880494189004BC18B818A404A6D
:109BA800004EC18E818F404F018DC04D804C418C3D
:109BB8000044C184818540450187C047804641866D
:109BC8000182C042804341830041C181818040407D
:109BD8000AF50010C6F4001074F400109AF400108E
:109BE8009AF4001074F4001074F4001074F4001067
:109BF80074F400100AF500107CF400107CF40010D6
:109C08007CF4001002F50010FAF40010E6F80010D9
:109C180092F90010EAF800101CF900101CF9001065
:109C2800EAF80010EAF80010EAF80010EAF8001064
:109C3800E6F80010F6F80010F6F80010F6F8001034
:109C48005AF90010BEF90010B2FC00101EFD0010F9
:109C5800B6FC0010E6FC0010E6FC0010B6FC001094
:109C6800B6FC0010B6FC0010B6FC0010B2FC0010E8
:109C7800C4FC0010C4FC0010C4FC001058FD001007
:109C88004AFD00100000000000000000524F535F22
:109C98004C4F43414C484F53545F4F4E4C59000072
:109CA8002E0000002F0000002F25730025732F259C
:109CB800730000000000000000000000524F535FD6
:109CC80053454355524954595F454E41424C45000E
:109CD8007472756500000000524F535F5345435539
:109CE800524954595F535452415445475900000052
:109CF800456E666F72636500656E636C6176657349
:109D080000000000524F535F534543555249545980
:109D18005F4B455953544F5245000000524F535F13
:109D280053454355524954595F454E434C41564556
:109D38005F4F56455252494445000000000000005C
:109D480072636C5F76616C69646174655F656E638C
:109D58006C6176655F6E616D655F776974685F7366
:109D6800697A6528293A20756E6B6E6F776E207256
:109D78006D775F76616C69646174655F6E616D654E
:109D880073706163655F776974685F73697A652862
:109D98002920726573756C742027256427000000DC
:109DA80066170110601701105A1701105417011097
:109DB8004E170110481701103A1701100000000053
:109DC800000000000000000000000000000000008B
:109DD800000000000000000000000000000000007B
:109DE800000000000000000000000000000000006B
:109DF800000000000000000000000000000000005B
:109E080000000000FD2C0110012D011000000000D1
:109E1800000000000000000000000000012D0110FB
:109E2800052D0110092D01100000000000000000A0
:109E380000000000052D0110092D01100D2D011045
:109E4800000000000000000000000000000000000A
:109E580000000000000000000000000000000000FA
:109E680000000000000000000000000000000000EA
:109E780000000000000000000000000000000000DA
:109E880000000000000000000000000000000000CA
:109E980000000000000000000000000000000000BA
:109EA800617267756D656E7420656E765F6E616D43
:109EB80065206973206E756C6C00000061726775AF
:109EC8006D656E7420656E765F76616C7565206968
:109ED80073206E756C6C0000726D775F76616C69CB
:109EE800646174655F6E616D65737061636528296F
:109EF8003A20756E6B6E6F776E20726D775F766144
:109F08006C69646174655F66756C6C5F746F7069A9
:109F1800635F6E616D65282920726573756C7420A6
:109F280027256427000000000E38011008380110AA
:109F380002380110FC370110F6370110F037011014
:109F4800E2370110756E6B6E6F776E2072657375F0
:109F58006C7420636F646520666F7220726D772061
:109F68006E616D6573706163652076616C696461AB
:109F780074696F6E000000006E616D6573706163D7
:109F880065206D757374206E6F7420626520656D31
:109F9800707479006E616D657370616365206D75AD
:109FA8007374206265206162736F6C7574652C2010
:109FB8006974206D757374206C65616420776974A9
:109FC80068206120272F27006E616D6573706163BB
:109FD80065206D757374206E6F7420656E642077CC
:109FE800697468206120272F272C20756E6C657393
:109FF80073206F6E6C79206120272F2700000000E6
:10A008006E616D657370616365206D757374206E24
:10A018006F7420636F6E7461696E2063686172612A
:10A028006374657273206F74686572207468616EFA
:10A0380020616C7068616E756D65726963732C2040
:10A04800275F272C206F7220272F27006E616D65F0
:10A058007370616365206D757374206E6F7420630F
:10A068006F6E7461696E20726570656174656420D5
:10A07800272F27006E616D657370616365206D75AC
:10A088007374206E6F742068617665206120746F28
:10A098006B656E20746861742073746172747320C8
:10A0A800776974682061206E756D626572000000C2
:10A0B8006E616D6573706163652073686F756C643C
:10A0C800206E6F74206578636565642027524D574C
:10A0D8005F4E414D4553504143455F4D41585F4E9A
:10A0E800414D455F4C454E4754482700000000004D
:10A0F800809F01109C9F0110D09F011008A00110A3
:10A1080054A001107CA00110B8A00110756E6B6EF0
:10A118006F776E20726573756C7420636F64652049
:10A12800666F7220726D77206E6F6465206E616D48
:10A13800652076616C69646174696F6E0000000067
:10A148006E6F6465206E616D65206D757374206E29
:10A158006F7420626520656D707479006E6F646538
:10A16800206E616D65206D757374206E6F74206349
:10A178006F6E7461696E2063686172616374657281
:10A1880073206F74686572207468616E20616C70EA
:10A1980068616E756D6572696373206F7220275FE1
:10A1A800270000006E6F6465206E616D65206D7517
:10A1B8007374206E6F74207374617274207769747D
:10A1C800682061206E756D62657200006E6F64654F
:10A1D800206E616D65206C656E6774682073686FAA
:10A1E800756C64206E6F74206578636565642027DC
:10A1F80032353527000000000000000048A101109A
:10A2080064A10110ACA10110D4A101106364720013
:10A21800726D775F6D6963726F787263656464737A
:10A228000000000018A20110047DC12502000000F2
:10A23800FFD7F23200000000726F7369646C5F74BC
:10A24800797065737570706F72745F6300000000D9
:10A25800524F535F444F4D41494E5F4944000000FF
:10A2680025732F25732573007B6E6F64657D000051
:10A278007B6E737D000000007B6E616D657370619D
:10A2880063657D000000000000000000556E6578E1
:10A2980070656374656420636F6E646974696F6E5A
:10A2A8003A20737472696E672063617061636974C0
:10A2B8007920776173207A65726F20666F722061EA
:10A2C8006C6C6F63617465642064617461212045FE
:10A2D800786974696E672E0A00000000556E65780B
:10A2E80070656374656420636F6E646974696F6E0A
:10A2F8003A20737472696E672073697A6520776192
:10A3080073206E6F6E2D7A65726F20666F7220648F
:10A3180065616C6C6F63617465642064617461214C
:10A328002045786974696E672E0A0000556E657855
:10A33800706563746564206265686176696F723AF6
:10A3480020737472696E67206361706163697479E0
:10A3580020776173206E6F6E2D7A65726F20666F3D
:10A3680072206465616C6C6F6361746564206461FC
:10A378007461212045786974696E672E0A000000AF
:10A3880000202020202020202020282828282820BD
:10A3980020202020202020202020202020202020B5
:10A3A800208810101010101010101010101010101D
:10A3B800100404040404040404040410101010100D
:10A3C80010104141414141410101010101010101D7
:10A3D8000101010101010101010101011010101029
:10A3E80010104242424242420202020202020202A9
:10A3F80002020202020202020202020210101010FD
:10A408002000000000000000000000000000000024
:10A418000000000000000000000000000000000034
:10A428000000000000000000000000000000000024
:10A438000000000000000000000000000000000014
:10A448000000000000000000000000000000000004
:10A4580000000000000000000000000000000000F4
:10A4680000000000000000000000000000000000E4
:10A4780000000000000000000000000000000000D4
:08A48800000000009016002006
:10A49000888D0110948D0110A08D0110AC8D0110DC
:10A4A000B88D0110C48D0110D08D011028910110BC
:10A4B00003000068EFF3108C72B60268002AFCD02B
:10A4C000BFF35F8F04229A56002A0BDB00290FD0BE
:10A4D00000200A601B68BFF35F8F00221A608CF3B4
:10A4E00010887047D0221206126801201A71F1E715
:10A4F0000020EFE7F0B5C646150000B504001E00C9
:10A500000268EFF3108172B61368002BFCD0BFF322
:10A510005F8F0423E356002B2DDB2268BFF35F8F90
:10A520000020106081F31088D0221206127852B2F7
:10A5300090469A4203D1002080BCB846F0BD002767
:10A540000BE02368BFF35F8F1F6081F31088280042
:10A55000310000F0F5FE0028EDD12268EFF3108104
:10A5600072B61368002BFCD0BFF35F8F23797F2B6B
:10A57000E7D9434602E0D0231B061B6823712368FA
:10A58000BFF35F8F00221A6081F310880120D3E7A8
:10A59000F0B5C64600B50D00040000F0F1FEFA2249
:10A5A00006000F00002328000021920000F0E0FECA
:10A5B00036184F41002F2CDBD0231B061B680025CB
:10A5C00098460BE02368BFF35F8F1D6081F310880E
:10A5D0003000390000F0B4FE002818D12268EFF3F3
:10A5E000108172B61368002BFCD0BFF35F8F237904
:10A5F0007F2BE7D9434623712368BFF35F8F002287
:10A600001A6081F31088012080BCB846F0BD00209C
:10A61000FAE70126014F7642CEE7C046FFFFFF7FF3
:10A620000268EFF3108172B61368002BFCD0BFF301
:10A630005F8FFF2303710368BFF35F8F00221A60EF
:10A6400081F3108840BF704710B5084C2378002B69
:10A650000AD18023064807495B051A68C2500433B3
:10A660008B42FAD10123237010BDC046337B0020FA
:10A670008C6F00100001001010B5024B0133984799
:10A6800010BDC0468C6F0020034B1A68C0239B008E
:10A690009343024A136070470C8001400C900140C4
:10A6A000054B1A6880239B005340C0229200134040
:10A6B000024A13607047C0460C8001400C90014074
:10A6C0001423F0B5D6464F4646469A46814618882A
:10A6D0000433C0B598460E001B88274914009847DC
:10A6E000534607001888434624491B889847534619
:10A6F00005001888434622491B8898478046FFF783
:10A70000A3FFB847A847FFF7CBFF002C1BD0C02101
:10A7100022000827022049053D008B6A1D4018428F
:10A720000BD0002C09D0131B0D2B1FD84B461B78C8
:10A73000013C0B6601239C46E1442300002D0CD113
:10A740001343002BE8D1FFF79FFFC047FFF794FFAB
:10A75000E0BCBA46B146A846F0BD002AF1D00B6E67
:10A76000013A3370130001362343EAE7002DD3D0BA
:10A77000002AD1D0F3E7C046494600004558000002
:10A780004643000000231C4A10B59360D3601B4A67
:10A7900000219360D3601A4A1A489360D3601A4A22
:10A7A0009360D360194A9360D360194A9360D36071
:10A7B000184A9360D360184A9360D360174A936035
:10A7C000D360174A9360D360164A9360D360164AE9
:10A7D0009360D360154A9360D360154A9360D36049
:10A7E000144A9360D360F022920000F0B1FD124B46
:10A7F000124A1A6010BDC0460000105008001050E8
:10A8000010001050747500201800105020001050D7
:10A8100028001050300010503800105040001050E8
:10A820004800105050001050580010506000105058
:10A8300068001050700010505879002080011050AE
:10A84000F0B54F46D6464646C0B5204B84B09F6D06
:10A85000002F23D01E4B00249A46012399461D4BFE
:10A860000126984604E001347600E4B2202C15D08D
:10A870003E42F8D053469E654B4665086D00A343A3
:10A88000ED186D014544280000F038FC00280BD17C
:10A890000134B743E4B27600002FE7D104B0E0BC46
:10A8A000BA46B146A846F0BDEB8AE02103930023E7
:10A8B00001A8AA78C900018001210271437100F04A
:10A8C0003DFC280000F0B6FBE2E7C0460000115056
:10A8D00000301150347500209823F0B54646D64616
:10A8E0004F46CD4AC0B5D55880232C009B02102678
:10A8F00084B01C401D4273D0C84BC94C9A6AC94BE6
:10A9000000261A603B23E35C022B00D1FEE07B2390
:10A91000E35C022B00D11CE1BB23E35C022B00D1E2
:10A9200005E1FB23E35C022B00D163E13C23FF3311
:10A93000E35C022B00D148E17C23FF33E35C022B74
:10A9400000D12DE1BC23FF33E35C022B00D112E1E7
:10A95000FC23FF33E35C022B00D10DE2B24BE35C3E
:10A96000022B00D1F4E1B14BE35C022B00D1DBE11F
:10A97000AF4BE35C022B00D1C2E1AE4BE35C022B98
:10A9800000D1A9E1AC4BE35C022B00D190E1AB4BD1
:10A99000E35C022B00D177E1A94BE35C022B00D1F1
:10A9A0005CE1A84BE35C022B00D1FAE1002E08D158
:10A9B000A54B1B78002B04D18021A44A9033890237
:10A9C000D150C022944B01A89B6C92005B055B0D9B
:10A9D000012180240280436000F0B0FB9C4EA40261
:10A9E000EB0600D586E080235B021D4237D01C4376
:10A9F0000023984602339946964B894E9A46B37E79
:10AA0000002B17D04B4642469F1A00F091FC0128BC
:10AA100000D973E0C02200213000920100F010FB49
:10AA2000300000F007FB00F083FC012802D9874BBF
:10AA30005F661F660123F37043462036012B23D146
:10AA4000C02301A8DB00844A038002AB42CA42C390
:10AA5000012100F073FB80227C4B92021A65802357
:10AA60005B011D4213D18023DB011D4226D18023CF
:10AA70001B021D4231D1AC4200D0ACE104B0E0BCBD
:10AA8000BA46B146A846F0BD01239846B7E700266E
:10AA90001C43614B1E60FFF775FE80236A465B0016
:10AAA00093801672012101A800F048FB8022674BB9
:10AAB00012031A658023DB011D42D8D01C4380237A
:10AAC00001A8DB000380012100F038FB10225F4B5E
:10AAD0001A6580231B021D42CDD01C43A02301A870
:10AAE000DB000380012100F029FB8022574B12017B
:10AAF0001A65C0E7FFF7A4FE340074E75346464AE0
:10AB00001F66536E3B40BB42FBD183E73833E65CA4
:10AB1000002E00D1FBE60233E25C002A00D1F6E60B
:10AB200000222000E254203000F0B2FAEFE6B83301
:10AB3000E35C002B00D1F4E6BC22A15C1E000029DE
:10AB400000D1EEE600232000A354A03000F0A0FACC
:10AB5000E7E67833E35C002B00D1DDE67C22A15CE4
:10AB60001E00002900D1D7E600232000A354603046
:10AB700000F08EFAD0E6B933FF33E35C002B00D14E
:10AB8000E6E6DE225200A15C1E00002900D1DFE6CD
:10AB900020000023A130A354FF3000F079FAD7E65B
:10ABA0007933FF33E35C002B00D1CBE6BE225200A9
:10ABB000A15C1E00002900D1C4E620000023613002
:10ABC000A354FF3000F064FABCE63933FF33E35C92
:10ABD000002B00D1B0E69E225200A15C1E0000298D
:10ABE00000D1A9E6200000232130A354FF3000F05B
:10ABF0004FFAA1E6F833E35C002B00D196E6FC2285
:10AC0000A15C1E00002900D190E600232000A3547F
:10AC1000E03000F03DFA89E60000115000400540A8
:10AC200034750020D07400203B0200007B0200003D
:10AC3000BB020000FB0200003B0300007B0300009E
:10AC4000BB030000FB030000317B002000301150EB
:10AC5000100002000020115000001050604BE35C17
:10AC6000002B00D19DE6EF239B00E25C002A00D080
:10AC7000A9E05C4BE35C022B00D0A2E65A4BE35CFC
:10AC8000002B00D092E09CE6584BE35C002B00D1F7
:10AC900082E6DF229200A15C1E00002900D17BE643
:10ACA0000023A354D8239B00E01800F0F1F973E6C9
:10ACB0004F4BE35C002B00D169E6CF229200A15CF0
:10ACC0001E00002900D162E60023A354C8239B0084
:10ACD000E01800F0DDF95AE6464BE35C002B00D1AA
:10ACE00050E6BF229200A15C1E00002900D149E677
:10ACF0000023A354B8239B00E01800F0C9F941E6F3
:10AD00003D4BE35C002B00D137E6AF229200A15C03
:10AD10001E00002900D130E60023A354A8239B0085
:10AD2000E01800F0B5F928E6344BE35C002B00D1C5
:10AD30001EE69F229200A15C1E00002900D117E6AA
:10AD40000023A35498239B00E01800F0A1F90FE61C
:10AD50002B4BE35C002B00D105E68F229200A15C17
:10AD60001E00002900D1FEE50023A35488239B0088
:10AD7000E01800F08DF9F6E5F933FF33E35C002BC2
:10AD800000D1EBE5FE225200A15C1E00002900D19B
:10AD9000E4E520000023E130A354FF3000F078F90F
:10ADA000DCE5114BE35C002B00D1FFE5FF239B00AA
:10ADB000E25C002A00D104E60022E2541C3BE018C9
:10ADC00000F066F9FDE50022E254E8239B00E0185C
:10ADD00000F05EF94DE721000A48694000F0E0FA12
:10ADE000BA030000FB030000FA0300007A0300002E
:10ADF0003A030000FA020000BA0200007A020000E2
:10AE00003A020000E0910110F0B5D6464F464646A2
:10AE10000300C0B51C8B808A8A46221C844200D95C
:10AE2000021C802692B2801ADD7884B2F6009C82E1
:10AE30001643002D02D09026B601164301277D400F
:10AE4000DD705D783000002D41D151468801D96810
:10AE50001F698C46511E88468444002A32D06146C0
:10AE600002207C1C0C1BA042804108244445A441C4
:10AE700040426442044238D060463843810734D1AE
:10AE8000151FAD08691C89460020002461463D5805
:10AE900001340D500430A145F8D849468D00614673
:10AEA0004C1941467F19481BAA4209D03D782570AC
:10AEB000002805D07D786570012801D0B878A07091
:10AEC0001F699C8A8020BA1800021A613043002C46
:10AED00002D18023DB0118435346002B00D000042D
:10AEE000E0BCBA46B146A846F0BD002061463C5CD5
:10AEF0000C5401308242F9D1E2E7C0468268030077
:10AF0000F0B51068002900D0000C5A788005800D3B
:10AF1000002A08D1DA8A8218DA821A8B824201D991
:10AF200000229A82F0BDDA688901451EAC461C6990
:10AF3000561800282ED00131511825000222611A1E
:10AF40008A428941354301322A4055426A41494289
:10AF50000A4225D06246082A22D900220021051F74
:10AF6000AD080135B7580131A75004328D42F9D8E8
:10AF70006246AD0076196419571BA84209D0327891
:10AF80002270002F05D072786270012F01D0B27844
:10AF9000A2701C69DA8A24188218DA821C61BCE764
:10AFA0000022B15CA15401329042FAD11C69F1E750
:10AFB00010B50400836800211B68FFF79FFF6368DA
:10AFC0001B685B0002D5238B834200D010BD01219A
:10AFD0002000FFF793FFF9E7084A0300126C0020F6
:10AFE000920703D49A78D209012A00D07047D87EFC
:10AFF000023843425841C0B2F8E7C0460000115041
:10B0000010B5FFF7E9FF00280CD00749074B8C4625
:10B01000074A9B6A126863449B1A0020C6229A4220
:10B020004041C0B210BDC046E0FCFFFF00400540FB
:10B03000D074002000238376436103617047C046CB
:10B0400010B58368002901D01C682140002A12D065
:10B050008024E400114322420DD01A6822420CD110
:10B06000084A0A401A60084A126C920703D40C235B
:10B07000033BFDD28368196010BD8178034800F05E
:10B080008FF9C046FFFBFFFF00001150F491011043
:10B09000436870B5002180251E680400FFF7B4FEE8
:10B0A000134B6D011B6C05439B070FD5A3785B0603
:10B0B0000FD0104B1E4080239B0533436268002154
:10B0C000136020002A00FFF7BBFF70BDA378DB09E7
:10B0D000EFD0A38A002BECD001212000FFF794FED3
:10B0E000A023054ADB05324005431343E6E7C0468B
:10B0F00000001150FFFFFFAFFFFFFFDF70B5857E3F
:10B100000400002D13D0FFF753FFA38A002B01D1B9
:10B11000280070BD2000FFF773FF051E03D0012338
:10B1200000252377F4E72000FFF7B2FFF0E78178EE
:10B13000014800F035F9C04614920110F0B5CE4632
:10B14000474680B5437805000E0085B0062B12D81F
:10B150006F4A9B00D3589F4601216E4B1A788A4351
:10B160001A701A7801318A431A7000225A701A78BC
:10B1700002318A431A70684B1C686269EFF31081D0
:10B1800072B61368002BFCD0BFF35F8FA161200063
:10B19000290000F0E5F86269A369BFF35F8F002121
:10B1A000116083F31088002804D105B0C0BCB946F3
:10B1B000B046F0BD32006978287800F0E9F8F4E78D
:10B1C000564A13780133DBB21370D4E75449554F14
:10B1D000894655490024002388463A780CE04146C8
:10B1E000096863018C466344002B0AD10134E4B240
:10B1F000511C2300A14211DB9442F0D39B1A5B0146
:10B200004B44DB69002BF1D06968287898473A787D
:10B210000134E4B2511C2300A142EDDA3D4F3B78EA
:10B220005B072AD504223B7801AC93430021200020
:10B2300008323B7000F08CF82B7823700523637084
:10B24000354B1B6898465A69EFF3108172B6136844
:10B25000002BFCD0BFF35F8F43464046996121002D
:10B2600000F07EF843465A699B69BFF35F8F002167
:10B27000116083F31088002844D1FB78DB0700D4E9
:10B2800093E701AC0C220021200000F061F82B783C
:10B290002370032363706B6863601F4B1D686A69CA
:10B2A000EFF3108172B61368002BFCD0BFF35F8FF1
:10B2B000A9612800210000F053F86A69AB69BFF367
:10B2C0005F8F0021116083F31088002800D16CE7A4
:10B2D00032006178207800F05BF866E70D4B1A7851
:10B2E000D20700D461E704211A780A431A7042E7B2
:10B2F000084B1A78D20700D457E704211A788A43FA
:10B300001A7038E732006178207800F041F8B4E72D
:10B31000C8920110906B0020E86B0020327B002067
:10B32000E4920110307B0020E06900207047C046A5
:10B3300001B40248844601BC604700BF790E00108A
:10B3400001B40248844601BC604700BF651B001081
:10B3500001B40248844601BC604700BFC13C0010F4
:10B3600001B40248844601BC604700BFB57C0010B0
:10B3700001B40248844601BC604700BF113A001086
:10B3800001B40248844601BC604700BFB91C0010EC
:10B3900001B40248844601BC604700BF2D62001022
:10B3A00001B40248844601BC604700BF850E00100E
:10B3B000011000000000000000000100000000007B
:10B3C000000000000000020000000000000000007B
:10B3D0000000030000000000000000000000FF006B
:10B3E0000000000001B5486801318E4600477046F4
:10B3F00009380149884701BDB9120010000000005A
:10B40000000000000000000000000000000000003C
:10B41000B8630020000000000000000000000000F1
:10B42000503300004C33000054330000523300000E
:10B430004D5300004D4300005334000043340000DE
:10B44000E15900109159001001590010795800106D
:10B4500000000000EC6B002010000C000000000059
:10B4600000000000000000000000000000000000DC
:10B47000FF00000000400440000000000080044085
:10B4800000000000599300105193001049930010E0
:10B49000419300100000000039A2001049A40010E0
:10B4A000000000003C960110D94B0110709601106D
:10B4B000120000000000000000000000000000007A
:10B4C000000000000000000000000000000000007C
:10B4D000000000000000000000000000000000006C
:10B4E000000000000000000078960110120000002B
:10B4F000000000000000000000000000000000004C
:10B500000000000018000000000000000000000023
:10B51000000000000000000000000000000000002B
:10B5200000000000849601100200000000000000EE
:10B530000000000001000000090000000000000001
:10B5400038000000000000008DA1001091A1001043
:10B55000D1A1001099A10010A9A1001000000000C5
:10B560009C96011012000000000000000000000086
:10B57000000000000000000000000000800000004B
:10B5800000000000000000000000000000000000BB
:10B59000000000000000000000000000B096011054
:10B5A0000200000000000000000000000100000098
:10B5B00009000000000000009800000000000000EA
:10B5C000C9A10010E9A10010F1A1001019A20010FA
:10B5D00029A2001000000000CC960110120000000B
:10B5E000000000000000000000000000000000005B
:10B5F00000000000E000000000000000000000006B
:10B60000000000000000000000000000000000003A
:10B6100000000000E09601100200000000000000A1
:10B620000000000001000000090000000000000010
:10B63000F800000000000000CDA10010D9A100100A
:10B64000E1A10010F9A1001009A200100000000003
:10B65000000000000097011045A1001000950110A6
:10B660007812002045A100101C9701106C96011063
:10B6700065A30010F5A20010E1A20010D1A20010F5
:10B6800035A4001091A400104DA50010000000008A
:10B69000FC970110D94B0110B08C01100100000083
:10B6A000000000000000000000000000000000009A
:10B6B000000000000000000000000000000000008A
:10B6C000000000000000000000000000000000007A
:10B6D00000000000000000002898011045A10010A3
:10B6E0004C98011012000000000000000000000053
:10B6F000000000000000000000000000000000004A
:10B700000000000000000000000000000000000039
:10B71000000000000000000000000000549801102C
:10B720001000000000000000000000000000000009
:10B730000000000000000000080000000000000001
:10B7400000000000000000000000000000000000F9
:10B7500000000000000000000000000060980110E0
:10B7600045A10010009501108013002045A1001094
:10B770007C980110909701101DA50010F5A40010F1
:10B7800035A5001005A50010E5A4001000950110D6
:10B79000A813002045A100107C98011044980110C6
:10B7A000FDA5001099A5001039A600106DA5001088
:10B7B00055A50010B09801100D0000000000000019
:10B7C0000000000000000000000000000000000079
:10B7D0000000000000000000000000000000000069
:10B7E0000000000000000000000000000000000059
:10B7F000AC9801100C0000000000000000000000E8
:10B800000000000000000000000000000400000034
:10B810000000000000000000000000000000000028
:10B820000000000000000000000000000000000018
:10B83000B498011045A10010009501105414002087
:10B8400045A10010D0980110A4980110E9A600109D
:10B85000CDA6001009A70010A5A600102DA7001066
:10B860000899011002000000000000000000000024
:10B8700000000000000000000000000000000000C8
:10B8800000000000000000000000000000000000B8
:10B89000000000000000000000000000448D0110C6
:10B8A0000200000000000000000000000000000096
:10B8B0000000000000000000080000000000000080
:10B8C0000000000000000000000000000000000078
:10B8D00000000000000000000C99011002000000B0
:10B8E0000000000000000000000000000000000058
:10B8F0000000000010000000000000000000000038
:10B900000000000000000000000000000000000037
:10B91000000000001099011002000000000000006B
:10B920000000000000000000000000000000000017
:10B9300018000000000000000000000000000000EF
:10B9400000000000000000000000000000000000F7
:10B95000000000001499011045A100100899011081
:10B9600002000000000000000000000000000000D5
:10B9700000000000000000000000000000000000C7
:10B9800000000000000000000000000000000000B7
:10B990000000000000000000448D011002000000C3
:10B9A0000000000000000000000000000000000097
:10B9B000000000000800000000000000000000007F
:10B9C0000000000000000000000000000000000077
:10B9D000000000000C9901100200000000000000AF
:10B9E0000000000000000000000000000000000057
:10B9F0001000000000000000000000000000000037
:10BA00000000000000000000000000000000000036
:10BA1000000000003899011045A1001000950110A8
:10BA20003816002045A1001054990110FC9801100F
:10BA300041A8001011A8001079A80010CDA700108F
:10BA4000B5A80010009501106016002045A1001057
:10BA5000549901103099011091A9001069A90010A2
:10BA6000C1A9001031A90010F1A9001040A20110D5
:10BA70001096011000000000901600200000000049
:10BA8000000000007C190020E41900204C1A00205E
:10BA900000000000000000000000000000000000A6
:10BAA0000000000000000000000000000000000096
:10BAB0000000000000000000000000000000000086
:10BAC0000000000000000000000000000000000076
:10BAD0000000000000000000000000000000000066
:10BAE0000000000000000000000000000000000056
:10BAF0000000000000000000000000000000000046
:10BB00000000000000000000000000000000000035
:10BB10000000000000000000000000000000000025
:10BB20000000000000000000010000000000000014
:10BB30000E33CDAB34126DE6ECDE05000B000000D9
:10BB400000000000000000000000000000000000F5
:10BB500000000000000000000000000000000000E5
:10BB600000000000000000000000000000000000D5
:10BB700000000000000000000000000000000000C5
:10BB800000000000000000000000000000000000B5
:10BB900000000000000000000000000000000000A5
:10BBA0000000000000000000000000000000000095
:10BBB0000000000000000000000000000000000085
:10BBC0000000000000000000000000000000000075
:10BBD0000000000000000000000000000000000065
:10BBE0000000000000000000000000000000000055
:10BBF0000000000000000000000000000000000045
:10BC00000000000000000000000000000000000034
:10BC10000000000000000000000000000000000024
:10BC20000000000000000000000000000000000014
:10BC30000000000000000000000000000000000004
:10BC400000000000000000000000000000000000F4
:10BC500000000000000000000000000000000000E4
:10BC600000000000000000000000000000000000D4
:10BC700000000000000000000000000000000000C4
:10BC800000000000000000000000000000000000B4
:10BC900000000000000000000000000000000000A4
:10BCA0000000000000000000000000000000000094
:10BCB0000000000000000000000000000000000084
:10BCC0000000000000000000000000000000000074
:10BCD0000000000000000000000000000000000064
:10BCE0000000000000000000000000000000000054
:10BCF0000000000000000000000000000000000044
:10BD00000000000000000000000000000000000033
:10BD10000000000000000000000000000000000023
:10BD20000000000000000000000000000000000013
:10BD30000000000000000000000000000000000003
:10BD400000000000000000000000000000000000F3
:10BD500000000000000000000000000000000000E3
:10BD600000000000000000000000000000000000D3
:10BD700000000000000000000000000000000000C3
:10BD800000000000000000000000000000000000B3
:10BD900000000000000000000000000000000000A3
:10BDA0000000000000000000000000000000000093
:10BDB0000000000000000000000000000000000083
:10BDC0000000000000000000000000000000000073
:10BDD0000000000000000000000000000000000063
:10BDE0000000000000000000000000000000000053
:10BDF0000000000000000000000000000000000043
:10BE00000000000000000000000000000000000032
:10BE10000000000000000000000000000000000022
:10BE20000000000000000000000000000000000012
:10BE30000000000000000000000000000000000002
:10BE400000000000000000000000000000000000F2
:10BE500000000000000000000000000000000000E2
:10BE600000000000000000000000000000000000D2
:10BE700000000000000000000000000000000000C2
:10BE800000000000000000000000000000000000B2
:10BE900000000000000000000000000000000000A2
:10BEA0000000000000000000FFFFFFFF0000020094
:10BEB0000000000000000000C01A0020C01A00208E
:10BEC000C81A0020C81A0020D01A0020D01A00205A
:10BED000D81A0020D81A0020E01A0020E01A00200A
:10BEE000E81A0020E81A0020F01A0020F01A0020BA
:10BEF000F81A0020F81A0020001B0020001B002068
:10BF0000081B0020081B0020101B0020101B002015
:10BF1000181B0020181B0020201B0020201B0020C5
:10BF2000281B0020281B0020301B0020301B002075
:10BF3000381B0020381B0020401B0020401B002025
:10BF4000481B0020481B0020501B0020501B0020D5
:10BF5000581B0020581B0020601B0020601B002085
:10BF6000681B0020681B0020701B0020701B002035
:10BF7000781B0020781B0020801B0020801B0020E5
:10BF8000881B0020881B0020901B0020901B002095
:10BF9000981B0020981B0020A01B0020A01B002045
:10BFA000A81B0020A81B0020B01B0020B01B0020F5
:10BFB000B81B0020B81B0020C01B0020C01B0020A5
:10BFC000C81B0020C81B0020D01B0020D01B002055
:10BFD000D81B0020D81B0020E01B0020E01B002005
:10BFE000E81B0020E81B0020F01B0020F01B0020B5
:10BFF000F81B0020F81B0020001C0020001C002063
:10C00000081C0020081C0020101C0020101C002010
:10C01000181C0020181C0020201C0020201C0020C0
:10C02000281C0020281C0020301C0020301C002070
:10C03000381C0020381C0020401C0020401C002020
:10C04000481C0020481C0020501C0020501C0020D0
:10C05000581C0020581C0020601C0020601C002080
:10C06000681C0020681C0020701C0020701C002030
:10C07000781C0020781C0020801C0020801C0020E0
:10C08000881C0020881C0020901C0020901C002090
:10C09000981C0020981C0020A01C0020A01C002040
:10C0A000A81C0020A81C0020B01C0020B01C0020F0
:10C0B000B81C0020B81C0020C01C0020C01C0020A0
:10C0C000C81C0020C81C0020D01C0020D01C002050
:10C0D000D81C0020D81C0020E01C0020E01C002000
:10C0E000E81C0020E81C0020F01C0020F01C0020B0
:10C0F000F81C0020F81C0020001D0020001D00205E
:10C10000081D0020081D0020101D0020101D00200B
:10C11000181D0020181D0020201D0020201D0020BB
:10C12000281D0020281D0020301D0020301D00206B
:10C13000381D0020381D0020401D0020401D00201B
:10C14000481D0020481D0020501D0020501D0020CB
:10C15000581D0020581D0020601D0020601D00207B
:10C16000681D0020681D0020701D0020701D00202B
:10C17000781D0020781D0020801D0020801D0020DB
:10C18000881D0020881D0020901D0020901D00208B
:10C19000981D0020981D0020A01D0020A01D00203B
:10C1A000A81D0020A81D0020B01D0020B01D0020EB
:10C1B000B81D0020B81D0020C01D0020C01D00209B
:10C1C000C81D0020C81D0020D01D0020D01D00204B
:10C1D000D81D0020D81D0020E01D0020E01D0020FB
:10C1E000E81D0020E81D0020F01D0020F01D0020AB
:10C1F000F81D0020F81D0020001E0020001E002059
:10C20000081E0020081E0020101E0020101E002006
:10C21000181E0020181E0020201E0020201E0020B6
:10C22000281E0020281E0020301E0020301E002066
:10C23000381E0020381E0020401E0020401E002016
:10C24000481E0020481E0020501E0020501E0020C6
:10C25000581E0020581E0020601E0020601E002076
:10C26000681E0020681E0020701E0020701E002026
:10C27000781E0020781E0020801E0020801E0020D6
:10C28000881E0020881E0020901E0020901E002086
:10C29000981E0020981E0020A01E0020A01E002036
:10C2A000A81E0020A81E0020B01E0020B01E0020E6
:10C2B000B81E0020B81E0020D86900200000000031
:04C2C000000000007A
:04000005100001E9FD
:00000001FF
